;Client;Country;Currency;Transaction
0;LNWab;BULGARIA;ZAR;30043.16978023047
1;LNWab;MADAGASCAR;BGN;956.0798922660254
2;LNWab;SIERRA LEONE;TND;2446.4426758687096
3;LNWab;SWITZERLAND;BHD;138.8273499362648
4;LNWab;LAO PEOPLE'S DEMOCRATIC REP;DZD;149257.88853031598
5;LNWab;BOLIVIA;PLN;237.91903059926534
6;LNWab;VENEZUELA;RWF;855051.3359662597
7;LNWab;MYANMAR;AUD;1889.1938175321432
8;LNWab;DOMINICAN REPUBLIC;BIF;365396.27587120194
9;LNWab;ZIMBABWE;TZS;3436399.605505581
10;LNWab;PANAMA;BBD;2228.5304315722246
11;LNWab;NETHERLANDS ANTILLES;BBD;3457.956511522464
12;LNWab;ALBANIA;CLP;1102739.60281268
13;LNWab;PHILIPPINES;ILS;600.0941209482949
14;LNWab;UGANDA;BHD;524.1217133598632
15;LNWab;CANADA;KRW;2756112.835537316
16;LNWab;LIBYAN ARAB JAMAHIRIYA;SZL;37528.764728053044
17;LNWab;MEXICO;UYU;6423.017862945255
18;LNWab;CYPRUS;MXN;32809.97832609848
19;HJYa2;BERMUDA;EGP;48335.48107120339
20;HJYa2;TUNISIA;OMR;77.51708958048735
21;DFHJV;BRAZIL;SGD;502.76954216414936
22;DFHJV;TAIWAN, PROVINCE OF CHINA;KZT;1746393.3165559557
23;DFHJV;SOLOMON ISLANDS;SDG;2064613.1832739722
24;DFHJV;SOMALIA;LKR;1697751.2414045099
25;DFHJV;NAMIBIA;SEK;-79.6527321084389
26;DFHJV;UKRAINE;PEN;17222.21302830629
27;DFHJV;BRAZIL;MYR;18751.746248245385
28;DFHJV;TANZANIA, UNITED REPUBLIC OF;XPF;563616.0198332795
29;DFHJV;RWANDA;MUR;61767.18974314289
30;DFHJV;CAYMAN ISLANDS;SGD;5994.191094657317
31;DFHJV;POLAND;COP;768406.1656267919
32;DFHJV;MAURITANIA;GHS;2400.8973621128494
33;DFHJV;SOMALIA;XOF;1066844.0369897408
34;DFHJV;JORDAN;MUR;215016.5956464001
35;IJJKZ;KENYA;NAD;93644.37303217563
36;IJJKZ;DJIBOUTI;IQD;339037.34192135895
37;IJJKZ;NEPAL;XOF;158972.25612211146
38;IJJKZ;LEBANON;IQD;1790453.4007251933
39;IJJKZ;UNITED KINGDOM;ANG;11215.02451430638
40;CKNc3;EURO;MUR;45223.55387917584
41;CKNc3;BOTSWANA;CZK;19752.641897297493
42;CKNc3;ETHIOPIA;STD;38035312.08859382
43;CKNc3;VENEZUELA;DOP;90321.65380957625
44;CKNc3;UNITED ARAB EMIRATES;HKD;5983.155994788091
45;CKNc3;BULGARIA;DJF;285714.2196708319
46;CKNc3;PERU;KZT;424129.4970598296
47;FFLV3;UNITED KINGDOM;SEK;3573.2086806891093
48;FFLV3;JAPAN;PLN;2759.1177603277624
49;FFLV3;UGANDA;SOS;40033.85993037039
50;FFLV3;SWEDEN;PAB;213.1324644786514
51;FFLV3;NORWAY;PKR;90265.981437449
52;FFLV3;SWEDEN;MVR;934.2585400611528
53;FFLV3;IRAQ;SAR;1573.192760972001
54;FFLV3;PARAGUAY;MZN;12184.793339393296
55;FFLV3;BAHRAIN;KYD;76.58279467257732
56;FFLV3;THAILAND;MGA;580011.1546290701
57;FFLV3;CANADA;PGK;1802.2447126827487
58;FFLV3;BAHAMAS;NOK;952.7477716531367
59;FFLV3;COSTA RICA;RUB;5582.833424995332
60;FFLV3;GAMBIA;DOP;514.6551204828523
61;FFLV3;NEPAL;SLL;12192962.307185162
62;FFLV3;CYPRUS;BHD;180.05912581775857
63;FFLV3;DENMARK;TRY;6097.3337227508855
64;FFLV3;JAMAICA;GYD;100948.51429442938
65;FFLV3;EGYPT;CAD;598.4189165179936
66;Xaab3;AZERBAIJAN;VND;424955131.6017844
67;Xaab3;CHILE;MYR;88732.11431476675
68;Xaab3;CAMBODIA;PGK;96524.10731547818
69;Xaab3;OMAN;BZD;67331.80464625575
70;Xaab3;SOUTH AFRICA;BND;843.0191007634584
71;Xaab3;BOLIVIA;INR;2313555.7379490333
72;Xaab3;BRUNEI DARUSSALAM;BBD;26854.156942455284
73;Xaab3;PERU;TWD;257736.7843481423
74;Xaab3;CHILE;YER;8380902.818907159
75;Xaab3;NORWAY;CVE;4134861.9295115788
76;Xaab3;BERMUDA;DZD;1066568.626096545
77;Xaab3;IRAQ;DKK;149007.64289158146
78;Xaab3;BARBADOS;LAK;246205424.3212665
79;Xaab3;PAPUA NEW GUINEA;WST;109227.64368590154
80;Xaab3;MOROCCO;DKK;132346.7068533985
81;JMMWa;SOLOMON ISLANDS;BMD;256.45869853816214
82;JMMWa;IRAQ;LVL;61.35858872254586
83;JMMWa;CROATIA;LAK;1368225.6283775966
84;JMMWa;TONGA;ANG;267.3459097054003
85;JMMWa;LIBERIA;DZD;94179.97881029616
86;JMMWa;SWITZERLAND;MRO;326005.59228262684
87;JMMWa;SYRIAN ARAB REPUBLIC;MZN;13785.833423789982
88;JMMWa;QATAR;BIF;2500832.2730616597
89;JMMWa;UNITED KINGDOM;ANG;2142.065130147792
90;JMMWa;UKRAINE;DZD;117322.42176640933
91;JMMWa;GUINEA;JMD;187466.0583977652
92;JMMWa;GUYANA;BWP;10724.801646791906
93;JMMWa;HONG KONG;SYP;396925.0025166942
94;HWWZa;MEXICO;BHD;10768.170860427244
95;HWWZa;EGYPT;GYD;19497908.623770118
96;HWWZa;BULGARIA;JPY;3766554.992805992
97;HWWZa;CAMBODIA;MXN;362117.67103620834
98;HWWZa;PHILIPPINES;NOK;2850.8567289189486
99;HWWZa;DOMINICAN REPUBLIC;SZL;83815.92289155046
100;GHJZ3;LEBANON;MZN;42444.19446651732
101;GHJZ3;JAPAN;OMR;455.85978133003147
102;GHJZ3;HONDURAS;BBD;1752.2607203969844
103;FMa11;RWANDA;TWD;248399.50582637108
104;FMa11;HONG KONG;ARS;2091472.5448030292
105;FMa11;JAPAN;COP;54601158.80769294
106;FMa11;PANAMA;NPR;76780.66041805423
107;FMa11;BHUTAN;CAD;1116.0534574799199
108;FMa11;MADAGASCAR;DKK;69740.03278064604
109;FMa11;CZECH REPUBLIC;PKR;2423838.4091391037
110;FMa11;AUSTRALIA;XCD;27790.18211575214
111;FMa11;UNITED ARAB EMIRATES;NGN;3467689.215530612
112;FMa11;SYRIAN ARAB REPUBLIC;BWP;71292.06779692681
113;FMa11;ALBANIA;BSD;8316.836901324596
114;FMa11;JAMAICA;JOD;1764.748025841168
115;FMa11;SERBIA;NIO;336689.7338180004
116;FMa11;ALGERIA;BND;5792.46758919366
117;FMa11;LAO PEOPLE'S DEMOCRATIC REP;MMK;24641465.337881904
118;FMa11;KAZAKHSTAN;PES;1926261.3036982547
119;FMa11;SAMOA;KYD;1204.7321119895835
120;FMa11;GUINEA;BHD;3820.1076565940916
121;GIccc;LIBERIA;HTG;432817.5698027187
122;GIccc;CYPRUS;LVL;1080.5482895088317
123;GIccc;URUGUAY;LAK;52891339.96990444
124;GIccc;POLAND;UAH;53528.607692250225
125;GIccc;ALGERIA;AWG;5086.614878275242
126;GIccc;VIET NAM;NZD;5093.057371145336
127;GIccc;GAMBIA;PYG;9091520.591339005
128;GIccc;CANADA;RON;2875.7694885621445
129;GIccc;ALGERIA;WST;3808.52356605723
130;GIccc;LIBERIA;IQD;2954886.203792269
131;GIccc;CROATIA;BYR;99460664.3789606
132;GIccc;CHINA;LYD;8348.84950461719
133;GIccc;PAPUA NEW GUINEA;ALL;347174.69122952176
134;GIccc;CAYMAN ISLANDS;CYP;479.13937972080186
135;GIccc;ICELAND;LRD;344211.0195213015
136;GIccc;PARAGUAY;SEK;14251.911408584125
137;DEFIV;HUNGARY;GMD;36127.07759935035
138;DEFIV;YEMEN;ILS;2690.474243044769
139;DEFIV;MYANMAR;BBD;4332.206319364366
140;DEFIV;CZECH REPUBLIC;AOA;1386038.8751850692
141;DEFIV;KAZAKHSTAN;HRK;7077.97716415806
142;DEFIV;POLAND;RON;1235.5446757853624
143;DEFIV;FRENCH POLYNESIA;CAD;3866.0608855362175
144;DEFIV;FRENCH POLYNESIA;BIF;5559664.634870097
145;DEFIV;CHILE;AOA;1276127.0787204164
146;DEFIV;LAO PEOPLE'S DEMOCRATIC REP;LAK;40034941.993063875
147;GLZ22;QATAR;LAK;2292746.327357834
148;GLZ22;PAPUA NEW GUINEA;JOD;118.40770499537038
149;GLZ22;INDIA;KYD;106.47410855119362
150;GLZ22;HONDURAS;UYU;648.2708505306709
151;GLZ22;GHANA;CVE;16576.284008199294
152;GLZ22;KAZAKHSTAN;TTD;1216.7780604051086
153;GLZ22;JORDAN;JMD;26519.20819171188
154;GLZ22;LATVIA;UYU;7005.843963777842
155;GLZ22;SURINAME;BOB;660.4120961774559
156;BBXYZ;KENYA;TTD;600.4005523647252
157;BBXYZ;PERU;ANG;2668.527153430706
158;BBXYZ;ALGERIA;CRC;1443484.7048935702
159;BBXYZ;PANAMA;UYU;50879.67666119392
160;BBXYZ;GUYANA;LRD;167708.52357031594
161;BBXYZ;CENTRAL AFRICAN REPUBLIC;KES;171511.86500578918
162;BBXYZ;CANADA;NPR;294351.2798281741
163;BBXYZ;CENTRAL AFRICAN REPUBLIC;CHF;1630.5199082952831
164;BBXYZ;MALAYSIA;LBP;3544331.0439578295
165;BBXYZ;NIGERIA;SOS;817738.681947409
166;BBXYZ;IRAN (ISLAMIC REPUBLIC OF);THB;15587.940221762092
167;BBXYZ;TONGA;UAH;7072.883730921745
168;BBXYZ;CROATIA;MXN;12961.089529709738
169;BBXYZ;DOMINICAN REPUBLIC;GYD;218462.765363781
170;BBXYZ;GUINEA;VND;2268637.985924897
171;KLLbb;IRAN (ISLAMIC REPUBLIC OF);CRC;1647370.3618259653
172;KLLbb;MACAU;SBD;108613.82616911597
173;KLLbb;CZECH REPUBLIC;BDT;468892.31179978565
174;KLLbb;SERBIA;BRL;46965.10389416121
175;KLLbb;MAURITANIA;WST;27896.336117388764
176;KLLbb;UNITED KINGDOM;MRO;3551840.2782351184
177;KLLbb;MAURITANIA;AZN;18739.724735755524
178;KLLbb;YEMEN;TRY;162509.22074699381
179;KLLbb;TONGA;ARS;756757.5484083074
180;KLLbb;URUGUAY;AUD;3276.3700481018714
181;KLLbb;KENYA;DOP;621802.5584708597
182;KLLbb;CHILE;FJD;15897.578074812498
183;KLLbb;MYANMAR;LAK;232446774.6073207
184;KLLbb;LAO PEOPLE'S DEMOCRATIC REP;SVC;104535.02833468512
185;KLLbb;SWEDEN;LYD;45068.52644775218
186;FKXXb;BANGLADESH;QAR;26588.61106032721
187;FKXXb;UNITED ARAB EMIRATES;VES;190268.94363408434
188;FKXXb;TURKEY;ZWL;5277090.660684471
189;FKXXb;PERU;SOS;8812212.03566876
190;FKXXb;YEMEN;ISK;2451813.4145117714
191;FKXXb;PARAGUAY;SDG;8194175.005851965
192;FKXXb;ETHIOPIA;SYP;354614.33332591964
193;FKXXb;DENMARK;GNF;136636056.5115672
194;FKXXb;ICELAND;BTN;715827.3256688981
195;FKXXb;GAMBIA;BZD;-159.1764885618896
196;FKXXb;NIGERIA;KES;1710891.0179266778
197;FKXXb;LIBERIA;OMR;5978.208192237466
198;FKXXb;GAMBIA;RUB;997474.252543709
199;FKXXb;CAPE VERDE;DZD;1731078.2014699688
200;FKXXb;EL SALVADOR;FJD;183.4841495977277
201;EEJab;COSTA RICA;BIF;25051314.731523797
202;EEJab;CROATIA;XCD;28703.480373886094
203;EEJab;ETHIOPIA;LVL;7182.331945298793
204;EEJab;MALAWI;PYG;71147017.1196937
205;EEJab;AUSTRALIA;HRK;58507.82990679426
206;EEJab;THAILAND;LBP;2172905.19245832
207;EEJab;BULGARIA;LYD;16831.023518490292
208;EEJab;HONDURAS;QAR;4822.972495896007
209;EEJab;TUNISIA;CYP;5282.639809113955
210;EEJab;BELARUS;BOB;7060.727845457895
211;EEJab;KENYA;WST;-25.6802842858066
212;EEJab;GHANA;MVR;71787.24225133915
213;EEJab;SWITZERLAND;BYR;8704565.284951527
214;EEJab;SAUDI ARABIA;EUR;8300.270709161492
215;EEJab;ANGOLA;LRD;129339.36364871183
216;EEJab;PAKISTAN;CYP;4616.395291148558
217;EEJab;CROATIA;KYD;4810.415269464958
218;CFJXZ;LEBANON;SCR;15248.935530359186
219;CFJXZ;TAIWAN, PROVINCE OF CHINA;KRW;1622450.4996339597
220;CFJXZ;MADAGASCAR;MOP;6730.206639547794
221;CFJXZ;SWAZILAND;AUD;1565.8696948421261
222;CFJXZ;BRUNEI DARUSSALAM;SVC;4716.619370104973
223;CFJXZ;GHANA;IDR;10645443.399144758
224;CFJXZ;UNITED ARAB EMIRATES;INR;15141.096273805106
225;DVVXX;NICARAGUA;SBD;222762.52901301565
226;DVVXX;MAURITIUS;BTN;3294125.6608649013
227;DVVXX;CZECH REPUBLIC;SBD;9485.814071730258
228;DVVXX;RWANDA;IRR;887478788.7540469
229;DVVXX;LATVIA;ZWL;20766582.102626044
230;DVVXX;COLOMBIA;MZN;2592057.3070108867
231;DVVXX;BAHAMAS;LRD;3627332.3688182156
232;DVVXX;IRAN (ISLAMIC REPUBLIC OF);ALL;3974377.5559366583
233;DVVXX;BANGLADESH;BRL;121966.6971223259
234;DVVXX;CROATIA;BRL;63383.05433486936
235;DVVXX;ZIMBABWE;DZD;4678052.419580663
236;DVVXX;CAPE VERDE;KYD;3130.324400282145
237;DVVXX;BAHAMAS;CHF;31848.0944755365
238;DVVXX;ROMANIA;JOD;11768.127084253
239;JJJKW;NORWAY;RUB;14864.114515804735
240;JJJKW;MAURITANIA;OMR;185.48104685769277
241;JJJKW;ICELAND;BYR;39261449.95057573
242;JJJKW;VANUATU;SYP;254748.96935845696
243;JJJKW;ARUBA;NPR;25530.143924590804
244;JJJKW;AUSTRALIA;SOS;889001.344476938
245;JJJKW;MEXICO;MWK;305425.5359498308
246;JJJKW;PERU;MWK;561409.3768720436
247;JJJKW;FIJI;PKR;173027.73167457953
248;JJJKW;KENYA;SGD;12.102932431728918
249;JJJKW;MAURITIUS;SEK;8466.75603019418
250;JJJKW;AUSTRALIA;AUD;335.2733309288276
251;JJJKW;SURINAME;XAF;1147288.5980075344
252;JJJKW;GHANA;HKD;5478.114354535332
253;JJJKW;TONGA;LYD;3895.3775453020007
254;JJJKW;SOMALIA;YER;137090.3461730192
255;GKWZ3;LIBERIA;KHR;104385765.34525877
256;GKWZ3;TONGA;ZMW;66494.2185435135
257;GKWZ3;TRINIDAD AND TOBAGO;ARS;2454503.2306625647
258;GKWZ3;LAO PEOPLE'S DEMOCRATIC REP;IDR;447445278.14574
259;GKWZ3;ALGERIA;AED;77076.08094540132
260;GKWZ3;RWANDA;ZWL;11538371.23230868
261;GKWZ3;CHILE;HUF;7938853.096697193
262;GKWZ3;KOREA, REPUBLIC OF;HTG;4278856.573341147
263;GKWZ3;THAILAND;ETB;776475.3668122519
264;GKWZ3;TONGA;RON;30894.16301707606
265;GKWZ3;COSTA RICA;TOP;29140.834438792688
266;HVWY2;IRAN (ISLAMIC REPUBLIC OF);BBD;18840.71444536428
267;HVWY2;SOLOMON ISLANDS;TND;14978.068027962008
268;HVWY2;CZECH REPUBLIC;XOF;8549719.540561253
269;HVWY2;LAO PEOPLE'S DEMOCRATIC REP;ILS;37005.231978318
270;KLLVb;NETHERLANDS ANTILLES;SVC;55235.43692982988
271;KLLVb;DJIBOUTI;SEK;143542.30571640536
272;KLLVb;TURKEY;MUR;77149.0008888198
273;KLLVb;COSTA RICA;SGD;23962.421084185822
274;KLLVb;PARAGUAY;TND;39409.8883787209
275;KLLVb;MACAU;HUF;3585134.522863167
276;KLLVb;UGANDA;PEN;2227.335314568624
277;KLLVb;SURINAME;UAH;312277.32142849686
278;KLLVb;SURINAME;BWP;142783.42682153056
279;KLLVb;PERU;DOP;132048.8777401121
280;KLLVb;RWANDA;GNF;10087655.832986923
281;KLLVb;CHILE;GTQ;14258.402288434416
282;KLLVb;BRUNEI DARUSSALAM;XOF;10625000.018289996
283;KLLVb;HONG KONG;RUB;545849.3017728713
284;KLLVb;CZECH REPUBLIC;MWK;8462386.625854215
285;HLYac;CAMBODIA;JMD;1793925.3505357774
286;HLYac;JAMAICA;BWP;6588.081888428755
287;HLYac;SWITZERLAND;MAD;54487.14670371858
288;HLYac;DOMINICA;ARS;2849449.514611341
289;HLYac;NORWAY;PEN;23207.801394252772
290;HLYac;MAURITIUS;ZMW;221150.45048071689
291;HLYac;BARBADOS;BIF;12257241.28287614
292;HLYac;BULGARIA;BZD;6138.150569564273
293;HLYac;SRI LANKA;AED;53741.01127337663
294;HLYac;KENYA;MAD;104542.83959254796
295;HLYac;NAMIBIA;SCR;141387.6002480139
296;HLYac;SAUDI ARABIA;PEN;-59.91687106949941
297;HLYac;BELIZE;PAB;13536.219789117742
298;HLYac;BOLIVIA;GBP;9482.606501888995
299;HLYac;ETHIOPIA;RSD;1135547.2097144106
300;HLYac;MEXICO;PES;2818802.43102486
301;HLYac;BELIZE;GHS;61250.01900079501
302;HLYac;SUDAN;GYD;2513345.928349377
303;JNXYY;UGANDA;ISK;155078.07206556294
304;VXZZa;GUATEMALA;MGA;80360914.18638086
305;VXZZa;FRENCH POLYNESIA;NPR;1855964.0787940754
306;VXZZa;MOROCCO;SDG;4218489.756521261
307;VXZZa;NICARAGUA;SZL;410363.9859393911
308;VXZZa;UGANDA;MXN;344171.9458546732
309;VXZZa;TANZANIA, UNITED REPUBLIC OF;AWG;35066.08842304237
310;VXZZa;UKRAINE;XAF;6508241.518603692
311;VXZZa;INDIA;SBD;-866.2703666737921
312;VXZZa;TRINIDAD AND TOBAGO;GTQ;53112.43805755532
313;VXZZa;PHILIPPINES;PYG;79210062.38035834
314;HMMc3;BAHAMAS;ALL;8379.305670935095
315;HMMc3;NEW ZEALAND;PHP;31068.67570715026
316;HMMc3;LATVIA;NOK;4534.714648411447
317;HMMc3;JAPAN;MGA;2478268.3501541996
318;HMMc3;TUNISIA;VES;9363.556488389637
319;HMMc3;TAIWAN, PROVINCE OF CHINA;UGX;2146479.8375289524
320;HMMc3;ARUBA;TRY;11771.313719057584
321;HMMc3;BAHRAIN;UGX;2491028.3968391214
322;HMMc3;TURKEY;CLP;41052.38393047239
323;HIIJZ;INDIA;UYU;74347.85773321202
324;HIIJZ;DOMINICA;PKR;33739.566472907754
325;HIIJZ;LIBYAN ARAB JAMAHIRIYA;SOS;1239080.5583942423
326;HIIJZ;NORWAY;CZK;10547.383486705063
327;BLWW1;UGANDA;TRY;22286.650797283088
328;BLWW1;UGANDA;SAR;5672.232026278024
329;BLWW1;MALDIVES;AZN;2784.1724605724407
330;BLWW1;QATAR;MOP;13817.652742934773
331;BLWW1;MALDIVES;SYP;456886.47125209495
332;EEM23;MOZAMBIQUE;TWD;18191.61515795412
333;EEM23;KENYA;BWP;8862.60818761982
334;EEM23;ALBANIA;PES;74288.16278142118
335;EEM23;BANGLADESH;HTG;52275.29657124688
336;EEM23;HAITI;KWD;130.70008215999638
337;EEM23;THAILAND;MOP;4023.1665194216052
338;EEM23;GUINEA;TZS;1009265.0035047745
339;EEM23;RUSSIAN FEDERATION;SYP;322523.71701205685
340;EEM23;CYPRUS;NPR;61350.76135332277
341;EEM23;RUSSIAN FEDERATION;NAD;117.35637641309357
342;EEM23;MOROCCO;NGN;250786.86780057813
343;EEM23;KUWAIT;YER;121894.98648767621
344;EEM23;MEXICO;GNF;5379769.60872761
345;EEM23;SERBIA;GNF;5888914.746122321
346;EEM23;YEMEN;XOF;405588.4056220156
347;EEM23;ANGOLA;PKR;104327.45046955219
348;EEM23;DENMARK;DZD;79859.20879978791
349;EEM23;CYPRUS;THB;3182.0558099104696
350;EEM23;KAZAKHSTAN;NGN;230460.18806244063
351;EEM23;KUWAIT;SOS;4627.190438291598
352;FGIcc;SAUDI ARABIA;SGD;38.303717082612195
353;FGIcc;OMAN;TZS;273133.1080461853
354;FGIcc;SAUDI ARABIA;IRR;2276497.315697482
355;FGIcc;MALAYSIA;XCD;200.38029957245035
356;FGIcc;INDONESIA;MGA;17524.752820912632
357;FGIcc;NAMIBIA;UYU;2294.46377960197
358;FGIcc;EGYPT;KZT;44815.15589120083
359;FGIcc;GHANA;GBP;83.19161547291044
360;FGIcc;KENYA;MGA;274415.78823725804
361;FGIcc;VENEZUELA;TND;194.40592048944757
362;FGIcc;AUSTRALIA;IDR;1319511.4158852
363;FGIcc;FRENCH POLYNESIA;STD;239024.88835931025
364;FGIcc;NORWAY;FJD;132.8146717473669
365;FGIcc;FRENCH POLYNESIA;CLP;100262.58734520178
366;FGIcc;CAMBODIA;XAF;61653.798407464004
367;BEFGL;BOLIVIA;TZS;5736570.68090323
368;BEFGL;BULGARIA;LRD;862811.2346311708
369;BEFGL;PERU;DJF;46356.686768564745
370;BEFGL;SYRIAN ARAB REPUBLIC;PAB;7825.368268996304
371;BEFGL;VIET NAM;RON;13171.002806458759
372;BEFGL;PHILIPPINES;SEK;64715.07378397624
373;BEFGL;BAHRAIN;GYD;2023453.5430391743
374;BEFGL;ROMANIA;TWD;239310.95234018535
375;BEFGL;ARGENTINA;KES;755641.7766175896
376;BEFGL;SWEDEN;MWK;10099773.310957372
377;DHYYZ;CROATIA;LKR;297245.05050752225
378;DHYYZ;ARGENTINA;KRW;1075430.5382148363
379;DHYYZ;SOMALIA;CZK;10351.412257334263
380;DHYYZ;UGANDA;RUB;11290.195393000497
381;DHYYZ;NICARAGUA;TRY;14445.572745048703
382;DHYYZ;SAMOA;HRK;5380.96956328879
383;DHYYZ;SOLOMON ISLANDS;NPR;80749.77581366863
384;DHYYZ;DOMINICA;MZN;50619.69046149925
385;DHYYZ;BURUNDI;VND;20894776.598783955
386;DHYYZ;RWANDA;BRL;3412.137933161792
387;DHYYZ;OMAN;BND;387.33589133817674
388;DHYYZ;SAMOA;DZD;99263.1158124587
389;EGKKN;GUINEA;SCR;376269.46485423384
390;EGKKN;HONDURAS;XOF;10119506.054166095
391;EGKKN;PAKISTAN;IRR;954750338.0240718
392;EGKKN;TURKEY;DJF;4453327.337328571
393;EGKKN;VANUATU;HNL;547295.2425643239
394;EGKKN;SUDAN;MZN;222530.0259900152
395;EGKKN;ARGENTINA;MAD;299851.0035401309
396;EGKKN;ROMANIA;COP;23029034.644819338
397;EGKKN;NIGERIA;AZN;40386.87788856381
398;EGKKN;SINGAPORE;QAR;70345.70865258409
399;EGKKN;MALAWI;LYD;72335.13731676819
400;EGKKN;PERU;QAR;73127.28011949139
401;EGKKN;GUATEMALA;CNY;206713.48936778944
402;EGKKN;CENTRAL AFRICAN REPUBLIC;ILS;107027.7416344299
403;EGKKN;BULGARIA;ETB;579438.0448174984
404;EGKKN;VENEZUELA;RWF;7587543.674929022
405;EGKKN;CAYMAN ISLANDS;HUF;5065358.562649524
406;EGKKN;BELARUS;CVE;1438507.0075032318
407;EGKKN;BARBADOS;NAD;10388.242866428738
408;EGKKN;KENYA;NIO;409389.09529952053
409;EGGLc;CAPE VERDE;MGA;3716448.782831579
410;EGGLc;SUDAN;ARS;157584.99378321852
411;EGGLc;GUINEA;AWG;1475.3122728446751
412;EGGLc;NICARAGUA;AUD;380.9693174321628
413;EGGLc;SURINAME;KWD;274.4235483470994
414;EGGLc;MYANMAR;DOP;103250.28809159927
415;EGGLc;ZIMBABWE;BRL;9742.025883182017
416;EGGLc;PAPUA NEW GUINEA;TWD;61310.47296643218
417;EGGLc;CAYMAN ISLANDS;LYD;667.6252842179482
418;EGGLc;DOMINICAN REPUBLIC;DJF;261430.90700528192
419;EGGLc;DJIBOUTI;NIO;48674.53429576826
420;EGGLc;SRI LANKA;MUR;63159.68132669458
421;EGGLc;SWITZERLAND;XCD;3141.2648641809187
422;HJV33;AZERBAIJAN;AWG;1166.190186975088
423;HJV33;CAYMAN ISLANDS;MAD;12627.879759748152
424;HJV33;UNITED KINGDOM;VND;28450091.43238139
425;HJV33;ZIMBABWE;BHD;818.3900355363878
426;HJV33;TURKEY;SZL;49101.5701158924
427;HJV33;VIET NAM;KZT;60699.16529990252
428;HJV33;SAUDI ARABIA;AED;3876.1981367331864
429;HJV33;MADAGASCAR;DJF;30361.606473781347
430;HJV33;NEPAL;AOA;1307001.686890243
431;HJV33;ALGERIA;MWK;410163.38101740956
432;HJV33;DENMARK;ARS;141570.92185493483
433;AEVXZ;SOUTH AFRICA;XCD;3055.449001244947
434;AEVXZ;TURKEY;BRL;4269.816219637019
435;AEVXZ;INDIA;BND;713.6428775628813
436;AEVXZ;GAMBIA;BMD;738.0875304911384
437;AEVXZ;AZERBAIJAN;GMD;52982.6411454691
438;AEVXZ;HUNGARY;TZS;1466312.4927369507
439;AEVXZ;BRAZIL;SCR;3859.994354632464
440;AEVXZ;HONDURAS;NIO;35216.52019276765
441;AEVXZ;ZIMBABWE;SLL;11650309.456793984
442;AEVXZ;PERU;XOF;334200.30423590826
443;AEVXZ;AZERBAIJAN;THB;4115.897122056683
444;AEVXZ;GUINEA;CYP;408.3447450711087
445;AEVXZ;BAHRAIN;MUR;21941.171646959952
446;AEVXZ;CHILE;RSD;113179.41612654735
447;AGIK2;BAHAMAS;CNY;136318.67966501415
448;AGIK2;LIBYAN ARAB JAMAHIRIYA;SEK;146667.85510449426
449;AGIK2;HONG KONG;AUD;5208.633042517962
450;AGIK2;BANGLADESH;OMR;6752.908145354854
451;HHNNX;TONGA;GBP;356.2015237062341
452;BXY13;MEXICO;UYU;261931.44275820683
453;BXY13;SWITZERLAND;BOB;15624.239333193176
454;BXY13;VENEZUELA;JOD;1102.5015380231498
455;BXY13;BELIZE;PHP;147505.25786861437
456;BXY13;RUSSIAN FEDERATION;BOB;12470.94065138029
457;BXY13;QATAR;CZK;68253.55577454793
458;BXY13;ICELAND;VND;127295728.693825
459;BXY13;BERMUDA;LYD;18257.41854851043
460;BXY13;UGANDA;GNF;34130467.363755606
461;BXY13;DJIBOUTI;IQD;6922345.987518777
462;BXY13;PAPUA NEW GUINEA;FJD;15368.919809227884
463;BXY13;RUSSIAN FEDERATION;ANG;7817.686695425354
464;BXY13;TOGO;GHS;60024.961280186995
465;BXY13;SAUDI ARABIA;IQD;9308256.585445233
466;AAHbb;ISRAEL;TZS;14330329.323270591
467;AAHbb;MOZAMBIQUE;BYR;214429840.6694431
468;AAHbb;BOLIVIA;TWD;413036.2585503861
469;AAHbb;CAMBODIA;SDG;428505.44439748424
470;AAHbb;JAPAN;KHR;17323120.120482534
471;AAHbb;GHANA;THB;98119.594282246
472;AAHbb;SAMOA;KRW;5848326.111977451
473;AAHbb;ALBANIA;SGD;4224.432157786877
474;AAHbb;VIET NAM;SEK;5885.720686351526
475;AAHbb;TONGA;JOD;7193.146332227603
476;AAHbb;MALAYSIA;SOS;5758869.015609534
477;AAHbb;PAPUA NEW GUINEA;BND;9332.380683567206
478;AAHbb;CROATIA;JOD;1055.6494617262354
479;AAHbb;JAMAICA;HUF;5026722.759046433
480;BNYZb;NAMIBIA;BND;18533.096931779863
481;BNYZb;LATVIA;BSD;10433.224337395259
482;BNYZb;SOLOMON ISLANDS;ISK;188793.46815113307
483;BNYZb;GAMBIA;BWP;176130.16497389346
484;BNYZb;SWITZERLAND;MMK;17284827.765796904
485;BNYZb;BULGARIA;PES;1316779.646774191
486;BNYZb;BHUTAN;ISK;669277.318374633
487;KXXbb;UGANDA;DOP;167751.76863940022
488;KXXbb;JAPAN;MGA;11686.16548089626
489;KXXbb;GUATEMALA;MOP;5229.020227226727
490;KXXbb;ICELAND;MOP;3360.6247714816236
491;KXXbb;SRI LANKA;PLN;594.224910617375
492;KXXbb;RWANDA;LYD;12488.372038668356
493;KXXbb;KENYA;OMR;1117.9012232429618
494;KXXbb;HONG KONG;GTQ;11895.103428809678
495;KXXbb;KOREA, REPUBLIC OF;GHS;-555.2207849512347
496;KXXbb;NIGERIA;UAH;129304.10446629766
497;KXXbb;FRENCH POLYNESIA;JOD;1899.8060557693047
498;JKNc1;MAURITIUS;ANG;19365.201354834506
499;JKNc1;BOTSWANA;VUV;1362631.3258126525
500;JKNc1;ARGENTINA;HUF;4454961.682342483
501;JKNc1;SAMOA;NIO;67194.6072944194
502;JKNc1;ROMANIA;SAR;31454.434104350654
503;JKNc1;TUNISIA;DOP;292300.13858262706
504;IINXc;NETHERLANDS ANTILLES;BRL;37456.39062692461
505;IINXc;CROATIA;DKK;5261.6866416037865
506;IINXc;AUSTRALIA;LRD;1410149.7258042595
507;IINXc;CHINA;HRK;61063.27541507308
508;IINXc;HAITI;SZL;80332.22119773537
509;IINXc;CZECH REPUBLIC;NZD;10748.032683699563
510;IINXc;BAHRAIN;RWF;1582195.2052918295
511;IINXc;CENTRAL AFRICAN REPUBLIC;IDR;44727354.52959316
512;IINXc;FIJI;BYR;184633707.99333856
513;IINXc;NEW ZEALAND;AED;35068.27473469632
514;IINXc;SRI LANKA;PYG;60964677.22838463
515;IINXc;CHILE;BZD;8508.677717715034
516;IINXc;ETHIOPIA;GBP;8110.66545079079
517;IINXc;CHILE;RWF;2977652.8109853934
518;IINXc;IRAQ;KWD;912.8394672684842
519;IINXc;SYRIAN ARAB REPUBLIC;NIO;93702.29805909446
520;IINXc;YEMEN;BWP;33968.30171787636
521;AHaab;EURO;RWF;6583451.992590231
522;AHaab;UNITED ARAB EMIRATES;PGK;27133.087684272763
523;AHaab;DJIBOUTI;MXN;102070.21076546273
524;AHaab;HONG KONG;OMR;2432.168228639273
525;AHaab;MACAU;HTG;575968.6977017618
526;AHaab;SOUTH AFRICA;AED;10461.954099680375
527;AHaab;CAMBODIA;GMD;412226.184239724
528;AHaab;DOMINICA;SVC;1191.7126877513845
529;JKNYZ;TOGO;ZMW;209145.54509501043
530;JKNYZ;VIET NAM;AUD;530.1750597775782
531;JKNYZ;MOROCCO;DOP;-239.32528686174268
532;JKNYZ;NAMIBIA;GBP;6697.93040077339
533;DMMWa;TRINIDAD AND TOBAGO;DOP;20604.08008830718
534;DMMWa;NIGERIA;KWD;304.61776905991366
535;DMMWa;HONDURAS;KWD;95.65419564770646
536;DMMWa;TANZANIA, UNITED REPUBLIC OF;BMD;2122.0417421816874
537;DMMWa;KENYA;NGN;802644.2405052634
538;DMMWa;SRI LANKA;PAB;1776.4539189257914
539;DMMWa;THAILAND;LKR;682826.3928803934
540;DMMWa;TANZANIA, UNITED REPUBLIC OF;BRL;8181.668621123017
541;CJXZb;CYPRUS;STD;-1227500.6470729543
542;CJXZb;BANGLADESH;JOD;4986.559887986229
543;CJXZb;CROATIA;SBD;231764.98844432455
544;CJXZb;CROATIA;GYD;1646824.3337768624
545;CJXZb;LEBANON;UGX;125485473.44721945
546;CJXZb;MAURITANIA;LYD;18559.212779400903
547;HWYZZ;QATAR;BGN;78049.91602840723
548;HWYZZ;EL SALVADOR;ANG;4104.153268969768
549;HWYZZ;BRUNEI DARUSSALAM;SDG;28070845.793086953
550;HWYZZ;INDIA;BYR;1169592560.2540689
551;HWYZZ;TURKEY;ANG;20399.660182813663
552;IJKb1;MADAGASCAR;AUD;4045.379178442811
553;IJKb1;SWEDEN;ETB;36849.94925608062
554;IJKb1;CHINA;NIO;75847.26428546537
555;IJKb1;SRI LANKA;KES;270256.09504116233
556;IJKb1;VIET NAM;STD;-19625.689652028243
557;IJKb1;ANGOLA;MMK;4461993.830253815
558;IJKb1;SWAZILAND;MOP;20483.98240754219
559;IJKb1;EL SALVADOR;BDT;110077.1753522151
560;IJKb1;CAPE VERDE;UAH;52888.17139276635
561;IJKb1;OMAN;HNL;20644.938683443783
562;IJKb1;VIET NAM;SGD;900.0442527361434
563;IJKb1;PARAGUAY;BND;1403.9004436037587
564;IJKb1;ARGENTINA;AOA;225153.68993864165
565;IJKb1;RUSSIAN FEDERATION;BDT;31507.80447743923
566;IJKb1;HONDURAS;ZWL;332339.69188653067
567;IJKb1;NEW ZEALAND;BHD;120.52583371039292
568;IJKb1;EURO;SBD;8488.505553420193
569;FGGGJ;DJIBOUTI;NGN;7240267.914629168
570;FGGGJ;LIBERIA;MWK;44924883.57043507
571;FGGGJ;THAILAND;UGX;175032615.16608348
572;FGGGJ;FIJI;INR;5202100.97324322
573;FGGGJ;AUSTRALIA;XOF;8686021.093714101
574;FGGGJ;SUDAN;SOS;27943313.12547865
575;FGGGJ;AZERBAIJAN;GTQ;523492.16860525426
576;FGGGJ;CZECH REPUBLIC;MWK;52479299.10300977
577;FGGGJ;SERBIA;LBP;37561642.75257202
578;FGGGJ;CENTRAL AFRICAN REPUBLIC;BRL;176475.86695082838
579;FGGGJ;JAPAN;LBP;71450000.36535288
580;XXbc1;ARGENTINA;DZD;2021798.322863537
581;XXbc1;UKRAINE;MVR;144520.4115858689
582;XXbc1;JAPAN;TRY;136213.40989727897
583;XXbc1;IRAQ;SGD;27188.19344063555
584;XXbc1;SWAZILAND;SOS;9710236.824715273
585;XXbc1;GAMBIA;SOS;9665984.443352642
586;XXbc1;BELIZE;NAD;387908.7054231808
587;XXbc1;IRAN (ISLAMIC REPUBLIC OF);MUR;1133065.188372975
588;XXbc1;GUINEA;GHS;38445.87021994017
589;XXbc1;NICARAGUA;VES;424830.59247728565
590;XXbc1;VANUATU;ALL;2755721.4971870473
591;XXbc1;PHILIPPINES;KRW;27174794.939402215
592;XXbc1;SAUDI ARABIA;BRL;36692.97477180109
593;XXbc1;COSTA RICA;SCR;305920.1405173921
594;LXXZ1;ANGOLA;SEK;2803.75526075187
595;LXXZ1;BURUNDI;QAR;73202.99663205144
596;LXXZ1;COSTA RICA;ETB;1287132.565274137
597;LXXZ1;SAO TOME AND PRINCIPE;KHR;9874583.98810576
598;LXXZ1;SYRIAN ARAB REPUBLIC;HUF;1039209.7847494849
599;LXXZ1;CENTRAL AFRICAN REPUBLIC;PLN;-730.6906276353074
600;LXXZ1;KENYA;NGN;5865906.998829005
601;LXXZ1;NORWAY;SRD;426283.1011932625
602;LXXZ1;IRAN (ISLAMIC REPUBLIC OF);BOB;112934.25246171131
603;LXXZ1;IRAQ;NIO;-2867.699056718975
604;LXXZ1;GUATEMALA;SGD;6965.935906707466
605;LXXZ1;ARGENTINA;TRY;291065.87980690517
606;LXXZ1;BHUTAN;SAR;20293.407725261794
607;LXXZ1;COSTA RICA;XOF;13827123.291811895
608;LXXZ1;ANGOLA;ZMW;159131.78532576183
609;LXXZ1;MAURITIUS;RWF;19956728.00566309
610;LXXZ1;VANUATU;VND;271654381.21450144
611;LXXZ1;VANUATU;GNF;85107545.69291665
612;LXXZ1;UKRAINE;HUF;6646399.62880217
613;BBDL2;HUNGARY;PYG;12544414.402004046
614;BBDL2;UKRAINE;BIF;16008717.250442367
615;BBDL2;ALBANIA;MGA;3825603.104291367
616;BBDL2;SOUTH AFRICA;AZN;4567.774105405494
617;BBDL2;MALAYSIA;LAK;9074426.81083296
618;BBDL2;KAZAKHSTAN;ZMW;67333.54915887718
619;BBDL2;EGYPT;BIF;12539288.715114785
620;BBDL2;KAZAKHSTAN;KES;149089.56453282275
621;BBDL2;CAPE VERDE;PYG;43769483.615663506
622;BBDL2;SWEDEN;HRK;30773.097015515694
623;BBDL2;CAYMAN ISLANDS;MRO;122011.2160123433
624;BBDL2;FRENCH POLYNESIA;BIF;16326424.296054436
625;BBDL2;MEXICO;DZD;662543.1154902792
626;BBDL2;AZERBAIJAN;WST;14894.202494371611
627;BBDL2;NEW ZEALAND;LRD;581464.8615820787
628;BBDL2;KUWAIT;BND;3966.958776105481
629;BBDL2;SWITZERLAND;GYD;1521561.5054784096
630;BBDL2;THAILAND;KES;745247.028637807
631;BBDL2;BERMUDA;IRR;315890420.07910275
632;BBDL2;JORDAN;JMD;1095339.4179118944
633;VYbbc;KENYA;LAK;719655674.3841578
634;VYbbc;SWEDEN;MUR;1836208.9598263567
635;VYbbc;IRAQ;IDR;159904686.12704435
636;VYbbc;ARGENTINA;CNY;281204.82737368357
637;VYbbc;KOREA, REPUBLIC OF;TZS;64689980.75868121
638;VYbbc;KOREA, REPUBLIC OF;DKK;28683.002177875245
639;CCNVW;BRAZIL;SOS;3138160.9077766677
640;CCNVW;NICARAGUA;SRD;71283.12368477898
641;CCNVW;TRINIDAD AND TOBAGO;BTN;152751.9613727631
642;CCNVW;ETHIOPIA;PGK;20290.060019293098
643;CCNVW;NEPAL;NPR;343709.8397163868
644;CCNVW;ALBANIA;SGD;3374.7920255598506
645;CCNVW;MALDIVES;JPY;175650.7471718835
646;EEK23;CHILE;AOA;8831804.573474715
647;EEK23;MAURITIUS;LAK;84406802.13122118
648;EEK23;DJIBOUTI;IDR;254336683.92222437
649;EEK23;SERBIA;BRL;2014.745125251153
650;EEK23;THAILAND;MVR;7381.075881728963
651;EEK23;SURINAME;BRL;5301.960855924088
652;EEK23;BRAZIL;SBD;130033.85477238093
653;EEK23;MALDIVES;HKD;26768.81082599337
654;EEK23;UNITED ARAB EMIRATES;MGA;51343701.23192059
655;EEK23;INDONESIA;RUB;246121.0413318733
656;EEK23;AUSTRALIA;TRY;251407.40965709704
657;EEK23;TRINIDAD AND TOBAGO;SRD;117524.82776869879
658;EEK23;SINGAPORE;NGN;2186960.577863687
659;EEK23;SYRIAN ARAB REPUBLIC;TND;41749.504519913084
660;EEK23;RWANDA;SAR;45222.04930791124
661;AGHYY;AZERBAIJAN;BZD;4136.797623199814
662;AGHYY;JAPAN;DZD;350651.6328959113
663;AGHYY;HONG KONG;VES;17727.88302668526
664;AGHYY;SOLOMON ISLANDS;CLP;1922106.9732536657
665;AGHYY;SWAZILAND;JPY;117073.15477848772
666;DDDMa;BURUNDI;CLP;111190.04138764898
667;DDDMa;INDIA;KWD;213.16474512582317
668;DDDMa;HONDURAS;SOS;287514.56560813735
669;DDDMa;SIERRA LEONE;TRY;3816.9261680515224
670;DDDMa;TANZANIA, UNITED REPUBLIC OF;WST;1349.9224694847392
671;DDDMa;BAHRAIN;SYP;27992.474554145196
672;AAABJ;BHUTAN;AED;98671.6419290849
673;AAABJ;UNITED KINGDOM;CYP;85.65247644643811
674;AAABJ;MEXICO;JPY;3812022.9774918673
675;AAABJ;COLOMBIA;LAK;253553085.67641705
676;AAABJ;BERMUDA;BHD;313.3855006012302
677;AAABJ;BAHAMAS;XAF;5266774.650350728
678;AAABJ;GUINEA;MWK;21573677.780369215
679;AAABJ;DENMARK;SDG;8310557.145103185
680;AAABJ;MALAWI;BWP;98015.47559410575
681;AAABJ;CANADA;PES;5056037.998181085
682;ABBKa;SOUTH AFRICA;MMK;95265237.24944194
683;ABBKa;UNITED ARAB EMIRATES;AWG;49345.06652946718
684;ABBKa;UGANDA;MYR;73592.84237386446
685;ABBKa;ROMANIA;CLP;28975496.7215778
686;ABBKa;MEXICO;HUF;16071580.002951158
687;ABBKa;EURO;NIO;818009.8898395954
688;ABBKa;TOGO;SAR;77351.00115934663
689;ABBKa;CYPRUS;QAR;117232.09795217625
690;ABBKa;LAO PEOPLE'S DEMOCRATIC REP;JMD;1979138.3355685382
691;ABBKa;VENEZUELA;SYP;13215022.05946749
692;ABBKa;FRENCH POLYNESIA;MOP;46799.54982314628
693;BCVVb;VIET NAM;MZN;46775.916336662
694;BCVVb;BARBADOS;MXN;10603.283245691173
695;BCVVb;LAO PEOPLE'S DEMOCRATIC REP;BYR;199083379.07954958
696;BCVVb;TOGO;HKD;29213.69077486299
697;BCVVb;KENYA;JOD;2708.7415977894416
698;BCVVb;BARBADOS;TZS;23530638.570650753
699;BCVVb;COSTA RICA;HNL;166442.0623092306
700;BCVVb;PHILIPPINES;AZN;5587.164727379481
701;BCVVb;TURKEY;SRD;283.7125336305033
702;BCVVb;BAHRAIN;BMD;2313.1422615806314
703;BCVVb;FRENCH POLYNESIA;FJD;1219.4281211301236
704;BCVVb;JORDAN;CHF;3945.65270385973
705;DIXbb;NEPAL;MUR;75246.50163346787
706;DIXbb;SWAZILAND;COP;5635057.154774895
707;DIXbb;GUYANA;MVR;14807.04073425371
708;DIXbb;LAO PEOPLE'S DEMOCRATIC REP;MXN;27161.25079395043
709;DIXbb;RUSSIAN FEDERATION;XPF;148292.63952522102
710;DIXbb;ZAMBIA;IDR;6043476.252027893
711;DIXbb;PHILIPPINES;SOS;774855.2957989643
712;DIXbb;ZAMBIA;HKD;1472.4775095603718
713;DIXbb;IRAN (ISLAMIC REPUBLIC OF);EUR;459.1168621100882
714;DIXbb;NIGERIA;CNY;3542.673608163441
715;DIXbb;BARBADOS;HUF;400841.73103411315
716;DIXbb;MEXICO;AOA;471178.08782799833
717;DIXbb;BARBADOS;XAF;258658.81576384846
718;DIXbb;THAILAND;BMD;126.14004122002967
719;DIXbb;ALBANIA;AUD;2048.695079512826
720;DIXbb;JORDAN;ZAR;25496.205697754856
721;DDa13;CANADA;SVC;33356.01048685715
722;DDa13;KENYA;CVE;862380.8608143305
723;DDa13;CAMBODIA;MZN;136293.47962530132
724;CJKWb;BULGARIA;COP;189075.5767187746
725;CJKWb;TRINIDAD AND TOBAGO;NIO;2039.6218587066646
726;CJKWb;BRAZIL;RWF;239012.36000907398
