;Client;Country;Currency;Transaction
0;CHXYZ;INDONESIA;BYR;32435687.419479083
1;CHXYZ;QATAR;YER;569040.3308311511
2;CHXYZ;SINGAPORE;BBD;2320.985753436423
3;CHXYZ;ZAMBIA;PLN;7098.900528436788
4;CHXYZ;SYRIAN ARAB REPUBLIC;AUD;4074.9068735107135
5;CHXYZ;ICELAND;AOA;14815.138128915827
6;CHXYZ;SAUDI ARABIA;LAK;50555098.81985
7;CHXYZ;THAILAND;DJF;522367.72049051215
8;CHXYZ;KENYA;MYR;1340.2572197274212
9;CHXYZ;EGYPT;TND;8674.520635502284
10;CHXYZ;RUSSIAN FEDERATION;VUV;12524.836066217407
11;CHXYZ;FIJI;TWD;40003.331642800746
12;CHXYZ;ARUBA;GTQ;9351.779927569409
13;CHXYZ;TOGO;BND;473.04935469176803
14;CHXYZ;SOUTH AFRICA;LBP;5394.234765083639
15;MMMac;DENMARK;XOF;589508.1702982291
16;MMMac;TOGO;GHS;161957.07193244097
17;MMMac;SAUDI ARABIA;SZL;147757.99951155353
18;MMMac;HUNGARY;RUB;563567.3390122001
19;MMMac;BRUNEI DARUSSALAM;IDR;160973706.67394134
20;MMMac;LEBANON;NAD;234089.4246183587
21;MMMac;TRINIDAD AND TOBAGO;TRY;229438.09221100286
22;MMMac;LIBERIA;HRK;81071.03472587263
23;MMMac;INDIA;SZL;196920.8216766527
24;MMMac;LAO PEOPLE'S DEMOCRATIC REP;DZD;1122996.5760953086
25;MMMac;CAPE VERDE;LAK;221003733.83933344
26;MMMac;SOLOMON ISLANDS;MZN;290877.2376496833
27;MMMac;BOTSWANA;LBP;17006675.49816178
28;MMMac;PARAGUAY;JMD;18662.585702891018
29;MMMac;HONDURAS;PEN;34155.14456000674
30;BEIVW;VANUATU;YER;1779369.2367722504
31;BEIVW;VANUATU;BDT;305721.9442513459
32;BEIVW;SRI LANKA;NIO;126890.92023626466
33;BEIVW;FIJI;HKD;23493.275996376426
34;BEIVW;NORWAY;BSD;2649.846770772118
35;BEIVW;FIJI;ALL;51330.72827334731
36;BEIVW;BELIZE;VES;233340.10679948766
37;BEIVW;TAIWAN, PROVINCE OF CHINA;IRR;136951396.8401115
38;BEIVW;GUINEA;TND;26381.39248597661
39;BEIVW;QATAR;GHS;39266.49154133306
40;BEIVW;MALAYSIA;MYR;45815.599116814665
41;BEIVW;DENMARK;VND;14998349.132275991
42;INabb;UKRAINE;GYD;1573109.3024276663
43;INabb;COLOMBIA;VES;260282.09161959135
44;INabb;CZECH REPUBLIC;NZD;12578.15234519634
45;INabb;BOTSWANA;NAD;74276.33301657623
46;INabb;HONDURAS;NAD;20992.229344779487
47;INabb;HUNGARY;SLL;94380352.64101464
48;INabb;MYANMAR;BIF;15782035.928538462
49;INabb;OMAN;VUV;408537.97443622386
50;INabb;TANZANIA, UNITED REPUBLIC OF;RWF;12180023.688685272
51;INabb;INDIA;BRL;5051.352475248441
52;INabb;OMAN;RON;60246.743056136984
53;CCHKX;PHILIPPINES;SYP;739588.068949421
54;CCHKX;POLAND;BBD;15310.61950921397
55;KLXb2;MAURITANIA;AED;17725.18904046385
56;KLXb2;OMAN;BMD;13668.659667505346
57;KLXb2;MOZAMBIQUE;EGP;266486.63518938015
58;KLXb2;CHILE;NIO;372855.6979696982
59;KLXb2;SURINAME;PYG;64703447.73455017
60;KLXb2;VANUATU;LYD;69573.10527589047
61;KLXb2;SEYCHELLES;BHD;5559.258275623617
62;KLXb2;QATAR;QAR;2087.8321879885702
63;KLXb2;NIGERIA;BMD;9540.11193021338
64;KLXb2;ROMANIA;XAF;261852.44814601142
65;KLXb2;ETHIOPIA;UAH;101852.23748391563
66;FHKa1;FRENCH POLYNESIA;CHF;11499.756820195942
67;FHKa1;JORDAN;GHS;88771.20652078243
68;FHKa1;ZIMBABWE;NIO;638504.4225229663
69;FHKa1;BRAZIL;TZS;1148762.7963138542
70;FHKa1;BERMUDA;SLL;131223646.6076375
71;FHKa1;GAMBIA;TOP;29945.710044883457
72;FHKa1;UNITED KINGDOM;CLP;339663.3380983627
73;FHKa1;EURO;EUR;10161.598835884563
74;FHKa1;JAPAN;LBP;3954895.9806235665
75;FHKa1;VIET NAM;PEN;2233.1898891568776
76;FHKa1;PANAMA;MUR;176670.44085566985
77;FHKa1;ALBANIA;HNL;356490.5490663941
78;FHKa1;COLOMBIA;SGD;24584.400132736642
79;FHKa1;CENTRAL AFRICAN REPUBLIC;MOP;59719.67016328749
80;FHKa1;UNITED KINGDOM;DZD;392782.8076405968
81;CGIZ1;SOLOMON ISLANDS;SRD;137346.42023355977
82;CGIZ1;BRAZIL;YER;6941474.113577792
83;CGIZ1;URUGUAY;AZN;56754.03380502314
84;CGIZ1;CROATIA;DZD;1692310.8110842933
85;CGIZ1;BERMUDA;PLN;13545.04460995877
86;CGIZ1;HUNGARY;ZAR;188335.4197992738
87;CGIZ1;CZECH REPUBLIC;UYU;1272595.8990871722
88;CGIZ1;CAYMAN ISLANDS;SEK;45434.459616104206
89;CGIZ1;SOLOMON ISLANDS;QAR;11325.410329482236
90;CGIZ1;SINGAPORE;ARS;7282910.497102597
91;CGIZ1;GAMBIA;TZS;32409661.765580285
92;CGIZ1;NEPAL;NGN;5638393.334296462
93;CGIZ1;MEXICO;MMK;36257625.41754751
94;CGIZ1;CANADA;LBP;2077578.542353606
95;CGIZ1;BRAZIL;MGA;142825758.74321252
96;CGIZ1;CENTRAL AFRICAN REPUBLIC;ARS;7722092.781191015
97;CGIZ1;MALAYSIA;KHR;137709676.06828362
98;CGIZ1;PERU;PYG;228350716.92662027
99;CKN13;VIET NAM;NPR;459584.8860899071
100;CKN13;COLOMBIA;MWK;1665312.232185308
101;AAHb2;BELIZE;AZN;1082.1161489804592
102;AAHb2;INDONESIA;SLL;29972517.572130952
103;AAHb2;VANUATU;BTN;460527.05310461624
104;AAHb2;TOGO;TZS;570051.8739661284
105;AAHb2;ROMANIA;PYG;35270652.22477758
106;AAHb2;SUDAN;ISK;624314.7054217493
107;AAHb2;SWITZERLAND;ARS;1033775.6737129024
108;AAHb2;SAUDI ARABIA;SGD;4746.154242787572
109;AAHb2;PANAMA;HUF;170546.76991159783
110;AAHb2;SWAZILAND;STD;82045421.30979769
111;AAHb2;GUINEA;SZL;84851.86811296678
112;AAHb2;BERMUDA;BND;5131.789152957458
113;AAHb2;ICELAND;SDG;1373917.019621697
114;AAHb2;TONGA;BDT;206680.85213595224
115;CHNNc;DOMINICAN REPUBLIC;STD;36835313.951796725
116;CHNNc;PAKISTAN;XOF;399075.1176539265
117;CHNNc;DOMINICAN REPUBLIC;BIF;511579.1258991352
118;CHNNc;CAYMAN ISLANDS;CLP;143862.5523436867
119;CHNNc;TRINIDAD AND TOBAGO;TRY;11993.189796090874
120;CHNNc;KENYA;BHD;63.19396790245817
121;CHNNc;MALAWI;BND;2228.0779021744797
122;CHNNc;MOROCCO;NIO;7401.083529857211
123;CHNNc;OMAN;RSD;37890.37457119245
124;CHNNc;ALBANIA;PHP;20060.224826818117
125;CHNNc;SOMALIA;JOD;700.6763319918949
126;CHNNc;COLOMBIA;MWK;802491.9218773574
127;CHNNc;TRINIDAD AND TOBAGO;MGA;4596845.073136898
128;CHNNc;BELARUS;ZAR;29542.274027047686
129;CHNNc;TAIWAN, PROVINCE OF CHINA;INR;107070.38672676291
130;CHNNc;EGYPT;XAF;13925.486199126914
131;CHNNc;ALBANIA;SLL;6558689.701027193
132;CHNNc;BULGARIA;ZAR;7426.071344683725
133;CHNNc;HONG KONG;KES;19819.087714590838
134;CFNNW;ZIMBABWE;KZT;1916709.8242595524
135;CFNNW;DENMARK;NOK;25226.757779124844
136;CFNNW;EGYPT;QAR;2900.7045707470324
137;CFNNW;SUDAN;CRC;1811475.8234975154
138;CFNNW;SURINAME;UGX;19368322.864960715
139;CFNNW;SOLOMON ISLANDS;ISK;339613.71738189115
140;CFNNW;MOROCCO;YER;606653.094738454
141;CFNNW;SIERRA LEONE;CNY;2249.504328470402
142;CFNNW;OMAN;TWD;94367.01144810338
143;CFNNW;BULGARIA;STD;23381323.45483919
144;CFNNW;VENEZUELA;ANG;50.71842174090732
145;CFNNW;ZAMBIA;CVE;546855.4909526285
146;CFNNW;TUNISIA;INR;353986.4393529937
147;CFNNW;DOMINICAN REPUBLIC;XCD;5102.726600649511
148;CFNNW;CAPE VERDE;RWF;4930863.717010256
149;CFNNW;DJIBOUTI;KES;583823.8652257719
150;CFNNW;PANAMA;TWD;153483.40078539404
151;AAGNb;BOTSWANA;MZN;214111.38493439005
152;AAGNb;HONDURAS;QAR;17445.430480430678
153;AAGNb;IRAQ;PHP;247918.76182165285
154;AAGNb;NEW ZEALAND;HUF;1232965.9565832878
155;AAGNb;CENTRAL AFRICAN REPUBLIC;VND;214924327.65872946
156;AAGNb;KOREA, REPUBLIC OF;MZN;714322.4017651655
157;AAGNb;CHINA;MZN;513574.68869228405
158;AAGNb;TOGO;RSD;1255662.3543187627
159;AAGNb;QATAR;AWG;8738.490034716051
160;AAGNb;BELARUS;HRK;103317.71361743988
161;AAGNb;BERMUDA;TWD;190701.68078489858
162;AAGNb;OMAN;BOB;12065.762448951367
163;AAGNb;SOLOMON ISLANDS;CLP;10805906.49108088
164;AAGNb;MOZAMBIQUE;BMD;7653.52147359086
165;AAGNb;SAO TOME AND PRINCIPE;ZAR;26228.19242898635
166;AAGNb;KAZAKHSTAN;PLN;14874.230923999237
167;AAGNb;HONG KONG;LRD;1331812.1162249225
168;AAGNb;RWANDA;MYR;20715.183764442485
169;AAGNb;DOMINICA;CNY;68807.57076480673
170;HIc23;BELIZE;BYR;1195363417.4908042
171;HIc23;LATVIA;PHP;2371725.2039930252
172;HIc23;BARBADOS;CZK;306812.0720787405
173;HIc23;SWAZILAND;ZMW;319919.2492375482
174;HIc23;BOLIVIA;MRO;2133445.055682425
175;HIc23;CZECH REPUBLIC;LRD;7218542.932192568
176;HIc23;IRAN (ISLAMIC REPUBLIC OF);ILS;635.5202649402951
177;HIc23;NETHERLANDS ANTILLES;CYP;16708.874963869992
178;HIc23;BOTSWANA;CHF;47213.91019422847
179;HIc23;PARAGUAY;LRD;6655944.741357603
180;HIc23;BHUTAN;AWG;86458.77865634387
181;HIc23;NIGERIA;CRC;5555982.983072874
182;HIc23;NEPAL;XAF;16363878.609650915
183;HIc23;KUWAIT;RSD;4052015.8649819833
184;HIc23;TRINIDAD AND TOBAGO;BOB;333552.77170849615
185;HIc23;ETHIOPIA;VND;846548595.8147976
186;HIc23;BOTSWANA;ETB;2466619.5873386245
187;FHMWZ;ALGERIA;SVC;3212.6194369219693
188;FHMWZ;DOMINICAN REPUBLIC;PYG;535121.3611579421
189;FHMWZ;NAMIBIA;VES;4525.240776360853
190;EFYZb;GUATEMALA;UAH;290440.1091183563
191;EFYZb;VENEZUELA;HNL;4703.236117635863
192;EFYZb;RWANDA;DZD;1960679.6962249784
193;EFYZb;EL SALVADOR;BZD;3555.3047398312165
194;EFYZb;PARAGUAY;PAB;5223.352339347404
195;EFYZb;UGANDA;STD;193598895.58048227
196;EFYZb;PHILIPPINES;DZD;2033049.7715028643
197;EFYZb;BELIZE;LYD;29077.425988716688
198;EFYZb;KAZAKHSTAN;KZT;3322905.8190122955
199;EFYZb;NEW ZEALAND;UYU;713940.9245345194
200;EIMZ1;ALBANIA;HRK;10849.21170743006
201;EIMZ1;MAURITIUS;HKD;23707.586873825447
202;EIMZ1;ARGENTINA;PYG;757495.4310856895
203;EIMZ1;TAIWAN, PROVINCE OF CHINA;AED;6256.596839955989
204;CDJKL;GUATEMALA;BGN;1798.9516871448134
205;CDJKL;SAO TOME AND PRINCIPE;XOF;1092653.5894707753
206;CDJKL;SINGAPORE;BBD;8733.160307613423
207;CDJKL;SUDAN;SGD;5438.021370017868
208;CDJKL;TURKEY;SEK;25905.15381563941
209;CDJKL;BHUTAN;BOB;12034.267045864133
210;JNNc3;SOUTH AFRICA;BZD;7317.896160008332
211;JNNc3;MALAYSIA;KES;68451.75914425925
212;JNNc3;SOUTH AFRICA;JMD;233810.72064187482
213;JNNc3;TONGA;RON;15814.773584784614
214;JNNc3;DJIBOUTI;KES;378853.08758403454
215;JNNc3;SUDAN;NPR;226548.67181951503
216;JNNc3;KOREA, REPUBLIC OF;PAB;1609.465572661639
217;JNNc3;CYPRUS;CYP;2068.7021548705006
218;JNNc3;CANADA;SDG;625343.8702261144
219;JNNc3;BOLIVIA;SBD;9920.000779016207
220;JNNc3;CHILE;HTG;-2712.986806509383
221;JNNc3;SURINAME;RSD;281304.2913931951
222;JNNc3;ARGENTINA;EUR;2375.809571564913
223;JNNc3;NEW ZEALAND;RON;3348.5362437171507
224;JNNc3;ALBANIA;DOP;67674.36229426635
225;AABLb;MOROCCO;BSD;1489.7620100688905
226;AABLb;MADAGASCAR;DJF;267669.53412645706
227;AABLb;BAHRAIN;LRD;141524.60899714468
228;AABLb;QATAR;SCR;7406.955961576505
229;AABLb;VANUATU;BIF;1375633.805946645
230;AABLb;MYANMAR;MXN;12325.843740275717
231;AABLb;SINGAPORE;XPF;15913.950282421516
232;AABLb;NIGERIA;LKR;543473.1978430197
233;AABLb;SOUTH AFRICA;UAH;5080.617132628368
234;AABLb;COSTA RICA;JOD;755.5807904412195
235;AABLb;PHILIPPINES;LYD;260.5411839447043
236;DVabc;INDIA;PHP;11662.985980940586
237;DVabc;SUDAN;MXN;5767.084576323764
238;DVabc;SUDAN;DOP;11683.748004422992
239;DVabc;NORWAY;XCD;443.3776900030679
240;DVabc;GHANA;GNF;1803386.047443571
241;AIYcc;PAPUA NEW GUINEA;SRD;6228.89993356409
242;AIYcc;RUSSIAN FEDERATION;IDR;16252729.840139305
243;AIYcc;DENMARK;MYR;449.6137275350264
244;AIYcc;GAMBIA;CRC;660181.5540882023
245;AIYcc;ETHIOPIA;NZD;1705.4595031111671
246;AIYcc;MALAYSIA;RSD;119585.3182636857
247;AIYcc;URUGUAY;GBP;377.63582365454585
248;AIYcc;ARUBA;TZS;478704.93845211074
249;AIYcc;MYANMAR;ALL;40763.37401736144
250;AIYcc;PANAMA;OMR;366.6892101235758
251;AIYcc;TOGO;LKR;620099.6563840118
252;AIYcc;SERBIA;NPR;66921.8346216769
253;AIYcc;HONG KONG;BZD;1.715865506016034
254;AIYcc;INDIA;LYD;748.1310793924102
255;AIYcc;KAZAKHSTAN;KYD;1349.898619493057
256;AIYcc;BURUNDI;KRW;249040.1210097671
257;AIYcc;LEBANON;CLP;1390779.7134158064
258;AIYcc;BANGLADESH;PGK;3313.957772442794
259;AIYcc;SYRIAN ARAB REPUBLIC;HUF;305833.3493419981
260;AIYcc;ZIMBABWE;HRK;8296.307192771368
261;EJYZZ;CAMBODIA;XPF;1031596.2664589054
262;EJYZZ;CHINA;BSD;8321.760919035045
263;EJYZZ;NEPAL;LYD;19135.613093391057
264;EJYZZ;TRINIDAD AND TOBAGO;CYP;4424.062132922763
265;EJYZZ;PERU;SOS;6963153.077721203
266;DKLMY;SWITZERLAND;NIO;335817.7121533359
267;DKLMY;MOZAMBIQUE;HNL;73991.17143016704
268;DKLMY;SAMOA;THB;383925.79315859475
269;DKLMY;KOREA, REPUBLIC OF;GNF;96342367.42103611
270;DKLMY;MOZAMBIQUE;RWF;12653587.506249912
271;AFIX2;NICARAGUA;ZMW;95967.87544684838
272;AFIX2;KAZAKHSTAN;PLN;74819.52637313133
273;AFIX2;MALDIVES;MGA;33886138.461879216
274;AFIX2;DOMINICAN REPUBLIC;MRO;5971445.778806799
275;AFIX2;FRENCH POLYNESIA;AWG;30259.928574492376
276;AFIX2;KENYA;MUR;732164.6134690199
277;AFIX2;BRUNEI DARUSSALAM;JOD;4861.611145549498
278;AFIX2;FRENCH POLYNESIA;XOF;7505320.690873316
279;AFIX2;RWANDA;MXN;145290.73478924803
280;AFIX2;MALAWI;BGN;28581.849394448873
281;AFIX2;CYPRUS;MMK;34753254.878295586
282;AFIX2;THAILAND;BTN;1415347.9653608268
283;AFIX2;NAMIBIA;ARS;2280480.330616751
284;AFIX2;ARGENTINA;GYD;2017881.9491601798
285;AFIX2;NETHERLANDS ANTILLES;SEK;81937.99153654296
286;GLMa2;BULGARIA;GYD;229243.14110392213
287;GLMa2;JAMAICA;LBP;5622311.2737978045
288;GLMa2;SINGAPORE;KRW;2292150.856733799
289;GLMa2;BHUTAN;DJF;776579.6854300662
290;GLMa2;BARBADOS;ETB;8134.867621218505
291;GLMa2;ROMANIA;KRW;3026665.7407098124
292;GLMa2;BURUNDI;PHP;240629.77729484526
293;GLMa2;TOGO;BDT;423672.58011703717
294;GLMa2;MOZAMBIQUE;SDG;1376389.3180063555
295;GLMa2;IRAN (ISLAMIC REPUBLIC OF);MUR;86429.37964460943
296;GLMa2;NEW ZEALAND;GHS;16097.393565723378
297;GLMa2;CAMBODIA;MGA;4188449.1889480096
298;GLMa2;LEBANON;CVE;7459.549754976177
299;GLMa2;SRI LANKA;NZD;1994.070226802961
300;GLMa2;SURINAME;RSD;351254.0767583504
301;GLMa2;BULGARIA;AWG;4227.028072164915
302;GLMa2;CENTRAL AFRICAN REPUBLIC;NZD;2949.7161879802143
303;CEWW3;HONG KONG;RWF;233785.82098354222
304;CEWW3;BELIZE;VND;274833.09735339874
305;CEWW3;CAYMAN ISLANDS;AOA;21038.305156561484
306;CEWW3;PARAGUAY;RON;-52.67344550149542
307;CEWW3;MADAGASCAR;BSD;1015.6254378669793
308;CEWW3;CENTRAL AFRICAN REPUBLIC;TTD;9211.700009241871
309;CEWW3;ANGOLA;AED;577.5614368069947
310;CEWW3;CHILE;UAH;37891.49229720255
311;CEWW3;DJIBOUTI;AWG;1659.482514624225
312;CEWW3;ARGENTINA;TWD;30383.113013976137
313;CEWW3;LATVIA;KWD;366.53205095465825
314;CEWW3;FRENCH POLYNESIA;BIF;1454417.4431548414
315;CEWW3;SRI LANKA;PES;120872.00076990768
316;CEWW3;GUINEA;LAK;23626114.906403653
317;CEWW3;IRAN (ISLAMIC REPUBLIC OF);MGA;1721608.4267832085
318;CEWW3;UKRAINE;CLP;434494.5855273427
319;CEWW3;SOUTH AFRICA;SOS;606633.1875352398
320;CEWW3;MALDIVES;THB;26728.767085472093
321;CEWW3;INDIA;NAD;9154.728145643387
322;IIMaa;ANGOLA;PEN;20036.00994474295
323;IIMaa;LAO PEOPLE'S DEMOCRATIC REP;SDG;1734450.6325073165
324;IIMaa;INDIA;SEK;35758.10743876016
325;IIMaa;VIET NAM;ARS;636164.8227541038
326;IIMaa;MACAU;MZN;94293.01725039416
327;IIMaa;GUATEMALA;PES;15524.767455266097
328;IIMaa;LAO PEOPLE'S DEMOCRATIC REP;SOS;165858.25856635126
329;IIMaa;FIJI;BDT;126635.63464783542
330;IIMaa;GUYANA;NGN;1829014.5642322442
331;CFV23;SEYCHELLES;DJF;106817.13358298474
332;CFV23;JAPAN;COP;94865168.9845879
333;CFV23;DENMARK;CZK;237131.75026590837
334;CFV23;FIJI;TWD;526668.4664602067
335;CFV23;KENYA;MZN;1064335.7401404798
336;CFV23;TOGO;CYP;9266.725969238447
337;CFV23;ROMANIA;EUR;9688.649902589863
338;CFV23;BULGARIA;PYG;95283107.09379254
339;CFV23;PARAGUAY;LAK;138097049.67417043
340;CFV23;ZIMBABWE;PES;89847.22223241266
341;CFV23;SIERRA LEONE;PLN;79450.285104334
342;CFV23;LIBERIA;JOD;-111.12341875931422
343;CFV23;BRUNEI DARUSSALAM;HTG;476743.7120114995
344;CFV23;ALBANIA;IRR;673605363.4529555
345;CFV23;BOTSWANA;KWD;4933.662957046666
346;EEb12;SINGAPORE;AUD;10371.114163267832
347;EEb12;ZAMBIA;NZD;5488.566707703113
348;EEb12;BARBADOS;HKD;5591.0726607180895
349;EEb12;SAMOA;WST;8898.73047839352
350;EEb12;LAO PEOPLE'S DEMOCRATIC REP;MRO;1568785.1846290359
351;EEb12;BOLIVIA;MXN;175030.86412197215
352;EEb12;TOGO;CAD;-22.75190316724069
353;EEb12;ICELAND;LVL;5439.042446256362
354;EEb12;URUGUAY;BWP;12714.995884608992
355;EEb12;ISRAEL;JPY;1163059.3142979196
356;EEb12;HUNGARY;SYP;1257629.5995457147
357;EEb12;ALGERIA;TTD;47006.41455926624
358;EEb12;ZAMBIA;INR;93399.02497488596
359;EEb12;JORDAN;EGP;17027.310852938368
360;EEb12;EGYPT;MUR;269533.26382544317
361;EEb12;NETHERLANDS ANTILLES;BND;665.5764268429732
362;EEb12;INDONESIA;BZD;12999.577953419457
363;EEb12;CANADA;PES;1807705.1021327586
364;CGXab;CHINA;TZS;15796459.844022756
365;CGXab;VENEZUELA;MRO;1221277.4162643969
366;CGXab;SINGAPORE;PLN;28958.92696899846
367;CGXab;DJIBOUTI;OMR;1616.2971541923557
368;CGXab;CANADA;MMK;7037307.044971366
369;CGXab;DENMARK;SGD;10498.911758512728
370;CGXab;FRENCH POLYNESIA;KWD;988.3119430061726
371;CGXab;TANZANIA, UNITED REPUBLIC OF;RON;39969.45379820197
372;CGXab;TOGO;MOP;52300.641449083734
373;CGXab;PHILIPPINES;RWF;1606844.043294636
374;CGXab;PERU;HRK;7218.935495456331
375;CGXab;HAITI;XOF;3199918.686002394
376;CGXab;NIGERIA;VND;63653604.906051055
377;CGXab;CHINA;IDR;125565681.8850906
378;CEMXZ;FRENCH POLYNESIA;KES;93793.79473162377
379;CEMXZ;BAHAMAS;DKK;15884.758266483997
380;CEMXZ;MALDIVES;AED;6920.862925455189
381;CEMXZ;BULGARIA;SZL;40963.98968774716
382;CEMXZ;ETHIOPIA;AOA;507044.20880508795
383;CEMXZ;CAYMAN ISLANDS;SGD;4080.584108776501
384;BBMbc;SOLOMON ISLANDS;SDG;839325.5944423564
385;BBMbc;ICELAND;ZWL;607851.9025551337
386;BBMbc;MOROCCO;STD;98066891.5358445
387;BBMbc;NEW ZEALAND;BBD;9490.7353242191
388;BBMbc;QATAR;BGN;3049.339423039609
389;CFNZa;JAMAICA;JOD;152.33378931456465
390;CFNZa;ICELAND;CHF;105.21366117133005
391;CFNZa;PAPUA NEW GUINEA;GTQ;2705.11694821955
392;CFNZa;PAKISTAN;FJD;382.2416312113449
393;KXYZ3;PERU;SOS;278304.7146768485
394;KXYZ3;SAMOA;BWP;2949.3453420478895
395;KXYZ3;MOZAMBIQUE;DKK;1764.302520450604
396;KXYZ3;TUNISIA;TWD;18101.652168947705
397;KXYZ3;BRUNEI DARUSSALAM;SDG;97640.0847667138
398;KXYZ3;TURKEY;PGK;771.8170165181591
399;KXYZ3;BANGLADESH;KHR;1631530.3642178394
400;KXYZ3;BAHRAIN;BTN;52495.320073009476
401;KXYZ3;ZIMBABWE;MGA;126759.21811990367
402;KXYZ3;NETHERLANDS ANTILLES;SVC;6038.707970309263
403;KXYZ3;ICELAND;CRC;225184.9377425987
404;KXYZ3;KOREA, REPUBLIC OF;BIF;730993.0656855503
405;KXYZ3;SURINAME;DOP;14808.555545253352
406;KXYZ3;CENTRAL AFRICAN REPUBLIC;MVR;9536.573477230339
407;KXYZ3;NEPAL;BBD;666.6018129314233
408;KXYZ3;BAHAMAS;MAD;699.0305631427353
409;KXYZ3;NEW ZEALAND;SVC;5146.702955047252
410;KXYZ3;KAZAKHSTAN;PHP;32399.27852951944
411;KXYZ3;ICELAND;SRD;10004.028995141389
412;KXYZ3;TONGA;PLN;1586.2263531608874
413;ABZa2;AZERBAIJAN;NAD;45592.03448428209
414;ABZa2;SERBIA;HNL;97617.54019322697
415;ABZa2;CHINA;PGK;3864.3952587421472
416;ABZa2;ALBANIA;BWP;15586.32033884954
417;CLVVb;CAYMAN ISLANDS;EGP;23768.847870152265
418;CLVVb;MALAYSIA;RWF;276890.7694090484
419;CLVVb;DJIBOUTI;NPR;29226.22622840228
420;CLVVb;NAMIBIA;UAH;49877.88994238938
421;CLVVb;NICARAGUA;VND;40660309.77116454
422;KMVYc;DJIBOUTI;SCR;36222.128702175694
423;KMVYc;SWITZERLAND;MXN;4659.7826849640605
424;KMVYc;IRAQ;NOK;53186.90015008178
425;KMVYc;CAYMAN ISLANDS;CHF;952.222590869705
426;KMVYc;LIBYAN ARAB JAMAHIRIYA;PAB;4036.7608809151675
427;KMVYc;SWAZILAND;DJF;45278.935298387165
428;KMVYc;LATVIA;YER;1101501.527007794
429;KMVYc;PERU;NOK;14841.072838418619
430;KMVYc;BERMUDA;AZN;1710.2314706334216
431;KMVYc;BANGLADESH;STD;106003085.8400235
432;KMVYc;BURUNDI;SZL;56652.50843353408
433;KMVYc;ICELAND;BYR;52612561.81650624
434;KMVYc;JAPAN;RUB;182353.88538497535
435;KMVYc;OMAN;PES;701630.0621220828
436;IKLZ1;SRI LANKA;CVE;194119.48586580865
437;IKLZ1;VANUATU;SVC;14171.005893558007
438;IKLZ1;CAMBODIA;RWF;2365575.884041141
439;IKLZ1;OMAN;OMR;755.3652546478855
440;IKLZ1;VANUATU;KHR;5484327.369381711
441;VZbb3;CENTRAL AFRICAN REPUBLIC;XOF;1679644.1975739212
442;VZbb3;SIERRA LEONE;MGA;14286385.204221653
443;VZbb3;SAUDI ARABIA;EUR;317.90782517073563
444;VZbb3;LATVIA;LRD;282272.5606133382
445;AAFKb;SAMOA;IQD;3096056.8807867914
446;AAFKb;CYPRUS;HRK;16958.80473879276
447;AAFKb;LAO PEOPLE'S DEMOCRATIC REP;CNY;20174.658518920172
448;AAFKb;VENEZUELA;LBP;1254019.6082683343
449;AAFKb;SYRIAN ARAB REPUBLIC;CLP;1662999.5006416973
450;AAFKb;MALAYSIA;VND;42811770.01461753
451;AAFKb;TUNISIA;AUD;3736.974041977935
452;AAFKb;GUYANA;TTD;1944.6423877137452
453;AAFKb;PAKISTAN;XAF;185928.5453382806
454;AAFKb;SINGAPORE;PGK;9499.904435378758
455;AAFKb;BARBADOS;NAD;29643.309692554107
456;AAFKb;MADAGASCAR;SEK;6053.004332457715
457;AAFKb;BANGLADESH;ZWL;182027.61425674742
458;AAFKb;SURINAME;MUR;69624.58684975124
459;AAFKb;PERU;OMR;604.0454843500731
460;JKV22;KOREA, REPUBLIC OF;ARS;127449.36540314645
461;JKV22;SIERRA LEONE;LBP;7688197.343514543
462;JKV22;BULGARIA;AUD;1564.36894945927
463;JKV22;SOUTH AFRICA;GMD;168171.65919875316
464;JKV22;SUDAN;BZD;9204.467902882134
465;JKV22;BRAZIL;PHP;61304.416410305304
466;JKV22;MACAU;RSD;640304.1143343509
467;JKV22;TOGO;ISK;92775.06258318368
468;JKV22;KAZAKHSTAN;CLP;4258537.520504368
469;JKV22;FIJI;GBP;2552.000344950775
470;CEKY2;JAPAN;GMD;4552.690953190729
471;CEKY2;CYPRUS;SVC;1650.3897277061728
472;CEKY2;MYANMAR;SVC;454.94089975761824
473;CEKY2;LIBYAN ARAB JAMAHIRIYA;UYU;4297.8864948045775
474;CEKY2;SIERRA LEONE;BOB;423.96207433020066
475;CEKY2;MOROCCO;HTG;63746.58282886436
476;CEKY2;OMAN;ARS;27225.48744784401
477;CEKY2;VENEZUELA;BND;178.60969858052957
478;BLLM3;FRENCH POLYNESIA;SZL;3106.7944663166923
479;BLLM3;SOUTH AFRICA;HNL;27153.848975819845
480;BLLM3;MAURITIUS;RON;3558.225572758807
481;BLLM3;SWITZERLAND;GYD;261804.53421384067
482;BLLM3;PERU;JPY;176719.83590461782
483;BLLM3;PHILIPPINES;PKR;120275.5962197898
484;BLLM3;OMAN;TRY;7750.739668169962
485;BLLM3;PAKISTAN;AUD;1639.4289144840116
486;BLLM3;EL SALVADOR;HRK;10427.987967249777
487;BLLM3;CAMBODIA;FJD;2147.184748779912
488;BLLM3;SOMALIA;GTQ;8392.859551173784
489;GVWZ3;NAMIBIA;SEK;44451.36420261364
490;GVWZ3;LATVIA;STD;456438294.33328617
491;GVWZ3;JORDAN;GBP;15259.097792719891
492;GVWZ3;MYANMAR;ANG;1654.4143132993784
493;GVWZ3;AZERBAIJAN;ZAR;71344.94383519879
494;GVWZ3;DOMINICA;EGP;106346.96044128951
495;GVWZ3;PERU;ARS;3562750.4119112245
496;GVWZ3;ANGOLA;TND;72271.53911414825
497;AAEV2;SWAZILAND;SEK;72147.33715739546
498;AAEV2;IRAN (ISLAMIC REPUBLIC OF);SLL;92037056.46758136
499;AAEV2;CANADA;GYD;711080.1585430694
500;CDHc3;QATAR;NAD;40050.14269478198
501;CDHc3;BAHRAIN;CYP;1034.9889608403134
502;CDHc3;CAMBODIA;MYR;9968.151128071138
503;CDHc3;YEMEN;PEN;8393.219586233508
504;CDHc3;SWEDEN;ETB;133178.308161482
505;CDHc3;CROATIA;THB;17000.391298838487
506;CDHc3;MEXICO;LBP;755336.4073735531
507;CDHc3;GUINEA;BSD;1307.1454887463565
508;CDHc3;SOLOMON ISLANDS;SLL;36996670.470785365
509;CDHc3;SOLOMON ISLANDS;PYG;10467707.852300014
510;CDHc3;SAO TOME AND PRINCIPE;BWP;7823.918071665978
511;CDHc3;PHILIPPINES;JPY;18879.366160090074
512;CDHc3;TOGO;CZK;3456.2113626144824
513;CDHc3;PAKISTAN;EUR;293.2736319211583
514;CDHc3;SAO TOME AND PRINCIPE;MOP;6844.157584581872
515;CDHc3;EL SALVADOR;MGA;10902689.99831689
516;CDHc3;EGYPT;CVE;256036.5114429753
517;CDHc3;PAKISTAN;RWF;1723568.245039499
518;FGGMM;BELARUS;VND;212455132.04523337
519;FGGMM;KAZAKHSTAN;DOP;1301023.8500508799
520;FGGMM;ARGENTINA;BBD;24908.097122934952
521;FGGMM;AUSTRALIA;GYD;213336.83603693763
522;FGGMM;SURINAME;HTG;342048.3136322
523;FGGMM;MYANMAR;STD;48021827.89864785
524;FGGMM;BURUNDI;RWF;9915781.55267532
525;FGGMM;DJIBOUTI;ALL;1371246.8836509371
526;FGGMM;PAKISTAN;KWD;8647.311973826083
527;FGGMM;SERBIA;MVR;245450.01027291096
528;FGGMM;NEW ZEALAND;HKD;25941.94784469943
529;FGGMM;NEPAL;LRD;3872174.1425693925
530;FGGMM;LIBERIA;YER;1328949.6682538306
531;FGGMM;GUATEMALA;TND;38432.68200640649
532;FGGMM;JORDAN;HUF;6728879.652501728
533;FGGMM;COSTA RICA;DJF;4880184.263656975
534;FGGMM;RUSSIAN FEDERATION;TRY;393672.26658937533
535;FGGMM;HAITI;OMR;4180.43631087783
536;FGGMM;BHUTAN;TWD;397196.92174908484
537;FGGMM;TRINIDAD AND TOBAGO;GBP;14644.93010520635
538;ADGNa;GAMBIA;LAK;53894035.86409812
539;ADGNa;IRAQ;INR;44760.8086205354
540;ADGNa;BURUNDI;MMK;15834890.341498304
541;ADGNa;KOREA, REPUBLIC OF;MMK;1781314.5227649712
542;ADGNa;ALGERIA;AOA;3383978.609878696
543;ADGNa;KAZAKHSTAN;KWD;3008.283570061625
544;IIYZ1;EL SALVADOR;CYP;811.3145239036361
545;IIYZ1;SYRIAN ARAB REPUBLIC;HRK;77629.35826754692
546;IIYZ1;IRAN (ISLAMIC REPUBLIC OF);HUF;2208471.329185945
547;IIYZ1;CENTRAL AFRICAN REPUBLIC;SBD;99827.32417479766
548;IIYZ1;SYRIAN ARAB REPUBLIC;AWG;7882.359794617643
549;IIYZ1;TAIWAN, PROVINCE OF CHINA;MRO;3829199.611256955
550;IIYZ1;NICARAGUA;TRY;117528.85331726122
551;IIYZ1;BAHRAIN;LRD;1622672.778273628
552;IIYZ1;GUATEMALA;ALL;698644.3697863676
553;IIYZ1;ICELAND;MZN;129029.48217550814
554;IIYZ1;SOUTH AFRICA;KHR;57039573.58310166
555;IIYZ1;SIERRA LEONE;NIO;152844.95358278294
556;IIYZ1;SYRIAN ARAB REPUBLIC;XPF;1001749.8530512817
557;IIYZ1;TOGO;MUR;86379.57978373613
558;IIYZ1;MAURITANIA;NOK;64255.47185442233
559;IIYZ1;CENTRAL AFRICAN REPUBLIC;PEN;18359.120013902317
560;IIYZ1;BARBADOS;ARS;1230675.3882864588
561;IIYZ1;SOLOMON ISLANDS;DZD;335441.63903309766
562;IIYZ1;MALAWI;BRL;47444.4859490658
563;Gcc22;AUSTRALIA;RUB;69149.02289117865
564;Gcc22;TUNISIA;ZMW;112982.85167530502
565;Gcc22;DOMINICA;TZS;19033157.080968857
566;Gcc22;CAMBODIA;DKK;52112.97066354749
567;Gcc22;JORDAN;LVL;1695.595835218861
568;Gcc22;DJIBOUTI;RON;31641.342209342674
569;Gcc22;TUNISIA;NAD;109024.91544021123
570;Gcc22;LIBERIA;ANG;2731.097568763225
571;Gcc22;EURO;PYG;47070652.4491657
572;Gcc22;KUWAIT;GHS;83890.09662399458
573;Gcc22;URUGUAY;HUF;224507.06809768835
574;Gcc22;SOLOMON ISLANDS;ZWL;3383333.5960002313
575;BBFIY;EL SALVADOR;THB;189243.66695364154
576;BBFIY;GAMBIA;IQD;11683821.595739422
577;BBFIY;LIBERIA;WST;4464.893920806789
578;BBFIY;NAMIBIA;CRC;491015.54864237783
579;AJKZa;ZIMBABWE;BGN;63586.15421702574
580;AJKZa;VIET NAM;BYR;597171633.5984498
581;AJKZa;DJIBOUTI;MUR;480093.8931406863
582;AJKZa;ZIMBABWE;ZMW;445073.72198790463
583;BNWb1;DOMINICA;XPF;28670.21132825781
584;BNWb1;INDONESIA;XAF;4522590.209970722
585;BNWb1;VANUATU;MRO;1294992.287161499
586;BNWb1;MALAWI;UGX;19744579.805290505
587;BNWb1;SAO TOME AND PRINCIPE;LAK;80403835.89400268
588;BNWb1;EGYPT;AWG;9939.032215122617
589;BNWb1;FIJI;MMK;11281280.257352512
590;BNWb1;ARUBA;HUF;1919587.4187746958
591;BNWb1;KUWAIT;SYP;3591883.0356957237
592;BNWb1;SAO TOME AND PRINCIPE;BTN;250492.66929421012
593;BNWb1;OMAN;TWD;88617.79512277815
594;BNWb1;URUGUAY;RWF;2170316.7382759117
595;BNWb1;PAPUA NEW GUINEA;DJF;788591.1269884513
596;BNWb1;CANADA;UYU;16023.537322066308
597;BNWb1;COLOMBIA;VND;151636511.72170672
598;BNWb1;MYANMAR;NAD;25752.11020505059
599;BNWb1;COLOMBIA;DOP;50288.54541068332
600;BNWb1;AZERBAIJAN;BGN;13466.192384436506
601;BNWb1;MACAU;UGX;5605106.356539134
602;ADHNb;NIGERIA;GNF;156941570.20410544
603;ADHNb;VIET NAM;UAH;179954.11650900517
604;ADHNb;NICARAGUA;TRY;51096.05578271192
605;ADHNb;BULGARIA;IQD;12074981.826244598
606;ADHNb;MALAWI;XOF;11372946.140644128
607;ADHNb;EL SALVADOR;AWG;29830.323949194753
608;ADHNb;MOZAMBIQUE;PGK;31420.634517904633
609;ADHNb;SWAZILAND;TRY;93875.0744481444
610;ADHNb;BAHRAIN;AZN;11575.5288166969
611;ADHNb;MALAWI;KHR;18011874.54357975
612;ADHNb;NIGERIA;BIF;3522859.9616217944
613;ADHNb;MALAYSIA;KHR;36280429.363210514
614;ADHNb;ICELAND;HUF;5609157.0596939875
615;ADHNb;NIGERIA;BMD;5257.228052592842
616;ADHNb;KAZAKHSTAN;GHS;41244.66209046374
617;EJKMX;QATAR;TOP;19683.491735703097
618;EJKMX;PAKISTAN;WST;16310.80385379803
619;EJKMX;JAMAICA;STD;168120004.69246
620;EJKMX;INDONESIA;PKR;739900.3343004887
621;EJKMX;UKRAINE;LVL;4268.515824140684
622;EJKMX;GUYANA;BGN;1833.1046183144724
623;EJKMX;MACAU;VUV;973458.4652292775
624;GIMNb;GUINEA;SBD;4120.563858993658
625;GIMNb;MALAYSIA;ALL;82701.42655250554
626;GIMNb;CHILE;JOD;281.06586927087363
627;GIMNb;KENYA;MAD;1298.6770773392946
628;GIMNb;NICARAGUA;AUD;343.2796300180845
629;GIMNb;NORWAY;MYR;2486.302306734001
630;BCLLV;POLAND;KRW;703722.5974943901
631;BCLLV;ZIMBABWE;SEK;3990.4570192970154
632;BCLLV;SYRIAN ARAB REPUBLIC;CZK;18014.740920792687
633;BCLLV;LAO PEOPLE'S DEMOCRATIC REP;GHS;10684.472149628495
634;BCLLV;NORWAY;BHD;526.2840171976513
635;BCLLV;BARBADOS;TND;1453.8220235662677
636;BCLLV;BRUNEI DARUSSALAM;AZN;1123.590561278423
637;BCLLV;PERU;CAD;1795.8359305730662
638;BCLLV;SWEDEN;RON;611.7528097256933
639;BCLLV;CENTRAL AFRICAN REPUBLIC;IRR;31826164.201143224
640;BCLLV;SYRIAN ARAB REPUBLIC;SBD;10334.738151422966
641;BCLLV;SRI LANKA;GNF;7078395.331473106
642;BCLLV;CHILE;JPY;129631.21689013475
643;BCLLV;MACAU;DOP;49690.2341278576
644;BCLLV;SAO TOME AND PRINCIPE;AUD;1521.2857230176135
645;BCLLV;BULGARIA;LKR;519062.97904221166
646;DDN12;DJIBOUTI;CYP;1184.3727817756644
647;DDN12;ROMANIA;KHR;14298111.305338703
648;DDN12;COLOMBIA;NZD;24416.668454598665
649;DDN12;BRAZIL;DZD;915015.1331007379
650;DDN12;EL SALVADOR;CZK;537809.7403530693
651;DDN12;LIBERIA;OMR;1438.839858676003
652;DDN12;INDONESIA;MXN;502037.14755703846
653;DDN12;CYPRUS;JPY;2245001.58504442
654;DDN12;PARAGUAY;TRY;238416.35503899714
655;DDN12;EL SALVADOR;AED;50504.20742013824
656;DDN12;CHINA;BYR;547119032.5905821
657;ANNW3;ALGERIA;WST;36453.58935701614
658;ANNW3;SINGAPORE;PYG;97827896.040387
659;ANNW3;OMAN;OMR;-10.17004279178841
660;ANNW3;SAMOA;VND;29950884.234910876
661;ANNW3;ALGERIA;CVE;1119357.7543605973
662;ANNW3;SWITZERLAND;CYP;2945.643779113327
663;ANNW3;PERU;AUD;18528.39097100375
664;ANNW3;KENYA;MVR;47206.37025637226
665;ANNW3;CROATIA;SCR;21395.88628253106
666;ANNW3;LATVIA;KES;218766.07859188892
667;ANNW3;INDIA;HNL;258099.79676324432
668;ANNW3;FRENCH POLYNESIA;AWG;19960.897613123587
669;ANNW3;SUDAN;GBP;6500.435090703234
670;ANNW3;SAUDI ARABIA;TOP;25854.747867726248
671;DLNNa;AZERBAIJAN;LKR;301067.7180605452
672;BFGKV;SIERRA LEONE;PKR;7713015.7965132985
673;BFGKV;CYPRUS;XOF;3894485.177767464
674;BFGKV;SOUTH AFRICA;UYU;1283490.923090507
675;BFGKV;JAMAICA;KES;1068399.030764513
676;BCFLZ;PERU;RWF;2234572.23855679
677;BCFLZ;POLAND;MAD;60473.631961643776
678;BCFLZ;HAITI;CNY;51429.281282361735
679;BCFLZ;THAILAND;LRD;484800.7473456967
680;BCFLZ;SRI LANKA;EGP;39265.19786679977
681;BCFLZ;DJIBOUTI;NPR;283161.71516472264
682;BCFLZ;YEMEN;BGN;9015.283860760583
683;BCFLZ;ZAMBIA;BTN;615951.5732341376
684;BCFLZ;TRINIDAD AND TOBAGO;VND;199070029.64298445
685;BCFLZ;HONDURAS;DJF;208386.16919102136
686;BCFLZ;ICELAND;RWF;5901610.187164734
687;BCFLZ;KUWAIT;CYP;1980.0878701398435
688;EGJX1;PAPUA NEW GUINEA;XOF;2044967.1680252915
689;EGJX1;ISRAEL;EGP;4631.679129245422
690;EGJX1;PAKISTAN;ARS;176378.58153363992
691;EFKN2;LIBYAN ARAB JAMAHIRIYA;MOP;16455.898511849355
692;EFKN2;SAUDI ARABIA;INR;245999.53113442654
693;EFKN2;ISRAEL;OMR;738.5711553235042
694;EFKN2;BAHAMAS;LBP;782131.3738556183
695;EFKN2;JAMAICA;MVR;48108.36320938002
696;EFKN2;COLOMBIA;BHD;118.15921087006484
697;EFKN2;LAO PEOPLE'S DEMOCRATIC REP;BBD;6016.268680185987
698;EFKN2;RUSSIAN FEDERATION;BTN;161155.64724571575
699;EFKN2;JORDAN;JPY;149001.4202639085
700;EFKN2;ARGENTINA;AWG;1760.2743353359067
701;EFKN2;MOZAMBIQUE;PYG;12110349.276577303
702;EFKN2;NORWAY;SCR;29922.88394098654
703;EFKN2;LATVIA;CRC;260572.00045166866
704;ABGKb;URUGUAY;WST;36586.37811522987
705;ABGKb;UGANDA;BIF;47863547.789074466
706;ABGKb;BARBADOS;KHR;77322280.80715933
707;ABGKb;KAZAKHSTAN;AWG;26056.27806427772
708;ABGKb;DJIBOUTI;MWK;32938220.170089323
709;ABGKb;BAHAMAS;SYP;12436376.810046073
710;ABGKb;KUWAIT;BYR;280765491.1941512
711;ABGKb;GUINEA;UAH;749387.3098125206
712;ABGKb;PAPUA NEW GUINEA;SRD;1000055.9256324853
713;ABGKb;KAZAKHSTAN;RWF;5566210.860871272
714;ABGKb;INDIA;ALL;2101727.297006568
715;ABGKb;CYPRUS;DJF;4507128.832973915
716;ABGKb;UNITED KINGDOM;NIO;223623.1955312358
717;ABGKb;PAKISTAN;KYD;25507.983834575134
718;ABGKb;CHILE;PHP;776796.4575288633
