;Client;Country;Currency;Transaction
0;JVYbc;CROATIA;BBD;13264.71965590623
1;JVYbc;SAUDI ARABIA;CYP;3135.5191833592
2;JVYbc;LEBANON;FJD;26138.541044650166
3;JVYbc;SWITZERLAND;VES;160582.70077379193
4;JVYbc;MAURITIUS;RON;25541.25486240052
5;JVYbc;CENTRAL AFRICAN REPUBLIC;KYD;9556.035441748667
6;JVYbc;ZIMBABWE;COP;46447196.456865735
7;JVYbc;CANADA;SVC;101335.62111163107
8;JVYbc;JAMAICA;SGD;9666.293111101793
9;JVYbc;CANADA;HRK;107071.79133416242
10;JVYbc;ANGOLA;BHD;1367.9249918105734
11;JVYbc;PAKISTAN;DKK;71439.18037154207
12;JVYbc;URUGUAY;ARS;3088453.0271471003
13;JVYbc;PERU;RSD;1746993.0113747446
14;JVYbc;BOLIVIA;IQD;15280894.165818905
15;JVYbc;AUSTRALIA;PAB;6877.045485414624
16;IKVa1;MACAU;KRW;-16115.271712773692
17;IKVa1;IRAN (ISLAMIC REPUBLIC OF);XCD;1342.4895936033279
18;IKVa1;BULGARIA;SLL;32368256.501104157
19;IKVa1;UNITED ARAB EMIRATES;RSD;205132.58320702508
20;IKVa1;HAITI;CHF;840.6111944547064
21;IKVa1;DOMINICA;ETB;51121.41430889235
22;IKVa1;MACAU;KHR;5839305.0900133755
23;IKVa1;SUDAN;ZAR;33796.03098532909
24;IKVa1;ARUBA;ZAR;19507.12577651096
25;IKVa1;AZERBAIJAN;SLL;45349170.99822401
26;IKVa1;CHINA;IQD;1959171.0266061635
27;IKVa1;LEBANON;VES;80855.57666894412
28;IKVa1;INDONESIA;MXN;50562.05111940641
29;IKVa1;BULGARIA;COP;18000940.001415882
30;FHMYb;CHILE;PYG;9511698.495724505
31;FHMYb;EL SALVADOR;TRY;27366.87571607686
32;FHMYb;PERU;PLN;2127.4671841193267
33;FHMYb;GUYANA;NZD;3959.819363167201
34;FHMYb;PARAGUAY;ZMW;35237.76307462525
35;FHMYb;MOZAMBIQUE;HNL;37518.825528545705
36;FHMYb;JORDAN;TRY;-360.8620499894757
37;FHMYb;LIBYAN ARAB JAMAHIRIYA;IQD;810976.8309411005
38;FHMYb;DOMINICAN REPUBLIC;KYD;1265.1441893193348
39;FHMYb;CENTRAL AFRICAN REPUBLIC;PGK;7237.435696217524
40;FHMYb;HONDURAS;IDR;20817488.49561665
41;BCFGX;PERU;BWP;35115.93962988202
42;AKYZ1;MEXICO;BRL;-306.6546709825759
43;AKYZ1;ARGENTINA;BRL;19589.82192276926
44;AKYZ1;PHILIPPINES;ALL;734372.978027565
45;AKYZ1;BULGARIA;YER;1030489.4486409838
46;AKYZ1;KOREA, REPUBLIC OF;AED;24589.522391120914
47;AKYZ1;CHINA;HKD;35854.85694047486
48;AKYZ1;BURUNDI;LYD;37190.66039158207
49;AKYZ1;DOMINICA;BTN;264708.72056918027
50;AKYZ1;SUDAN;CZK;152387.75707265167
51;AKYZ1;LATVIA;XPF;657201.0270963653
52;AKYZ1;KUWAIT;IRR;30053939.873583086
53;AKYZ1;MAURITIUS;UAH;161805.37110484423
54;AKYZ1;PERU;SAR;15460.305273573837
55;AKYZ1;RWANDA;DOP;73356.91528769596
56;AKYZ1;MADAGASCAR;LBP;10687850.225159999
57;AKYZ1;NETHERLANDS ANTILLES;YER;354988.9302629411
58;DFFFH;CHILE;JPY;2126443.678691586
59;DFFFH;TANZANIA, UNITED REPUBLIC OF;LBP;70183412.73066637
60;DFFFH;BARBADOS;NPR;4442637.749031864
61;DFFFH;TAIWAN, PROVINCE OF CHINA;EGP;175088.3658329467
62;JJKZa;BERMUDA;PHP;166965.62948337602
63;JJKZa;GUYANA;TOP;1107.240273930554
64;JJKZa;SERBIA;ZWL;1731554.974999008
65;JJKZa;BELIZE;LRD;382561.6478962572
66;JJKZa;KUWAIT;LKR;368670.9116718784
67;JJKZa;TURKEY;NPR;20422.071995051487
68;JJKZa;LEBANON;NOK;7081.849414143095
69;JJKZa;MALAWI;BZD;56.237848466723555
70;JJKZa;NIGERIA;NAD;27765.084123264805
71;JJKZa;MACAU;UGX;8789899.584978053
72;JJKZa;CANADA;ZWL;979668.39871704
73;JJKZa;COSTA RICA;BYR;68478229.09095338
74;DMNac;ICELAND;BGN;973.1398611214674
75;DMNac;ROMANIA;ETB;9052.107308086013
76;DMNac;BRUNEI DARUSSALAM;ZMW;9218.784636765982
77;DMNac;NEPAL;ZAR;1686.0016702142127
78;DMNac;AZERBAIJAN;QAR;1421.3655602232855
79;DMNac;RWANDA;RWF;511282.2544517998
80;DMNac;PERU;GTQ;3640.77587774099
81;DMNac;PANAMA;SRD;14414.158215758564
82;DMNac;KENYA;BDT;50674.0618336071
83;DMNac;DENMARK;AED;1917.6932393777395
84;DMNac;ZIMBABWE;BND;255.83340172290417
85;DMNac;PAPUA NEW GUINEA;BOB;1947.8742056116894
86;DMNac;NETHERLANDS ANTILLES;PGK;987.1335393805404
87;DMNac;EGYPT;CVE;60549.7398622454
88;DMNac;KUWAIT;UYU;32888.24450441077
89;DMNac;UNITED KINGDOM;JMD;-242.3741391766766
90;DMNac;SERBIA;TOP;1831.1319115203594
91;DMNac;ETHIOPIA;PEN;3149.9573300162756
92;DMNac;TANZANIA, UNITED REPUBLIC OF;NZD;16.457120126908507
93;FJJaa;JAPAN;UAH;579858.4672045856
94;FJJaa;PHILIPPINES;NPR;180764.13441344633
95;FJJaa;GUYANA;LVL;8626.27039556327
96;FJJaa;LAO PEOPLE'S DEMOCRATIC REP;IDR;339492442.9817356
97;FJJaa;TURKEY;DKK;70448.88175225719
98;FJJaa;VIET NAM;STD;364307843.8906994
99;FJJaa;JORDAN;EGP;262597.3834640617
100;FJJaa;BRAZIL;ISK;961658.6789956723
101;FJJaa;COLOMBIA;NPR;1338719.653389271
102;FJJaa;GUINEA;MOP;65423.303050445
103;FJJaa;MEXICO;JOD;15723.366560100752
104;FJJaa;LAO PEOPLE'S DEMOCRATIC REP;IRR;75450947.41789216
105;FJJaa;KUWAIT;SZL;44893.96310482066
106;FJJaa;QATAR;DOP;64388.53414857022
107;FJJaa;NICARAGUA;ANG;36424.509375890855
108;FJJaa;BURUNDI;LKR;4336135.701842538
109;FJJaa;VANUATU;RWF;15840977.204169888
110;FJJaa;ALGERIA;PKR;3391911.2352757775
111;GINc2;KOREA, REPUBLIC OF;LBP;7264812.486953067
112;GINc2;CYPRUS;MUR;12765.512094968166
113;GINc2;JAPAN;SRD;84146.02604872244
114;GINc2;SAMOA;TZS;11523989.730969546
115;GINc2;TANZANIA, UNITED REPUBLIC OF;ZMW;16448.09887650856
116;GINc2;DENMARK;WST;6715.446431715805
117;GINc2;PARAGUAY;GTQ;50737.657970904605
118;GINc2;EL SALVADOR;THB;86742.45137532009
119;GINc2;NIGERIA;IRR;186899811.0731994
120;GINc2;CENTRAL AFRICAN REPUBLIC;BSD;395.23545897311413
121;GINc2;BELARUS;HKD;5270.0167968715605
122;BHXZ3;TANZANIA, UNITED REPUBLIC OF;OMR;240.8857187209468
123;BHXZ3;GUYANA;UGX;2930098.586615432
124;BHXZ3;NEPAL;TND;427.91542090067827
125;BHXZ3;DOMINICA;TZS;143683.55256055112
126;BHXZ3;KUWAIT;SLL;11044423.42987876
127;BHXZ3;SYRIAN ARAB REPUBLIC;AUD;1107.2702330774744
128;BHXZ3;BELARUS;MUR;12087.121863778142
129;BHXZ3;SOMALIA;ETB;42341.29674757138
130;BHXZ3;BERMUDA;TZS;1461534.4920396868
131;BHXZ3;MAURITANIA;CHF;765.3547667090543
132;BHXZ3;DENMARK;SYP;294398.4824577916
133;BHXZ3;UNITED KINGDOM;ETB;22984.153549191702
134;BHXZ3;NORWAY;UGX;519310.4259096877
135;BHXZ3;NORWAY;BHD;343.85634586245277
136;BHXZ3;SAMOA;YER;132247.9615794918
137;BHXZ3;ALGERIA;CRC;163733.64526923458
138;BHXZ3;NIGERIA;IDR;5022864.713161877
139;BHXZ3;POLAND;NGN;340663.8635121061
140;CHVY2;DOMINICA;RWF;59449.077044097095
141;CHVY2;CENTRAL AFRICAN REPUBLIC;TND;190.99875438003227
142;CHVY2;BAHRAIN;ETB;2438.9090342504296
143;CHVY2;MALAYSIA;MYR;164.83045730177477
144;CHVY2;HONG KONG;HTG;7725.59974060106
145;CHVY2;CANADA;IQD;33367.715643795986
146;CHVY2;ICELAND;AED;96.27463046342992
147;CHVY2;UNITED KINGDOM;ZWL;26155.755505563477
148;CHVY2;BOTSWANA;HTG;3910.88121834151
149;CHVY2;BOLIVIA;TRY;873.885016321004
150;CHVY2;SERBIA;EGP;797.8508346727863
151;CHVY2;TONGA;TZS;8602.002971213653
152;CHVY2;INDONESIA;GNF;514662.21658107586
153;CHVY2;TUNISIA;JOD;21.90922599100633
154;CHVY2;MALAWI;BGN;36.68129793176461
155;CHVY2;CAYMAN ISLANDS;MYR;228.9878397793758
156;CHVY2;DOMINICA;BOB;289.5240413616634
157;CHVY2;OMAN;INR;3052.3235953683225
158;EFVY1;BOLIVIA;INR;234277.9672967635
159;EFVY1;SOMALIA;SAR;7264.874222852014
160;EFVY1;SEYCHELLES;NIO;117547.2455939778
161;EFVY1;SURINAME;GTQ;6846.464904248424
162;EFVY1;NAMIBIA;MWK;3783787.4994690046
163;EFVY1;PHILIPPINES;MAD;19155.200755414397
164;EFVY1;TONGA;LYD;28517.921608753768
165;EFVY1;SOUTH AFRICA;ANG;2009.1790736309065
166;EFVY1;FRENCH POLYNESIA;VUV;106598.25698025392
167;EFVY1;COLOMBIA;WST;4716.375308117061
168;EFVY1;DJIBOUTI;SVC;48371.585156885594
169;EFVY1;KENYA;CHF;5514.4418940707965
170;EFVY1;IRAN (ISLAMIC REPUBLIC OF);AOA;178214.3242119962
171;EFVY1;BARBADOS;SEK;63773.38813098092
172;EFVY1;CAMBODIA;MMK;633759.2930496766
173;BDKZ1;NORWAY;RUB;148129.5757346819
174;BDKZ1;KAZAKHSTAN;ARS;112376.23611778364
175;BDKZ1;CHILE;DOP;155598.51219718446
176;BDKZ1;ARUBA;BHD;787.8098955595118
177;BDKZ1;BAHAMAS;CZK;70829.65468969125
178;BDKZ1;ALBANIA;CLP;3866328.659207717
179;abcc3;LEBANON;KES;1056698.2069342083
180;abcc3;FRENCH POLYNESIA;SLL;77078957.2948293
181;abcc3;MALAYSIA;LAK;106259075.20401315
182;abcc3;DOMINICA;AED;-7.172491602328867
183;Fa133;AUSTRALIA;ZAR;98155.18817883548
184;Fa133;CANADA;PEN;23668.974610227044
185;Fa133;HAITI;BTN;253351.89428631723
186;Fa133;HAITI;QAR;24038.54461183704
187;Fa133;AUSTRALIA;AWG;10588.590431800658
188;Fa133;GUYANA;BBD;10460.171553429549
189;Fa133;IRAN (ISLAMIC REPUBLIC OF);NGN;3808310.105838415
190;Fa133;SAO TOME AND PRINCIPE;MYR;22932.087824370374
191;Fa133;INDONESIA;BTN;223470.89936457895
192;Fa133;CZECH REPUBLIC;LKR;742519.5082478279
193;GGac2;RWANDA;TWD;458114.90913359355
194;GGac2;NIGERIA;SBD;156157.76970036072
195;Hcc11;URUGUAY;ALL;23616.07955253171
196;Hcc11;IRAN (ISLAMIC REPUBLIC OF);LKR;300984.56283056526
197;Hcc11;TURKEY;IDR;10657856.477744807
198;Hcc11;GHANA;MGA;146516.21176176736
199;Hcc11;BULGARIA;TZS;162144.49236151626
200;Hcc11;DOMINICAN REPUBLIC;MXN;22351.259266082852
201;Hcc11;CAMBODIA;NGN;431165.0155651782
202;Hcc11;BANGLADESH;AWG;1745.1218538080034
203;Hcc11;MALAYSIA;GNF;9325357.642978832
204;Hcc11;CYPRUS;XPF;159592.63253076244
205;Hcc11;SWEDEN;XOF;910588.1556373347
206;DEHMV;GHANA;LBP;27731710.94570226
207;DEHMV;SOUTH AFRICA;MMK;27826794.88769317
208;HIVY3;DOMINICAN REPUBLIC;WST;5414.832593862596
209;HIVY3;BAHRAIN;SEK;12484.564764237195
210;HIVY3;SUDAN;KWD;701.4508359457112
211;HIVY3;BURUNDI;AWG;5747.94083663596
212;HIVY3;SWAZILAND;AOA;2881284.7844040073
213;HIVY3;DOMINICA;CYP;-24.227687771552038
214;HIVY3;BOLIVIA;MWK;5518305.986495323
215;HIVY3;ALBANIA;AZN;2675.0951453466537
216;HIVY3;MAURITANIA;DOP;178915.97238373914
217;HIVY3;LIBYAN ARAB JAMAHIRIYA;JOD;2036.8783087792367
218;GIMMc;TANZANIA, UNITED REPUBLIC OF;SCR;52944.60398999149
219;GIMMc;BAHAMAS;CHF;2714.131886178866
220;GIMMc;LEBANON;NPR;242728.88166489484
221;GIMMc;GHANA;PLN;3554.291598605335
222;GIMMc;NORWAY;SOS;1425996.2817869536
223;GIMMc;SAO TOME AND PRINCIPE;SVC;28218.131704584815
224;GIMMc;PERU;DOP;134556.33745037
225;GIMMc;PERU;SOS;200139.82902273032
226;GIMMc;QATAR;CYP;1719.3645434307953
227;GIMMc;SEYCHELLES;BSD;638.1422564733543
228;GIMMc;SUDAN;PHP;139738.08023484133
229;GIMMc;MALAWI;HTG;421507.5883999984
230;GIMMc;GHANA;SYP;167947.5486582654
231;GIMMc;SAUDI ARABIA;GBP;2573.6887899172034
232;GIMMc;JAPAN;SRD;503.2783045537828
233;GIMMc;KENYA;SDG;1644100.8229034434
234;GIMMc;TOGO;THB;101447.01957996466
235;GIMMc;SWAZILAND;VUV;444173.17110800353
236;GIMMc;BANGLADESH;BND;4983.934972173067
237;GIMMc;SERBIA;XAF;1555448.8851974986
238;AKN22;PHILIPPINES;SEK;143214.35140506626
239;AKN22;SINGAPORE;JOD;8175.4755157938735
240;AKN22;MACAU;UAH;277887.37433876784
241;AKN22;COLOMBIA;AUD;501.6334729029066
242;AKN22;SYRIAN ARAB REPUBLIC;MVR;128505.72616060554
243;AKN22;URUGUAY;EGP;132203.81119568378
244;AKN22;MAURITANIA;BHD;3354.824717339983
245;AKN22;ANGOLA;NGN;3558889.306475469
246;AKN22;HONG KONG;KWD;3673.8543989685763
247;AKN22;PARAGUAY;ETB;223006.43175472668
248;AKN22;SINGAPORE;LBP;1155796.4293505794
249;LLVXW;PARAGUAY;TOP;1195.2544323639
250;LLVXW;NIGERIA;KHR;4770050.745934136
251;BBLX3;LATVIA;TWD;335.8155838405553
252;BBLX3;CENTRAL AFRICAN REPUBLIC;XOF;30985.49411078582
253;BBLX3;JORDAN;TTD;182.79697673597227
254;BBLX3;IRAN (ISLAMIC REPUBLIC OF);PAB;45.996168718307366
255;BBLX3;SEYCHELLES;MZN;2197.380627286091
256;BBLX3;PANAMA;XPF;4111.668661670339
257;BBLX3;COSTA RICA;DZD;3879.554292290536
258;BBLX3;PAPUA NEW GUINEA;IQD;54792.89381442918
259;BBLX3;HAITI;TRY;1014.2561667774571
260;BLWWb;BERMUDA;CAD;1530.4126062736889
261;BLWWb;BELIZE;SYP;922922.2224588309
262;BLWWb;MALAWI;NIO;17605.614933281002
263;BLWWb;PERU;MVR;19543.840497978683
264;BLWWb;THAILAND;CYP;1488.0225341838611
265;BLWWb;SAO TOME AND PRINCIPE;DJF;533659.7264482268
266;BLWWb;JAMAICA;KYD;730.955817427511
267;BLWWb;RUSSIAN FEDERATION;NAD;48753.50231968737
268;BLWWb;SOUTH AFRICA;XOF;1795875.2475505434
269;BLWWb;PAPUA NEW GUINEA;MZN;64887.49834535556
270;BLWWb;LIBYAN ARAB JAMAHIRIYA;LRD;468088.57295513083
271;BLWWb;VENEZUELA;BRL;14447.23239383182
272;BLWWb;JORDAN;VES;35102.239532807886
273;BLWWb;SUDAN;EUR;1790.0165896789447
274;BLWWb;KENYA;JOD;1147.1789177981739
275;DEKac;CHILE;IRR;4596025.320131734
276;DEKac;EURO;SCR;2242.7626304765463
277;DEKac;ZIMBABWE;TWD;2717.5735270427626
278;DEKac;GUINEA;NIO;3354.4791451125916
279;DEKac;EL SALVADOR;FJD;390.746526059707
280;DEKac;SINGAPORE;GTQ;2770.9795863037107
281;DEKac;LAO PEOPLE'S DEMOCRATIC REP;RSD;33438.19233946326
282;DEKac;TAIWAN, PROVINCE OF CHINA;HNL;3581.403102244086
283;DEKac;COSTA RICA;SBD;362.4591502322534
284;DEKac;MOZAMBIQUE;XOF;218974.61948430078
285;DEKac;SUDAN;COP;1483489.8579373786
286;DEKac;ALGERIA;UGX;339534.99877212715
287;DEKac;ROMANIA;GYD;67986.71121071957
288;DEKac;JAMAICA;HTG;26815.92918216279
289;DEKac;NEPAL;LKR;92297.50597038647
290;DGIMZ;SERBIA;SLL;4909302.695972583
291;DGIMZ;SERBIA;VES;2898.4332880987886
292;DGIMZ;DOMINICA;LVL;205.7132683721772
293;DGIMZ;PARAGUAY;HKD;2703.006684030322
294;DGIMZ;SOMALIA;VES;8019.151876961751
295;DGIMZ;ZAMBIA;SZL;3652.875895485788
296;DGIMZ;BARBADOS;ZWL;236366.91830676224
297;DGIMZ;TRINIDAD AND TOBAGO;COP;2021929.8925797052
298;DGIMZ;LAO PEOPLE'S DEMOCRATIC REP;GNF;3444053.5925218323
299;DGIMZ;BAHRAIN;MZN;16428.154479458808
300;DGIMZ;ARUBA;DKK;1952.005640164392
301;DGIMZ;ETHIOPIA;TOP;943.7877377735538
302;EJJKa;BRUNEI DARUSSALAM;CNY;188719.10419233507
303;EJJKa;SWITZERLAND;NOK;107645.1618691856
304;CDGLN;BAHRAIN;BMD;3532.600548567506
305;CDGLN;BRAZIL;JMD;1680730.0252872237
306;CDGLN;HONDURAS;CLP;1400534.7302206901
307;CDGLN;SERBIA;KWD;3242.3992664235147
308;CDGLN;CHILE;YER;1820528.740561893
309;CDGLN;CZECH REPUBLIC;PGK;22848.46442608134
310;CDGLN;NIGERIA;PES;1992243.5733702516
311;CDGLN;BANGLADESH;CVE;817188.0069975585
312;CDGLN;SINGAPORE;YER;-31125.578606954903
313;CDGLN;IRAN (ISLAMIC REPUBLIC OF);XPF;272676.1259740706
314;CDGLN;MAURITANIA;LKR;2849616.4826399223
315;IKVV3;GUATEMALA;ARS;647260.7041490903
316;IKVV3;CANADA;HUF;1126292.0794357671
317;IKVV3;TONGA;TZS;6435754.695620854
318;EMXWa;CROATIA;JPY;413208.5785085856
319;EMXWa;BANGLADESH;XOF;1526733.5089395454
320;EMXWa;CAMBODIA;MUR;158039.0523726145
321;EMXWa;YEMEN;SBD;25237.20895630638
322;EMXWa;YEMEN;BWP;75148.00578918151
323;EMXWa;SURINAME;BWP;39085.68715836432
324;GHJKW;SERBIA;VUV;336908.83129285066
325;GHJKW;CAPE VERDE;EUR;8702.500763427402
326;GHJKW;ARUBA;IQD;8412252.504059028
327;GHJKW;UKRAINE;LAK;-1651391.2110355739
328;GHJKW;SOMALIA;YER;2307501.8934243303
329;GHJKW;PAKISTAN;AED;2715.016612384678
330;GHJKW;AUSTRALIA;MOP;36261.691887488174
331;GHJKW;JAPAN;TWD;39369.93340252659
332;GHJKW;TRINIDAD AND TOBAGO;GYD;1316929.2358148063
333;GHJKW;PERU;AWG;11128.013074779385
334;GHJKW;CHINA;MYR;34984.19497806112
335;GHJKW;KUWAIT;IRR;355882118.95436966
336;GHJKW;EURO;BND;3097.6869368034986
337;GHJKW;CAPE VERDE;MOP;69412.07264687734
338;GGHVc;GUYANA;TWD;52793.44909363201
339;GGHVc;GHANA;PLN;6186.592198860915
340;GGHVc;QATAR;PHP;57867.54019744472
341;GGHVc;SWAZILAND;MYR;2717.6986391945147
342;GGHVc;SEYCHELLES;IRR;52396799.80579586
343;GGHVc;SUDAN;CHF;885.3139033042823
344;GGHVc;QATAR;AED;1991.815738991122
345;GGHVc;AUSTRALIA;ZWL;432022.13944853254
346;GGHVc;GAMBIA;VND;49868804.94552948
347;BVYZZ;BAHAMAS;RSD;411159.2145185541
348;BVYZZ;MALDIVES;PES;176725.33459987954
349;BVYZZ;SWEDEN;TTD;18167.084873992997
350;BVYZZ;CHILE;AOA;239573.1038706444
351;BVYZZ;MALDIVES;HKD;27846.839367169603
352;BVYZZ;THAILAND;SYP;1378118.265904375
353;IVYab;JAMAICA;CLP;5581214.539648648
354;IVYab;IRAQ;UGX;11264947.69137925
355;IVYab;MOZAMBIQUE;GTQ;13414.03028892552
356;IVYab;SYRIAN ARAB REPUBLIC;PGK;20737.665040391657
357;IVYab;MALDIVES;EUR;2297.025070385034
358;IVYab;JAMAICA;BMD;5558.619659687939
359;IVYab;UGANDA;BND;6538.327173552316
360;IVYab;DOMINICAN REPUBLIC;HTG;250084.77383456565
361;IVYab;GAMBIA;HKD;41277.970143216655
362;IVYab;MALDIVES;BBD;2381.7380517041984
363;IVYab;BAHAMAS;CRC;3108687.917490995
364;IVYab;MALDIVES;PES;257447.72226310574
365;IVYab;VANUATU;UAH;7477.977555720003
366;IVYab;ICELAND;BRL;4188.166249160808
367;IVYab;PAPUA NEW GUINEA;LAK;41745192.56462797
368;IVYab;SRI LANKA;NIO;187734.9074190838
369;IVYab;UKRAINE;PHP;197229.9617376778
370;EXXYZ;PANAMA;DJF;926223.4724860903
371;EXXYZ;NICARAGUA;GHS;24050.846864088086
372;EXXYZ;SOUTH AFRICA;XAF;6522195.604609669
373;EXXYZ;FRENCH POLYNESIA;NZD;15618.98839213752
374;EXXYZ;BOTSWANA;LKR;2152348.640135943
375;EXXYZ;LAO PEOPLE'S DEMOCRATIC REP;RWF;494038.03212862567
376;EXXYZ;EL SALVADOR;AED;26932.46128023488
377;EXXYZ;KENYA;BRL;40634.73076973236
378;EXXYZ;GAMBIA;ZMW;153375.9891945969
379;EXXYZ;BOLIVIA;PKR;1176893.2010559025
380;EXXYZ;ALBANIA;KES;1016095.3865443595
381;EXXYZ;PHILIPPINES;TZS;22714483.727215197
382;EXXYZ;BELIZE;XPF;74484.88351404558
383;EXXYZ;FRENCH POLYNESIA;HUF;1513135.9283344313
384;EXXYZ;CAMBODIA;EGP;35587.43282757803
385;CGJcc;VENEZUELA;MYR;2681.998424907714
386;CGJcc;ZAMBIA;PAB;720.9840714286031
387;CGJcc;INDONESIA;MAD;3487.0700459803816
388;CGJcc;SOMALIA;INR;36494.18433216789
389;CGJcc;KAZAKHSTAN;AZN;883.4139652124242
390;CGJcc;CYPRUS;XOF;476400.5223539344
391;CGJcc;NETHERLANDS ANTILLES;SYP;314667.06777735625
392;CGJcc;CAMBODIA;SCR;6092.012780820988
393;CGJcc;BRUNEI DARUSSALAM;WST;649.5292907522439
394;CGJcc;CHINA;HTG;20857.24918737817
395;CGJcc;BELIZE;MUR;7767.705011369856
396;CGJcc;BRAZIL;RSD;66247.52678142613
397;CGJcc;NEPAL;TOP;703.2195760472027
398;CGJcc;POLAND;CNY;4694.506656466071
399;CGJcc;CANADA;MYR;2188.032424398002
400;CGJcc;MALDIVES;SYP;190448.8659469487
401;CGJcc;SWAZILAND;MUR;18072.241006213768
402;CGJcc;CHILE;MXN;15507.909878860388
403;CGJcc;MALDIVES;AUD;403.19933354358966
404;CGJcc;BERMUDA;WST;246.38825670743148
405;FGMNX;LIBERIA;UAH;2575.8472231237515
406;FGMNX;HUNGARY;UAH;1791.9133994635267
407;FGMNX;SEYCHELLES;JMD;5046.891865703795
408;FGMNX;BHUTAN;OMR;3.260834260502507
409;FGMNX;HONG KONG;HNL;1515.7715229793175
410;FGMNX;BAHRAIN;DJF;12188.471143819363
411;FGMNX;LIBYAN ARAB JAMAHIRIYA;CYP;36.5185518325872
412;FGMNX;PAKISTAN;JPY;10307.278229488933
413;FGMNX;JAPAN;BND;143.96639977240363
414;FGMNX;ZIMBABWE;FJD;77.22483678013668
415;FGMNX;DENMARK;NGN;24167.335848274954
416;FGMNX;ZAMBIA;BGN;71.0744459246484
417;FGMNX;TONGA;WST;164.60572641907336
418;FGMNX;ISRAEL;NAD;1613.829335393617
419;FGMNX;UNITED KINGDOM;SVC;40.53462459382936
420;FGMNX;SYRIAN ARAB REPUBLIC;ANG;209.36773080922072
421;AAMZ3;ETHIOPIA;MRO;66117.70423481369
422;AAMZ3;HUNGARY;UGX;227480.8814228856
423;AAMZ3;NEPAL;UAH;3294.5879082999813
424;AAMZ3;OMAN;GHS;2108.6638501631073
425;AAMZ3;YEMEN;ARS;47320.59598464494
426;AAMZ3;DOMINICA;INR;9929.796445876897
427;AAMZ3;MALDIVES;CLP;22591.07941129573
428;AAMZ3;SAMOA;BMD;90.87821041682467
429;AAMZ3;TURKEY;UGX;68851.50291937031
430;AAMZ3;BOLIVIA;BBD;350.13812426383413
431;AAMZ3;THAILAND;JMD;10744.325070837805
432;AAMZ3;HAITI;LYD;1169.560634560282
433;AAMZ3;MAURITANIA;LYD;766.4751026408051
434;AAMZ3;NIGERIA;TWD;3555.0832190839583
435;AAMZ3;BURUNDI;VND;212535.90824381105
436;AAMZ3;MALAYSIA;RWF;108811.09542192245
437;AAMZ3;VENEZUELA;BGN;53.224967227209554
438;AAMZ3;MADAGASCAR;CAD;326.24140499828525
439;AAMZ3;HUNGARY;BZD;24.204246047314644
440;AAMZ3;BOTSWANA;LKR;56070.89224807217
441;NNYZc;CROATIA;VND;22549711.626219377
442;NNYZc;ARGENTINA;KHR;2909663.0703824814
443;NNYZc;GAMBIA;IRR;698308953.2747215
444;NNYZc;BRAZIL;INR;534607.7180140425
445;DJLNY;LIBYAN ARAB JAMAHIRIYA;MOP;11222.589368800986
446;DJLNY;TAIWAN, PROVINCE OF CHINA;IQD;2353431.014095724
447;DJLNY;FIJI;GNF;24214732.17884864
448;DJLNY;VIET NAM;BND;328.48551826357766
449;DJLNY;MOZAMBIQUE;STD;75351580.43087627
450;DJLNY;COSTA RICA;ARS;599374.1080413347
451;DJLNY;ZAMBIA;ARS;967392.3411631255
452;DJLNY;CROATIA;CAD;3206.2270443855205
453;DJLNY;ROMANIA;BRL;16332.026591151134
454;DJLNY;AUSTRALIA;IDR;64327895.66853825
455;DJLNY;AUSTRALIA;PAB;1892.3346332753908
456;DJLNY;UGANDA;FJD;718.8640252512106
457;AMMVb;SWEDEN;XAF;209208.5449212613
458;AMMVb;COSTA RICA;MMK;5548069.965079822
459;AMMVb;MOROCCO;BWP;31905.843794462395
460;AMMVb;BERMUDA;GTQ;13736.568321121398
461;AMMVb;SUDAN;UYU;7664.0074367651
462;AMMVb;TANZANIA, UNITED REPUBLIC OF;JPY;464742.81013949594
463;AMMVb;SWAZILAND;VES;12350.082081171326
464;AMMVb;CENTRAL AFRICAN REPUBLIC;LKR;576275.0093386568
465;AMMVb;TURKEY;LVL;2027.1988844452076
466;AMMVb;CHINA;GBP;2356.375440117556
467;AMMVb;DENMARK;BDT;226955.75345838326
468;AMMVb;INDIA;RUB;178777.73751325
469;BDGY2;KUWAIT;LYD;51194.29126102956
470;BDGY2;ICELAND;UGX;44221007.333051436
471;BDGY2;GUINEA;PAB;5843.900471453595
472;BDGY2;INDONESIA;XPF;518967.156122185
473;BDGY2;MEXICO;LKR;716517.8142659704
474;BDGY2;LATVIA;AOA;4132277.085324063
475;BDGY2;CANADA;BMD;2801.8863733149155
476;BDGY2;CANADA;UGX;33521802.257703647
477;BDGY2;LEBANON;MUR;154249.75806397808
478;BDGY2;YEMEN;BYR;67997284.48223712
479;BDGY2;MAURITIUS;BTN;715711.8760064456
480;BDGY2;SOUTH AFRICA;COP;20393025.34332515
481;BDGY2;BHUTAN;RWF;5703638.791711607
482;BDGY2;TRINIDAD AND TOBAGO;JMD;262332.25497583614
483;BDGY2;JORDAN;CZK;89327.2028051363
484;BDGY2;IRAN (ISLAMIC REPUBLIC OF);KES;797790.3124045621
485;BDGY2;UNITED KINGDOM;MRO;2437938.0153840254
486;BDGY2;RUSSIAN FEDERATION;NAD;28933.728891791612
487;HWWZ2;MYANMAR;PGK;27817.336718338473
488;HWWZ2;SURINAME;HNL;253090.9163673791
489;HWWZ2;PARAGUAY;XAF;7996519.083042725
490;HWWZ2;ALBANIA;CHF;12624.022405946744
491;HWWZ2;EGYPT;BIF;26386298.743378367
492;HWWZ2;UNITED ARAB EMIRATES;SGD;13313.004570931056
493;HWWZ2;VANUATU;KHR;21963349.520248987
494;HWWZ2;SOLOMON ISLANDS;XAF;3898977.9933328554
495;BFKV3;SAUDI ARABIA;NIO;80973.16093696193
496;BFKV3;ZAMBIA;ANG;736.1101717607166
497;BFKV3;PHILIPPINES;PKR;465847.41396526754
498;BFKV3;SOMALIA;BGN;5688.807391224575
499;BFKV3;BELIZE;YER;737199.9253731156
500;BFKV3;PANAMA;GMD;47324.33952593404
501;BFKV3;KUWAIT;LVL;766.1153809617439
502;BFKV3;ICELAND;SLL;33228083.941297438
503;BFKV3;AUSTRALIA;FJD;3120.578484183599
504;BFKV3;BELIZE;KHR;1637522.8877896175
505;BFKV3;DOMINICA;KYD;545.233345239513
506;BFKV3;NEPAL;ZAR;38921.00730330859
507;BFKV3;CROATIA;GYD;436855.7944021736
508;BFKV3;ZAMBIA;PLN;5141.333629228307
509;BFKV3;SUDAN;DZD;252077.12683888202
510;ILVW2;NIGERIA;CYP;3099.09332027759
511;ILVW2;HUNGARY;SYP;3134270.5098431483
512;ILVW2;HUNGARY;SCR;141318.284074191
513;ILVW2;SOMALIA;KRW;8021866.8361476585
514;ILVW2;MALDIVES;NPR;1409101.7875696737
515;ILVW2;INDIA;COP;48104200.98017783
516;ILVW2;MADAGASCAR;MGA;38270281.59137213
517;ILVW2;PAPUA NEW GUINEA;ALL;1118627.96574921
518;ILVW2;ZAMBIA;ALL;776206.2428553412
519;ILVW2;CROATIA;TND;10735.594271420865
520;ILVW2;SEYCHELLES;RWF;6548127.869599302
521;ILVW2;IRAN (ISLAMIC REPUBLIC OF);MMK;21600658.002334014
522;ILVW2;NORWAY;VES;110747.577271594
523;ILVW2;BOTSWANA;FJD;22728.629131288577
524;CXaa3;TAIWAN, PROVINCE OF CHINA;UGX;38744579.95161652
525;CXaa3;TUNISIA;ZAR;339057.33637501515
526;CXaa3;SERBIA;ANG;65138.74996948102
527;CXaa3;NORWAY;MVR;-8835.32545491717
528;CXaa3;VANUATU;TRY;528013.6953259883
529;CXaa3;BARBADOS;HTG;7803151.419369365
530;CXaa3;YEMEN;HNL;902414.6725135576
531;CXaa3;BAHRAIN;BSD;50192.576093499156
532;CXaa3;BANGLADESH;SEK;567155.1246636255
533;CXaa3;COSTA RICA;CRC;27969319.522655245
534;BCCVY;HUNGARY;AZN;14311.430349757815
535;BCCVY;MACAU;EGP;231863.9337282785
536;BCCVY;MEXICO;IRR;146380043.44888112
537;BCCVY;ISRAEL;EUR;1723.7028171271256
538;BCCVY;MALAWI;LRD;1114244.6933596933
539;BCCVY;LATVIA;BZD;9570.111669127422
540;BCCVY;PARAGUAY;SLL;136092928.90987727
541;BCCVY;KOREA, REPUBLIC OF;RON;30792.356715182348
542;BCCVY;HONDURAS;CLP;4377701.408625339
543;BCCVY;TURKEY;VND;227780898.6871744
544;BCCVY;ANGOLA;FJD;3360.7483000246134
545;BCCVY;DJIBOUTI;RUB;437703.49522242055
546;HJJc1;ICELAND;HTG;688797.1331609836
547;HJJc1;QATAR;NGN;2894901.5499059954
548;HJJc1;MAURITIUS;ZWL;3071501.9339336716
549;ALLL3;BRUNEI DARUSSALAM;BGN;15924.341446278597
550;ALLL3;PHILIPPINES;MMK;3621476.3667418766
551;ALLL3;JORDAN;NZD;4617.585134639565
552;ALLL3;BRAZIL;YER;1620155.658284494
553;ALLL3;EGYPT;THB;57851.71778989165
554;ALLL3;IRAN (ISLAMIC REPUBLIC OF);DJF;1097605.027567146
555;ALLL3;INDIA;AZN;8051.265660709452
556;ALLL3;IRAN (ISLAMIC REPUBLIC OF);STD;94802480.50898612
557;ALLL3;PANAMA;DOP;78419.7039513535
558;ALLL3;ZIMBABWE;BWP;89996.86127582596
559;ALLL3;AUSTRALIA;ISK;402143.2145408251
560;ALLL3;BAHAMAS;KES;839193.4918485078
561;CDKL3;UGANDA;LVL;3314.808305156787
562;CDKL3;INDONESIA;ARS;836654.2941635742
563;CDKL3;YEMEN;BBD;5357.765727984717
564;CCDHc;RUSSIAN FEDERATION;COP;17784257.888369944
565;CCDHc;LIBERIA;ALL;137083.84738675726
566;CCDHc;VENEZUELA;XPF;206354.93698953485
567;CCDHc;UKRAINE;MRO;396882.1395188162
568;CCDHc;NAMIBIA;TOP;6407.732376497239
569;CCDHc;FIJI;ARS;18932.47808622471
570;CCDHc;EL SALVADOR;QAR;3484.7017405548754
571;CCDHc;AZERBAIJAN;KRW;1806375.311127961
572;CCDHc;INDIA;CNY;3026.1374237101245
573;CCDHc;ICELAND;HKD;9719.123764115686
574;CCDHc;BAHRAIN;MRO;696877.8268692574
575;CCDHc;BELARUS;GBP;2778.053322180656
576;CCDHc;SOUTH AFRICA;ISK;3766.80881255407
577;CCDHc;DOMINICAN REPUBLIC;BWP;47208.37687330286
578;CCDHc;PAPUA NEW GUINEA;SRD;6585.181928089854
579;CCDHc;TOGO;SCR;17129.561848669397
580;CCDHc;POLAND;BGN;6667.127208283744
581;CCDHc;AUSTRALIA;DJF;569991.3115317551
582;MVYab;TRINIDAD AND TOBAGO;TOP;7124.639428040538
583;MVYab;RWANDA;NPR;1125617.0059353365
584;MVYab;PERU;IDR;58912393.46528855
585;MVYab;MYANMAR;UAH;144311.26645478248
586;MVYab;MADAGASCAR;SLL;37784128.77992185
587;MVYab;SOUTH AFRICA;LYD;12138.832631348045
588;MVYab;KENYA;SGD;2860.4739340105866
589;MVYab;ZAMBIA;GYD;161574.74246158145
590;MVYab;MACAU;JMD;1029747.8436409819
591;MVYab;HUNGARY;NIO;38066.10660257229
592;MVYab;SOMALIA;LVL;3372.332726702267
593;CEKXX;ZIMBABWE;RON;476.38177594170526
594;CEKXX;RWANDA;FJD;1974.4622872995321
595;CEKXX;MALDIVES;ZAR;19785.09018169172
596;CEKXX;SIERRA LEONE;MVR;2145.3563926769593
597;CEKXX;BANGLADESH;SLL;29275578.307309836
598;CEKXX;SIERRA LEONE;AOA;33966.622058510504
599;CEKXX;BANGLADESH;HTG;246672.82885894625
600;CEKXX;SAUDI ARABIA;INR;43806.91314186144
601;CEKXX;GAMBIA;THB;29332.142523358838
602;CEKXX;RWANDA;BBD;2324.409430299897
603;CEKXX;TOGO;SBD;13492.698491740106
604;CEKXX;UNITED KINGDOM;STD;24146476.663601
605;CEKXX;VIET NAM;CVE;215383.43478804355
606;CEKXX;UKRAINE;ISK;34089.43200070343
607;CEKXX;BULGARIA;MAD;1459.7321111655683
608;CEKXX;ICELAND;LVL;907.4235504368964
609;CEKXX;LIBERIA;AUD;2404.796963690609
610;CEKXX;GUATEMALA;MXN;25239.45768429121
611;CEKXX;HUNGARY;ZAR;14134.200531772714
612;DGGHV;OMAN;BYR;3911083.0846397527
613;DGGHV;KAZAKHSTAN;COP;4235932.43661247
614;DGGHV;JORDAN;JOD;405.11164549720803
615;DGGHV;AZERBAIJAN;MVR;8768.184734571532
616;DGGHV;UNITED KINGDOM;VES;6318.286201720334
617;DGGHV;VENEZUELA;SZL;5749.746157543859
618;DGGHV;HUNGARY;HNL;5606.913575406577
619;DGGHV;TONGA;LKR;52823.25934445934
620;EMZa3;PHILIPPINES;CYP;860.710367195618
621;EMZa3;SWITZERLAND;VUV;47452.604770043275
622;EMZa3;OMAN;ETB;56929.7957870168
623;EMZa3;ANGOLA;NPR;63220.81075069562
624;EMZa3;SEYCHELLES;SYP;844257.8959713661
625;EMZa3;EURO;GHS;10750.633521263633
626;EMZa3;BAHAMAS;CNY;4185.815849425844
627;EMZa3;GUATEMALA;ANG;313.9938219245315
628;CHIVb;COSTA RICA;DKK;9314.97185436056
629;CHIVb;IRAN (ISLAMIC REPUBLIC OF);DKK;13097.86046801948
630;CHIVb;CHINA;THB;30720.70262384965
631;CHIVb;INDONESIA;UAH;62921.64794415717
632;CHIVb;SWITZERLAND;GNF;853655.2503118032
633;CHIVb;POLAND;ZWL;490790.7748532959
634;CHIVb;KOREA, REPUBLIC OF;CLP;1191856.1384015388
635;CHIVb;ZIMBABWE;BDT;81228.34492790684
636;CHIVb;SWAZILAND;AUD;1146.267496758986
637;CHIVb;GUYANA;ZWL;402550.70823319757
638;CHIVb;PAPUA NEW GUINEA;IRR;26900746.952779878
639;CHIVb;TURKEY;FJD;3754.4380020238054
640;CHIVb;SRI LANKA;CNY;7604.715867309451
641;CHIVb;TONGA;SLL;22539091.16805304
642;CHIVb;MOZAMBIQUE;ZMW;23050.15058233713
643;HXWYa;TRINIDAD AND TOBAGO;JPY;167078.38357805912
644;HXWYa;MAURITIUS;BDT;86094.16432048976
645;HXWYa;NAMIBIA;DKK;4072.4811839410813
646;KVWY1;SRI LANKA;OMR;59.86081306942853
647;KVWY1;SOUTH AFRICA;JPY;53730.19885886749
648;KVWY1;TURKEY;TRY;5882.419220901103
649;KVWY1;BARBADOS;YER;108792.89167015634
650;KVWY1;COSTA RICA;AWG;763.5335646895921
651;KVWY1;RUSSIAN FEDERATION;BYR;5028534.445204971
652;KVWY1;MAURITIUS;ALL;9926.292646839114
653;KVWY1;PAPUA NEW GUINEA;LVL;241.63908426891086
654;KVWY1;CYPRUS;BSD;12.892232313815432
655;KVWY1;INDONESIA;TND;353.3585759790963
656;KVWY1;RUSSIAN FEDERATION;THB;7765.159440165798
657;KVWY1;MOROCCO;MGA;167899.58912692452
658;KVWY1;KUWAIT;SAR;944.7556720128887
659;KVWY1;UKRAINE;ANG;505.2292446288922
660;KVWY1;BARBADOS;MWK;140564.4940999928
661;KVWY1;THAILAND;DKK;360.2886414216895
662;KVWY1;INDIA;KHR;891513.0406594401
663;KVWY1;MAURITANIA;TWD;3189.751833953826
664;DGGIV;EL SALVADOR;SDG;613609.0193579053
665;DGGIV;LIBERIA;STD;4183618.160226219
666;DGGIV;KAZAKHSTAN;AZN;235.00910772350193
667;DGGIV;KOREA, REPUBLIC OF;QAR;973.9787412604718
668;DGGIV;IRAN (ISLAMIC REPUBLIC OF);HRK;306.09162394338114
669;DGGIV;SOUTH AFRICA;DZD;38144.031579781695
670;BGIa3;BRUNEI DARUSSALAM;VND;27448655.226970382
671;BGIa3;ZAMBIA;ZAR;3822.2730930139433
672;BGIa3;RWANDA;SLL;7120193.423739836
673;BGIa3;MOROCCO;EUR;1415.4942022150206
674;IKNX3;FRENCH POLYNESIA;MXN;175375.88784229694
675;IKNX3;GUINEA;EUR;353.03675494483053
676;IKNX3;LAO PEOPLE'S DEMOCRATIC REP;INR;498828.5780486945
677;IKNX3;NEPAL;BTN;630973.1805553528
678;IKNX3;GHANA;THB;394528.65368684405
679;IKNX3;GHANA;PAB;10899.288818365769
680;IKNX3;SWAZILAND;ARS;768039.6869451575
681;IKNX3;CHINA;EUR;15238.59119700832
682;IKNX3;KUWAIT;PEN;13626.224271138219
683;IKNX3;COSTA RICA;PAB;13046.348970269682
684;IKNX3;OMAN;ALL;348505.3221078754
685;IKNX3;TRINIDAD AND TOBAGO;YER;2386187.094229298
686;IKNX3;TOGO;BND;10429.793539836532
687;IJXYZ;COSTA RICA;COP;2834438.107238742
688;IJXYZ;VENEZUELA;EGP;11534.679498286563
689;IJXYZ;DJIBOUTI;YER;328165.38886021
690;IJXYZ;COLOMBIA;SEK;-19.503907442807026
691;IJXYZ;PAPUA NEW GUINEA;CRC;442287.40505168564
692;IJXYZ;BRAZIL;NZD;1840.436344514615
693;IJXYZ;SOLOMON ISLANDS;SAR;3070.095827078206
694;IJXYZ;SAUDI ARABIA;ZWL;372228.8298103381
695;IJXYZ;BRUNEI DARUSSALAM;DZD;209814.3254989834
696;BNYc2;UGANDA;BOB;6070.251547330594
697;BNYc2;FIJI;NIO;583239.21056714
698;BNYc2;PERU;XPF;2503666.3384105405
699;BNYc2;SOLOMON ISLANDS;HTG;660627.0329718214
700;BNYc2;UKRAINE;UAH;308584.9440223179
701;BNYc2;MALDIVES;RSD;1857132.5148650364
702;BNYc2;MALAYSIA;FJD;34116.2472000751
703;JLLXX;SYRIAN ARAB REPUBLIC;LYD;95796.11326355259
704;JLLXX;JAMAICA;ANG;39283.94660570276
705;JLLXX;BRAZIL;HTG;12500005.630828949
706;JLLXX;AZERBAIJAN;PYG;682490570.8910094
707;JLLXX;MOZAMBIQUE;XCD;141126.44994331794
708;JLLXX;DJIBOUTI;LVL;32626.932534428037
709;JLLXX;SURINAME;IQD;15668571.471928732
710;JLLXX;INDIA;GNF;117588326.02012429
711;JLLXX;SOUTH AFRICA;GYD;21208861.940022573
712;JLLXX;ISRAEL;UYU;4565755.668637098
713;JLLXX;LATVIA;UAH;1033739.7793146108
714;CCNNY;CAMBODIA;ISK;37047.82065809532
715;CCNNY;SWEDEN;AED;471.2300442424552
716;CCNNY;KENYA;SOS;79412.52958777393
717;CCNNY;BAHAMAS;BZD;30.70793646557799
718;CCNNY;CAYMAN ISLANDS;BMD;157.96577655006573
719;CCNNY;JAMAICA;SBD;939.6501023739527
720;CCNNY;ZIMBABWE;JMD;17338.371430731197
721;CCNNY;BANGLADESH;SGD;341.45769921458066
722;CCNNY;BAHAMAS;LVL;119.56213462407398
723;CCNNY;BURUNDI;BZD;458.42126226645166
724;CCNNY;INDONESIA;PES;17555.206629187585
725;CCNNY;ISRAEL;TTD;240.5829600822838
726;CCNNY;GUATEMALA;PHP;4605.820024309841
727;CCNNY;UKRAINE;CVE;28532.465819864778
728;CCNNY;UNITED KINGDOM;UGX;1070367.510164038
729;CCNNY;JORDAN;KHR;416942.4309947983
730;CCNNY;ARGENTINA;RUB;4083.7824214691423
731;JKLYZ;MACAU;ALL;2039486.6852791174
732;JKLYZ;PANAMA;BRL;130902.87080461312
733;JKLYZ;SURINAME;LRD;728188.4633654127
734;JKLYZ;BAHAMAS;KYD;3041.1040466222635
735;JKLYZ;LIBERIA;CVE;1002312.2009561355
736;JKLYZ;LIBYAN ARAB JAMAHIRIYA;BBD;47345.46978519525
737;BFLLL;COSTA RICA;BRL;2527.161410484871
738;BFLLL;NICARAGUA;UAH;21778.315573820375
739;BFLLL;MADAGASCAR;CYP;112.68742695018737
740;BFLLL;PAKISTAN;CNY;3131.910339695517
741;BFLLL;ZAMBIA;PHP;32836.19240999122
742;BFLLL;MAURITANIA;PGK;642.1822394818228
743;BFLLL;SYRIAN ARAB REPUBLIC;NGN;194732.46515963844
744;BFLLL;QATAR;OMR;105.44702438249902
745;BFLLL;TRINIDAD AND TOBAGO;GNF;2023092.1646420995
746;ABDIL;DJIBOUTI;BHD;13.642849530588599
747;ABDIL;NEPAL;BDT;98034.76151051423
748;ABDIL;PHILIPPINES;RON;2842.9351600249256
749;ABDIL;UNITED ARAB EMIRATES;IRR;34135268.72670615
750;ABDIL;CZECH REPUBLIC;GMD;26850.420540219733
751;ABDIL;ANGOLA;CNY;3826.34094583728
752;ABDIL;MOROCCO;HTG;23351.051379282544
753;ABDIL;CAPE VERDE;PGK;3025.19522862161
754;ABDIL;ZIMBABWE;AOA;342621.923924971
755;ABDIL;SRI LANKA;UAH;28302.99543453316
756;ABDIL;GHANA;STD;5571124.0756161325
757;ABDIL;AZERBAIJAN;CAD;1158.0744403884173
758;AEHIb;SWEDEN;IQD;29854064.98062487
759;AEHIb;SERBIA;ZWL;13069531.94457252
760;AEHIb;FRENCH POLYNESIA;NPR;1322837.7943331546
761;FFXXb;MACAU;SZL;127561.30151493284
762;FFXXb;GUYANA;CVE;164119.4677682384
763;FFXXb;ETHIOPIA;BTN;832004.3526867289
764;FFXXb;AUSTRALIA;XAF;4373947.56683181
765;FFXXb;TOGO;AOA;4729940.005453014
766;FFXXb;CYPRUS;MXN;52520.94170259347
767;FFXXb;CROATIA;MUR;325636.8498754809
768;FFXXb;SRI LANKA;ILS;17536.372230360055
769;FFXXb;PERU;ZAR;131961.4693609056
770;FFXXb;CAMBODIA;GNF;44973842.875676475
771;FFXXb;IRAQ;MVR;160708.77944142715
772;FFXXb;SIERRA LEONE;MYR;12692.301910618191
773;FFXXb;BANGLADESH;THB;213138.50986587224
774;FFXXb;COLOMBIA;FJD;13545.770648778016
775;FFXXb;GUATEMALA;NIO;111360.99477371818
776;FFXXb;FRENCH POLYNESIA;MWK;3786006.64749947
777;FFXXb;NEPAL;MUR;391644.3194448351
778;GJJYb;BULGARIA;MVR;47861.721359641386
779;GJJYb;MAURITANIA;TTD;16756.260378907293
780;GJJYb;SOMALIA;ZMW;26733.892745663667
781;GJJYb;LIBYAN ARAB JAMAHIRIYA;CZK;17314.89966259406
782;GJJYb;ZIMBABWE;ISK;-2659.1374564515104
783;GJJYb;BELIZE;AWG;4835.252721508823
784;GJJYb;SURINAME;MOP;15729.548598717445
785;GJJYb;DOMINICA;BGN;1667.7493884688954
786;GJJYb;SOMALIA;KZT;891469.1099581688
787;GJJYb;KUWAIT;VND;70715748.90790455
788;GJJYb;INDIA;LKR;804386.8625586218
789;GJJYb;INDONESIA;BGN;2060.975479232836
790;GJJYb;BULGARIA;VND;80159519.83144265
791;GJJYb;MEXICO;JOD;2229.5791157497733
792;GJJYb;ETHIOPIA;CNY;23786.972524201206
793;GJJYb;ARUBA;MMK;7462528.66798309
794;GJJYb;CAYMAN ISLANDS;SDG;394296.2385302272
795;GJJYb;PANAMA;UYU;71459.69784222041
796;GJJYb;THAILAND;TWD;46686.38088669593
797;GGZZc;DENMARK;HTG;161122.37384313226
798;GGZZc;DJIBOUTI;RON;21016.837955790223
799;GGZZc;PANAMA;INR;61090.74075543887
800;GGZZc;VANUATU;SZL;17628.991289923757
801;GGZZc;UNITED KINGDOM;VND;55526176.25548663
802;GGZZc;MALAWI;CYP;2906.1110176090892
803;GGZZc;GUINEA;SAR;12583.826149480828
804;GGZZc;MALAYSIA;LAK;31242466.100856062
805;GGZZc;BRAZIL;DOP;210954.18152985483
806;GGZZc;BELIZE;PKR;923431.3543688274
807;GGZZc;BULGARIA;CLP;482532.3976474876
808;GGZZc;CYPRUS;KRW;1867824.9899632132
809;GGZZc;BANGLADESH;AWG;2611.926895876096
810;GGZZc;EURO;TOP;7649.3337072974455
811;GGZZc;DOMINICA;KES;418575.60530798824
812;GGZZc;ZIMBABWE;PEN;20882.304714022222
813;GGZZc;ANGOLA;ETB;37596.662528719186
814;FFIL1;COSTA RICA;CHF;2357.110642798792
815;FFIL1;NEPAL;SVC;28088.618132286938
816;FFIL1;BOTSWANA;TRY;83828.31911105389
817;FFIL1;SIERRA LEONE;BDT;160523.63357300736
818;FFIL1;SWAZILAND;AUD;3196.9113844661415
819;FFIL1;ALGERIA;COP;1741111.1653248211
820;FFIL1;SUDAN;RON;20819.329543946635
821;FFIL1;MEXICO;SVC;11169.265380326462
822;FFIL1;NEPAL;SYP;2222634.7126665805
823;FFIL1;SOLOMON ISLANDS;MXN;85205.1125504807
824;FFIL1;VIET NAM;PES;857103.1871034867
825;FFIL1;LAO PEOPLE'S DEMOCRATIC REP;TND;11195.86577686723
826;FFIL1;SRI LANKA;MYR;4578.623833930899
827;FFIL1;CAMBODIA;BMD;1110.971355702326
828;FFIL1;SIERRA LEONE;THB;1800.6374096612412
829;FFIL1;FIJI;SOS;118419.00201513534
830;FFIL1;ARGENTINA;GMD;143959.3920042737
831;FFIL1;MEXICO;NAD;37676.44341957077
832;FFIL1;ICELAND;VND;33381314.067239612
833;CLVV3;KUWAIT;NPR;57353.05689297256
834;CLVV3;COLOMBIA;TOP;1488.1558935958315
835;CLVV3;MALDIVES;BGN;863.8200678135439
836;CLVV3;TUNISIA;NZD;779.1017786253899
837;DFJJ1;BANGLADESH;NPR;206110.91112518776
838;DFJJ1;JAMAICA;OMR;2114.705139721022
839;DFJJ1;PHILIPPINES;BOB;43379.02070426959
840;DFJJ1;ICELAND;VUV;592325.8806557613
841;DFJJ1;TAIWAN, PROVINCE OF CHINA;YER;1184459.5041918429
842;DFJJ1;UKRAINE;IQD;7295397.58367732
843;DFJJ1;JAMAICA;DJF;1135069.8938228742
844;DFJJ1;BANGLADESH;TWD;42598.52810559435
845;BCJNX;LAO PEOPLE'S DEMOCRATIC REP;XPF;139681.88698785313
846;BCJNX;GAMBIA;DJF;157332.78609704704
847;BCJNX;IRAN (ISLAMIC REPUBLIC OF);EUR;61.523241316416396
848;BCJNX;GUINEA;KYD;1710.8605336922974
849;BCJNX;MAURITIUS;TOP;703.4255989540368
850;BCJNX;NETHERLANDS ANTILLES;BHD;285.8661933063431
851;BCJNX;LIBYAN ARAB JAMAHIRIYA;MZN;97082.16903617072
852;BCJNX;BAHRAIN;BOB;13120.860173162935
853;BCJNX;MAURITIUS;HKD;13412.202518050848
854;BCJNX;EL SALVADOR;XCD;1525.5137710648303
855;BCJNX;BAHAMAS;PLN;5787.420528574561
856;BCJNX;ETHIOPIA;KWD;641.6748547744509
857;BCJNX;ZAMBIA;PYG;2617950.405196461
858;BCJNX;PHILIPPINES;HUF;875800.0874245635
859;BCJNX;PARAGUAY;SVC;1484.3026015729995
860;BCJNX;TRINIDAD AND TOBAGO;GHS;22195.18669452051
861;BCJNX;TANZANIA, UNITED REPUBLIC OF;XOF;1372642.105034331
862;BCJNX;ARGENTINA;MVR;25894.05227611655
863;BCJNX;UKRAINE;SEK;16369.992782519543
864;BCJNX;MAURITIUS;NOK;13697.283531035957
865;IYYac;INDIA;NPR;855363.4119596566
866;IYYac;MALDIVES;BMD;6280.631358505524
867;IYYac;GUYANA;MRO;632000.1553400735
868;IYYac;SOLOMON ISLANDS;MZN;384037.92434059345
869;IYYac;NEPAL;ZMW;45168.78533879951
870;IYYac;MOROCCO;PHP;-2532.4052921701286
871;IYYac;MAURITIUS;HTG;274291.31398458785
872;IYYac;SYRIAN ARAB REPUBLIC;BDT;859976.3160661445
873;IYYac;GUATEMALA;SVC;47450.00727845104
874;IYYac;DOMINICA;BZD;1195.0580535555762
875;IYYac;MYANMAR;STD;209866244.80374938
876;IYYac;BELARUS;CZK;70709.93762539185
877;IYYac;NAMIBIA;RON;24191.41919952929
878;ABBL2;BRUNEI DARUSSALAM;XAF;3348379.356426146
879;AWWW3;HUNGARY;THB;665070.1051052511
880;AWWW3;GUYANA;ARS;6028379.799104505
881;AWWW3;BRAZIL;GHS;211223.74979800495
882;AWWW3;DJIBOUTI;CYP;15625.225603109477
883;AWWW3;BRUNEI DARUSSALAM;AWG;67084.31782561255
884;AWWW3;SAO TOME AND PRINCIPE;GMD;731777.5053036668
885;AWWW3;ARGENTINA;XCD;99240.5904394466
886;AWWW3;SINGAPORE;BRL;39855.168042243764
887;AWWW3;BULGARIA;BBD;92179.0510834648
888;AWWW3;IRAQ;THB;316858.13659756555
889;AWWW3;SAUDI ARABIA;TZS;33048051.001205325
890;AWWW3;PANAMA;ANG;10404.617623712144
891;AWWW3;VANUATU;GNF;257612038.5285536
892;AWWW3;ARUBA;LAK;292825535.4020139
893;AWWW3;INDIA;XCD;136939.39366416313
894;AWWW3;RUSSIAN FEDERATION;RSD;1699834.8363818193
895;IIVV2;BELARUS;TTD;16345.761343409653
896;IIVV2;PANAMA;ISK;715962.5938662817
897;IIVV2;SINGAPORE;SZL;105968.83249194469
898;IIVV2;BAHAMAS;PEN;21341.56051737354
899;IIVV2;FRENCH POLYNESIA;SVC;27997.592817751254
900;IIVV2;MALAWI;DZD;867594.0042678146
901;IIVV2;QATAR;LRD;61327.60341010076
902;FILXc;RWANDA;JPY;233832.0132718339
903;FILXc;KENYA;CVE;52639.50648160515
904;FILXc;THAILAND;ANG;2114.7270996899315
905;FILXc;CAYMAN ISLANDS;GYD;51560.00154365913
906;FILXc;CENTRAL AFRICAN REPUBLIC;LKR;77802.18075991636
907;FILXc;SAUDI ARABIA;BDT;104328.76962224176
908;FILXc;HONDURAS;ISK;160933.11711672798
909;FILXc;CROATIA;SCR;23464.280431781226
910;FILXc;PERU;JMD;182354.12788602716
911;FILXc;SERBIA;ANG;2678.6294134259456
912;FILXc;KAZAKHSTAN;HTG;3861.0687324197606
913;FILXc;TOGO;KZT;849137.5730393523
914;FILXc;CAMBODIA;IRR;50775683.35186751
915;FILXc;QATAR;GNF;359693.59096700297
916;FILXc;MAURITANIA;CYP;946.7270207551699
917;FILXc;SAUDI ARABIA;FJD;1671.9242269761312
918;DFMZc;HUNGARY;SVC;10289.363549411497
919;DFMZc;ANGOLA;NGN;62059.059116367775
920;DFMZc;SWITZERLAND;EGP;3194.5929379580984
921;DFMZc;LIBYAN ARAB JAMAHIRIYA;KZT;1926521.5724886695
922;DFMZc;MYANMAR;AUD;6220.439524532364
923;DFMZc;CAPE VERDE;HKD;13646.387608759182
924;DFMZc;ALGERIA;SYP;655847.0606064739
925;DFMZc;BERMUDA;PES;249401.77549180333
926;DFMZc;TOGO;GYD;169975.18263790887
927;DFMZc;VENEZUELA;MMK;8151850.123990455
928;DFMZc;PHILIPPINES;DKK;34296.6415764418
929;DFMZc;GUINEA;BRL;23213.67196517583
930;DFMZc;EURO;TZS;10278367.539282087
931;DFMZc;SWEDEN;JPY;363654.1120582429
932;BCFMV;CYPRUS;CYP;1017.8960100823648
933;BCFMV;ZIMBABWE;DKK;21098.27903671314
934;BCFMV;KENYA;PGK;5713.522856416473
935;BCFMV;YEMEN;RON;13273.962320635013
936;BCFMV;NETHERLANDS ANTILLES;CZK;3792.6883850833547
937;BCFMV;RUSSIAN FEDERATION;SVC;8854.157551686349
938;ALVZZ;DOMINICAN REPUBLIC;MXN;20692.509295666885
939;ALVZZ;FIJI;SZL;11737.78337760372
940;ALVZZ;JAMAICA;NIO;60335.71734055756
941;ALVZZ;NEW ZEALAND;GNF;4449671.988415695
942;ALVZZ;NORWAY;TZS;3792089.405074044
943;AMZa1;SYRIAN ARAB REPUBLIC;SLL;262448258.21330786
944;AMZa1;SOMALIA;NIO;951316.2001414632
945;AMZa1;CAMBODIA;SOS;13342610.756080607
946;AMZa1;AZERBAIJAN;CAD;28038.57876082537
947;AMZa1;KENYA;CNY;51422.848713548774
948;AMZa1;MOROCCO;AWG;58584.616935703685
949;AMZa1;ARUBA;DJF;1973223.6763379625
950;AMZa1;HUNGARY;NZD;6451.097396455846
951;AMZa1;POLAND;IQD;1529893.7204208113
952;AMZa1;CROATIA;WST;31270.697904515113
953;AMZa1;PARAGUAY;GBP;25877.85688819374
954;AMZa1;JORDAN;ANG;15972.349077640414
955;AMZa1;EGYPT;UYU;325935.4084550733
956;AMZa1;SUDAN;TZS;69467616.4995038
957;AMZa1;SEYCHELLES;BSD;22952.316340838366
958;AMZa1;URUGUAY;JMD;5053279.058324618
959;AMZa1;UGANDA;GNF;35042799.09739149
960;AELZc;PERU;OMR;42.900887824109915
961;AELZc;EURO;VUV;127945.96664967104
962;AELZc;MAURITANIA;CVE;303865.72319758544
963;AELZc;URUGUAY;ALL;8260.413898182605
964;AELZc;MALAYSIA;STD;20797495.119511433
965;AELZc;MEXICO;TWD;151533.80426610773
966;IXXWZ;ISRAEL;IRR;163646264.28914958
967;IXXWZ;KOREA, REPUBLIC OF;LRD;423158.844156537
968;IXXWZ;PERU;CNY;10466.8636779474
969;IXXWZ;UNITED KINGDOM;CVE;547504.5489177651
970;IXXWZ;GUATEMALA;TOP;6255.304372030142
971;IXXWZ;BURUNDI;MOP;7776.279705311251
972;IXXWZ;JORDAN;GYD;1004332.8527823424
973;GVWbc;SOLOMON ISLANDS;XPF;900531.7933668328
974;GVWbc;RWANDA;ZWL;4623080.5661357585
975;GVWbc;SYRIAN ARAB REPUBLIC;BBD;15877.108353887363
976;GVWbc;QATAR;PHP;292206.8904011762
977;GVWbc;CROATIA;ZAR;7454.404930959651
978;GVWbc;BRUNEI DARUSSALAM;CHF;3683.4230719648913
979;GVWbc;ICELAND;MRO;1053958.5898959164
980;GVWbc;SUDAN;HUF;1850818.840393617
981;GVWbc;KOREA, REPUBLIC OF;DKK;21226.847324727303
982;GVWbc;UKRAINE;TZS;17973058.002123103
983;GVWbc;PAKISTAN;JOD;2193.225819398064
984;GVWbc;HONG KONG;VND;40673752.09371985
985;GVWbc;MACAU;CZK;130070.21423436006
986;GVWbc;ARUBA;AOA;590515.4439317622
987;GVWbc;ICELAND;ETB;430240.20929372404
988;GVWbc;PAPUA NEW GUINEA;SZL;85398.45954303586
989;GVWbc;CAPE VERDE;THB;276604.1190783027
990;ADJLV;ICELAND;PKR;64578.21889712255
991;ADJLV;COLOMBIA;MOP;13648.146261525346
992;ADJLV;SWITZERLAND;KWD;484.9691703014024
993;ADJLV;TANZANIA, UNITED REPUBLIC OF;MZN;85681.15788030426
994;ADJLV;TAIWAN, PROVINCE OF CHINA;COP;8630801.461737752
995;ADJLV;TAIWAN, PROVINCE OF CHINA;UAH;14705.824601774408
996;ADJLV;SAO TOME AND PRINCIPE;DOP;3662.742910932538
997;ADJLV;NEW ZEALAND;SYP;860470.1922325199
998;ADJLV;GUINEA;JPY;179305.69445091675
999;ADJLV;VANUATU;TND;3660.334906812473
1000;ADJLV;SAO TOME AND PRINCIPE;BGN;2112.3235246338704
1001;ADJLV;TOGO;SVC;9989.006462490262
1002;ADJLV;DENMARK;PLN;6454.497010165456
1003;ADJLV;LIBYAN ARAB JAMAHIRIYA;GHS;28496.549536638646
1004;ADJLV;HONG KONG;PYG;918854.1429680138
1005;ADJLV;SWAZILAND;MMK;650125.1515364844
1006;WWc11;SAO TOME AND PRINCIPE;LAK;114691800.58856708
1007;WWc11;JAMAICA;PAB;3576.6763210365866
1008;WWc11;BANGLADESH;WST;22574.694742204265
1009;WWc11;ICELAND;AWG;-15.053493040975635
1010;WWc11;CAPE VERDE;NIO;59759.22383199321
1011;WWc11;ANGOLA;AZN;5818.100468865281
1012;WWc11;TOGO;ANG;9692.94416908421
1013;WWc11;ZAMBIA;ZMW;29058.011123714117
1014;WWc11;UKRAINE;PGK;28097.69879751881
1015;WWc11;LIBERIA;PLN;18169.411951035283
1016;WWc11;JAPAN;MAD;46460.16796320399
1017;WWc11;ROMANIA;GTQ;-262.0431373470913
1018;WWc11;SRI LANKA;HTG;310404.88561655814
1019;WWc11;ROMANIA;JMD;1117786.2960864643
1020;WWc11;KOREA, REPUBLIC OF;AWG;15015.859308373198
1021;WWc11;MAURITANIA;GYD;1609143.5200825385
1022;BFGGW;HONG KONG;ETB;17670.514040116137
1023;BFGGW;INDIA;AWG;355.48285123418094
1024;BFGGW;HAITI;MGA;4055104.819544328
1025;BFGGW;TAIWAN, PROVINCE OF CHINA;BGN;1327.6843531744562
1026;BFGGW;SURINAME;AOA;145815.8188478992
1027;BFGGW;ALBANIA;SEK;1449.8335879687006
1028;BFGGW;CHILE;MWK;503730.1396797297
1029;BFGGW;CENTRAL AFRICAN REPUBLIC;JMD;47607.569819762226
1030;BFGGW;NEPAL;ZMW;8508.681698547723
1031;BFGGW;SUDAN;IQD;311781.50242609775
1032;BFGGW;GUYANA;ZWL;785792.1647034689
1033;BFGGW;SWITZERLAND;MMK;1787155.636174186
1034;BFGGW;TAIWAN, PROVINCE OF CHINA;EUR;1047.1791444470402
1035;BFGGW;MEXICO;NZD;1824.6851230281513
1036;BFGGW;FIJI;TWD;6056.954751821867
1037;BFGGW;MOROCCO;CRC;746985.832560803
1038;BFGGW;MOZAMBIQUE;VUV;114559.98669443537
1039;BFGGW;SEYCHELLES;KWD;115.39742444797685
1040;BFGGW;NEW ZEALAND;SYP;11698.017100000287
1041;ADVYb;NICARAGUA;SEK;19623.077173865822
1042;ADVYb;SURINAME;GHS;-1266.9839793899218
1043;ADVYb;BARBADOS;SLL;100137628.89122236
1044;ADVYb;ZAMBIA;BHD;1234.7713103313997
1045;ADVYb;THAILAND;CNY;796.8431809528959
1046;ADVYb;VIET NAM;SLL;128176164.98076464
