;Client;Country;Currency;Transaction
0;EKMWb;ICELAND;NOK;25054.092657091584
1;EKMWb;BELIZE;DKK;37750.80289005136
2;EKMWb;SAMOA;KRW;366736.0972021209
3;EKMWb;ZIMBABWE;JMD;523646.7014008323
4;EKMWb;DENMARK;ZWL;338301.69550913136
5;EKMWb;CANADA;LAK;105605101.43242933
6;EKMWb;MALAYSIA;CNY;34196.244605667445
7;EKMWb;COLOMBIA;NZD;1740.3867650860043
8;EKMWb;KOREA, REPUBLIC OF;NAD;39276.11737638409
9;DDDDF;HONG KONG;SBD;135847.96119898363
10;DDDDF;VENEZUELA;BBD;39093.56998542327
11;DDDDF;ZAMBIA;FJD;44898.56455765555
12;DDDDF;NORWAY;BHD;3994.814489516417
13;DDDDF;IRAN (ISLAMIC REPUBLIC OF);LYD;66760.53440395543
14;DDDDF;SUDAN;MXN;156496.0813683671
15;DDDDF;UNITED ARAB EMIRATES;AUD;27840.696950362242
16;DDDDF;ALGERIA;SLL;246723133.3718077
17;JNN33;ALGERIA;GBP;15376.10406501597
18;JNN33;NICARAGUA;GNF;125370139.14374076
19;JNN33;HONG KONG;LAK;152132273.78729516
20;JNN33;ROMANIA;NAD;150784.03454307796
21;JNN33;BULGARIA;BZD;19453.71116543194
22;JNN33;CAYMAN ISLANDS;ZWL;9019155.66606787
23;JNN33;MALAYSIA;RSD;2081164.9326970319
24;JNN33;TRINIDAD AND TOBAGO;XAF;5158623.091410641
25;JNN33;MADAGASCAR;LRD;1186551.1444919764
26;JNN33;PAKISTAN;IQD;20207927.506708812
27;JNN33;JORDAN;QAR;58189.80323949616
28;JNN33;DJIBOUTI;GYD;3052211.5452431673
29;JNN33;SUDAN;GBP;2277.0203778850037
30;JNN33;NORWAY;NAD;134397.62500598683
31;JNN33;BAHRAIN;XAF;6333172.975611606
32;JNN33;CHINA;LBP;3750427.648737264
33;JNN33;MAURITIUS;SOS;7527457.286325138
34;JNN33;BELARUS;MWK;7422661.735890307
35;JNN33;RWANDA;XCD;37500.8951583754
36;JJLV3;EGYPT;BWP;48292.33085049609
37;JJLV3;KAZAKHSTAN;FJD;4038.3235817925442
38;KLZac;JORDAN;AOA;6705152.1471434785
39;KLZac;UNITED KINGDOM;MVR;84084.60817523224
40;KLZac;LATVIA;PYG;95984869.77918608
41;KLZac;CYPRUS;SGD;295.0173087084861
42;KLZac;SWITZERLAND;LVL;11166.481740163175
43;KLZac;IRAN (ISLAMIC REPUBLIC OF);DZD;1771680.15399416
44;KLZac;CENTRAL AFRICAN REPUBLIC;TOP;22852.603793213144
45;KLZac;BAHRAIN;CAD;3383.291786266175
46;KLZac;GUATEMALA;INR;511595.0847400933
47;KLZac;GUATEMALA;JMD;847919.1035861265
48;KLZac;BANGLADESH;CAD;16234.693718551203
49;DKVW3;NIGERIA;AZN;16385.071274719245
50;DKVW3;LIBYAN ARAB JAMAHIRIYA;MXN;41687.34275662955
51;DKVW3;TAIWAN, PROVINCE OF CHINA;AOA;4939852.104780778
52;DKVW3;SAO TOME AND PRINCIPE;GMD;508484.0410204235
53;DKVW3;EGYPT;COP;5021261.072334423
54;DKVW3;BHUTAN;HKD;121768.97582206246
55;DKVW3;UNITED KINGDOM;CHF;14509.225073069341
56;DKVW3;SOMALIA;ZMW;235154.52222770406
57;DKVW3;DOMINICAN REPUBLIC;HNL;122866.47956901329
58;DIJLL;DJIBOUTI;SCR;232302.25492619298
59;DIJLL;TURKEY;SAR;83619.23942231802
60;DIJLL;SWAZILAND;CAD;30761.602581670664
61;DIJLL;SOMALIA;SYP;11112280.890815418
62;DIJLL;AUSTRALIA;TRY;161330.03234500327
63;DIJLL;NETHERLANDS ANTILLES;JPY;3211004.4950484005
64;DIJLL;MEXICO;PKR;4826412.259844908
65;DIJLL;MAURITIUS;RON;81597.78033407552
66;DIJLL;UNITED KINGDOM;TTD;848.4185823454908
67;DIJLL;NEPAL;SRD;465111.95941552415
68;DHIK3;GUINEA;BHD;662.8307928067287
69;DHIK3;LIBERIA;UYU;202865.46067621274
70;DHIK3;CAMBODIA;NPR;524258.35899898305
71;DHIK3;BHUTAN;HTG;1522932.711425284
72;DHIK3;CROATIA;GMD;537176.6719272448
73;DHIK3;SWAZILAND;ZMW;143121.6968382404
74;DHIK3;BULGARIA;BZD;15863.990930038277
75;DHIK3;MOROCCO;MVR;204061.97626013256
76;DHIK3;SRI LANKA;MZN;225591.4352917456
77;GGNX3;JORDAN;AWG;2607.0099471658286
78;GGNX3;SWITZERLAND;THB;475668.4104464153
79;GGNX3;CROATIA;ZWL;8617372.273325749
80;GGNX3;GUATEMALA;PLN;35837.848623430196
81;GGNX3;SOUTH AFRICA;HTG;409462.74507946457
82;GGNX3;CHINA;JOD;5695.156602024592
83;GGNX3;PANAMA;ANG;12214.569447888629
84;GGNX3;TURKEY;NPR;891208.3599164102
85;GGNX3;UNITED ARAB EMIRATES;XOF;3210374.0818087547
86;GGNX3;NORWAY;BND;5273.479413076553
87;GGNX3;VENEZUELA;PLN;45839.897198559716
88;GGNX3;GUATEMALA;MOP;106664.44542407784
89;GGNX3;ROMANIA;SZL;1537.9812548924438
90;GGNX3;VENEZUELA;UGX;12503963.750120856
91;HKVXa;CYPRUS;LKR;3007874.688582861
92;HKVXa;SUDAN;GNF;14309495.536874525
93;HKVXa;SRI LANKA;SOS;6656111.645369979
94;HKVXa;BURUNDI;JOD;8995.368722050642
95;CCGGK;DOMINICAN REPUBLIC;BDT;462661.95857511373
96;CCGGK;HONDURAS;CHF;10564.791075602769
97;CCGGK;SUDAN;BND;13954.958114630885
98;CCGGK;CAMBODIA;ARS;1063146.8669423815
99;CCGGK;MOROCCO;MRO;3532041.064270824
100;CCGGK;ANGOLA;SEK;110795.33198111672
101;CCGGK;KENYA;VUV;315807.22521439334
102;CCGGK;CHINA;BIF;17421202.827785734
103;CCGGK;PANAMA;TND;17802.791297428194
104;CCGGK;CYPRUS;ALL;483016.9129704612
105;CCGGK;DOMINICAN REPUBLIC;KZT;2880368.0731534055
106;CCGGK;IRAQ;IQD;814737.2944981288
107;CCGGK;LEBANON;MRO;3012623.260701585
108;CCGGK;BHUTAN;XCD;12240.660087361981
109;HVVZ2;MOZAMBIQUE;COP;5245487.593021132
110;HVVZ2;PERU;XCD;7425.8866570019345
111;HVVZ2;BURUNDI;STD;35731122.093020104
112;HVVZ2;MADAGASCAR;CAD;2903.8623895405567
113;HVVZ2;BOTSWANA;ARS;645306.8309995191
114;HVVZ2;KENYA;KZT;967259.1733423438
115;HVVZ2;EL SALVADOR;PLN;3867.71385254391
116;HVVZ2;NEPAL;SOS;1560988.7252044196
117;HVVZ2;AUSTRALIA;ARS;155227.04602452886
118;HVVZ2;BULGARIA;INR;121896.39903594601
119;HVVZ2;COLOMBIA;BOB;484.684243433221
120;HVVZ2;UKRAINE;TRY;28284.534169430684
121;HVVZ2;BELARUS;GNF;17278208.562615816
122;HVVZ2;TRINIDAD AND TOBAGO;DJF;232212.73362640096
123;HVVZ2;QATAR;BIF;5270816.466309613
124;NVabc;VANUATU;SGD;414.9926593459864
125;NVabc;BRAZIL;BSD;451.08764256701124
126;NVabc;ZAMBIA;JOD;535.7725432638788
127;NVabc;MALAYSIA;HUF;433942.04155932873
128;BIMc3;EL SALVADOR;QAR;36225.83786487542
129;BIMc3;CYPRUS;PEN;32601.809813893342
130;BIMc3;OMAN;UAH;237616.00445729162
131;BIMc3;OMAN;CLP;4098755.4320704644
132;BIMc3;DENMARK;YER;107053.94767705705
133;BIMc3;BARBADOS;JOD;3915.9521799096456
134;BIMc3;MOZAMBIQUE;NOK;81314.87605649217
135;BIMc3;SINGAPORE;ZWL;2028897.1800149921
136;BIMc3;FIJI;ISK;843955.7051789575
137;BIMc3;NICARAGUA;NZD;1164.205180854092
138;BIMc3;OMAN;JPY;269116.29294771864
139;BIMc3;PANAMA;PLN;38652.28867050558
140;BIMc3;JAPAN;MVR;162305.4442815241
141;BIMc3;NEW ZEALAND;EUR;10411.568359253855
142;BIMc3;MADAGASCAR;SGD;6227.663528146848
143;BIMc3;SOUTH AFRICA;GBP;8794.64776034152
144;CDLX1;CAPE VERDE;SZL;1946.451569618924
145;CDLX1;PAPUA NEW GUINEA;IQD;1271861.7395327229
146;CDLX1;IRAQ;NZD;1158.5211051065567
147;CDLX1;ARGENTINA;PHP;2948.5816658163767
148;CDLX1;CAMBODIA;BHD;303.1992533795229
149;CDLX1;MOZAMBIQUE;QAR;2719.2014678407686
150;CDLX1;PHILIPPINES;EGP;20698.26038266559
151;CDLX1;HONG KONG;BRL;1120.6947826108978
152;CDLX1;UGANDA;ANG;1681.139240498838
153;CDLX1;MAURITANIA;TWD;18944.161876666094
154;CDLX1;PHILIPPINES;GYD;252986.88746065708
155;CDLX1;BELIZE;MOP;9509.784333058082
156;CDLX1;SEYCHELLES;RUB;27113.13855510405
157;CDLX1;BRUNEI DARUSSALAM;LAK;5744385.113762357
158;CDLX1;BELIZE;SBD;8091.712388346691
159;CDLX1;SOUTH AFRICA;ARS;108425.25841972328
160;CDLX1;ARUBA;NIO;8872.82525177465
161;CDLX1;GUINEA;BRL;547.6577602746938
162;CDLX1;PAKISTAN;PES;184363.15425522986
163;CDLX1;INDONESIA;ARS;181780.7260184417
164;HILVY;BRAZIL;SYP;123721.47669111493
165;HILVY;MALDIVES;AOA;320967.5635371089
166;HILVY;QATAR;GYD;116285.54002565423
167;HILVY;CYPRUS;DOP;52687.452562179045
168;HILVY;CAPE VERDE;MYR;4255.29863458653
169;HILVY;MALDIVES;KWD;110.17490335854522
170;HILVY;JORDAN;MUR;24643.207006650846
171;HILVY;COSTA RICA;KRW;199636.70426436907
172;HILVY;CHINA;SYP;434751.39477006934
173;HILVY;SERBIA;HKD;381.09698051992524
174;HILVY;HONDURAS;ISK;86567.65747880236
175;HILVY;HONG KONG;IDR;-78949.54847254328
176;GKNZ3;MAURITANIA;IRR;72624922.02477473
177;GKNZ3;BAHAMAS;LYD;9549.44939572294
178;GKNZ3;GUYANA;BND;736.6599472564643
179;GKNZ3;MACAU;ZWL;433439.6285286164
180;GKNZ3;PHILIPPINES;MOP;11873.088730217922
181;GKNZ3;THAILAND;SVC;5707.497624723336
182;GKNZ3;ROMANIA;GNF;-185580.01244242964
183;GKNZ3;EGYPT;BTN;128696.16614561748
184;GKNZ3;SURINAME;SRD;15573.260416995385
185;GKNZ3;TANZANIA, UNITED REPUBLIC OF;KES;216056.58839127977
186;EHKVZ;BRUNEI DARUSSALAM;HKD;16377.158109358508
187;EHKVZ;LIBERIA;UAH;413111.7807436914
188;EHKVZ;CZECH REPUBLIC;BOB;50275.71384367262
189;EHKVZ;PERU;AOA;3719799.470640536
190;EHKVZ;BAHAMAS;PES;136181.86946727047
191;EHKVZ;GUINEA;FJD;5309.4437954053365
192;EHKVZ;PANAMA;TND;34592.191443481934
193;EHKVZ;GAMBIA;SGD;12220.096432884173
194;EHKVZ;CENTRAL AFRICAN REPUBLIC;PGK;3940.912279862386
195;EHKVZ;SOUTH AFRICA;IQD;2251867.6096430975
196;EHKVZ;SAO TOME AND PRINCIPE;EGP;150019.1412302618
197;LLNXY;PARAGUAY;UGX;866544.6696698709
198;LLNXY;NEW ZEALAND;KES;26374.11901395195
199;LLNXY;LATVIA;AZN;419.8844540597023
200;LLNXY;SAMOA;PEN;637.1401022686815
201;LLNXY;KOREA, REPUBLIC OF;GYD;74910.14741114926
202;LLNXY;ARUBA;BTN;8572.705427687228
203;LLNXY;BOLIVIA;KES;45084.352179125985
204;LLNXY;ZAMBIA;CAD;451.0503174970628
205;LLNXY;TOGO;SBD;819.3390336039128
206;LLNXY;TUNISIA;TRY;3394.5954492243995
207;LLNXY;CHILE;NGN;104182.46943106999
208;LLNXY;ARGENTINA;SYP;124732.36155004197
209;LLNXY;SOMALIA;BGN;316.382952313599
210;LLNXY;NAMIBIA;BZD;57.333685673337236
211;LLNXY;HAITI;BZD;572.5932291630307
212;LLNXY;KENYA;PHP;9058.232389135585
213;LLNXY;ALBANIA;CZK;8279.410377581644
214;LLNXY;SERBIA;CLP;189575.11993878943
215;LLNXY;KAZAKHSTAN;JMD;48549.966947017536
216;GNNb1;HONDURAS;TRY;11226.050396785122
217;GNNb1;NETHERLANDS ANTILLES;ALL;9161.502517980536
218;GNNb1;DOMINICA;IQD;238850.04062407592
219;GNNb1;MAURITIUS;INR;13169.934862125023
220;GNNb1;VENEZUELA;PKR;203341.49159450215
221;GNNb1;TOGO;THB;16676.98135374256
222;GNNb1;ICELAND;NPR;74209.16152020454
223;GNNb1;URUGUAY;BSD;4.926902509434994
224;GNNb1;FIJI;TWD;33436.66216246866
225;GKM23;PAKISTAN;PAB;1427.461056339517
226;GKM23;PAPUA NEW GUINEA;XOF;295639.90498485224
227;GKM23;CHILE;MWK;9227586.281029532
228;GKM23;SURINAME;PEN;19600.354331421913
229;GKM23;CAMBODIA;KYD;3595.395930700903
230;GKM23;JORDAN;CVE;860724.3363333398
231;GKM23;MALAWI;WST;19172.934273639687
232;GKM23;KAZAKHSTAN;DKK;59864.73016362449
233;GKM23;FRENCH POLYNESIA;AUD;7536.686715933196
234;ADHIZ;PERU;AED;7356.211245362369
235;ADHIZ;ROMANIA;UYU;57809.74626955755
236;ADHIZ;BOTSWANA;MVR;17139.608553797956
237;ADHIZ;AUSTRALIA;XOF;1648701.715763994
238;ADHIZ;TONGA;SEK;4165.687324139352
239;ADHIZ;CROATIA;SYP;423349.2987593891
240;ADHIZ;GUATEMALA;XCD;6015.076691956207
241;ADHIZ;LIBERIA;SAR;9777.918200456059
242;ADHIZ;GUINEA;RSD;71542.54411745197
243;ADHIZ;VIET NAM;XAF;231638.30713313722
244;ADHIZ;CROATIA;MMK;9522340.157931713
245;ADHIZ;KAZAKHSTAN;BZD;8004.431640436349
246;CFYZ3;AZERBAIJAN;JPY;42092.000914314885
247;CFYZ3;PARAGUAY;MVR;14208.984657779947
248;CFYZ3;DOMINICA;TRY;44974.7144282153
249;CFYZ3;LATVIA;KZT;2148238.861150186
250;CFYZ3;GAMBIA;NZD;5251.67359569249
251;CFYZ3;INDONESIA;STD;50848766.01835415
252;CFYZ3;MACAU;NPR;14845.077298417915
253;CFYZ3;NORWAY;JPY;203966.2572186225
254;CFYZ3;PERU;LRD;826300.9770777507
255;CFYZ3;THAILAND;GTQ;21717.465661705846
256;CFYZ3;DOMINICA;SEK;53800.25072380265
257;CFYZ3;AZERBAIJAN;AZN;4194.695641797101
258;CFYZ3;TONGA;XCD;9515.868194113134
259;CFYZ3;MALAYSIA;PYG;29690227.769146245
260;CFYZ3;URUGUAY;HTG;379858.81527261215
261;CFYZ3;PAKISTAN;SCR;14713.314759423403
262;CFYZ3;HONDURAS;MMK;3470016.728231228
263;CFYZ3;SURINAME;NZD;1472.3812589194545
264;KLN11;JAMAICA;PYG;41807113.27164955
265;KLN11;MACAU;TND;10650.854419807381
266;KLN11;UKRAINE;VES;147074.2521625034
267;KLN11;FIJI;KES;1093332.0467356297
268;KLN11;EURO;BYR;319614509.9541336
269;KLN11;MYANMAR;LVL;6360.776237045877
270;KLN11;YEMEN;BND;2526.465325752
271;KLN11;MALAWI;JOD;1020.8073163444403
272;HMM23;OMAN;BMD;2297.5768391983215
273;HMM23;ALGERIA;UYU;92033.65130081716
274;HMM23;KENYA;GHS;31560.38516672047
275;HMM23;VENEZUELA;NOK;17991.315062101887
276;HMM23;QATAR;QAR;1149.031211534901
277;HMM23;EL SALVADOR;SOS;1236285.1153903855
278;HMM23;BAHRAIN;MVR;32698.42361556792
279;HMM23;SAO TOME AND PRINCIPE;UYU;102978.90643142104
280;HMM23;ALBANIA;BDT;82066.46026636165
281;HMM23;IRAQ;ZAR;6520.012729825884
282;HMM23;GUINEA;KRW;136771.40403022358
283;HMM23;CAMBODIA;SOS;427896.0664835407
284;HMM23;NAMIBIA;PES;379621.85353088146
285;HMM23;CHILE;LRD;100803.98272209764
286;HMM23;MAURITIUS;GMD;137852.96897093026
287;HMM23;JORDAN;LAK;4813612.092521288
288;HMM23;MOZAMBIQUE;ALL;238236.32550633384
289;HMM23;LEBANON;TND;3113.251947436729
290;INNcc;BERMUDA;GMD;158792.88602317608
291;INNcc;KAZAKHSTAN;JMD;557825.4457496442
292;INNcc;JAMAICA;MRO;176799.80222296942
293;INNcc;CENTRAL AFRICAN REPUBLIC;SBD;4.35296699423295
294;INNcc;PARAGUAY;SYP;1076824.3900233922
295;INNcc;VIET NAM;SDG;1120994.8178941016
296;INNcc;CYPRUS;NZD;2492.5141806807337
297;INNcc;EGYPT;CNY;11456.090012650933
298;INNcc;KAZAKHSTAN;LYD;2763.661618529864
299;INNcc;BRAZIL;EGP;44903.593150604356
300;INNcc;SOUTH AFRICA;BYR;11432763.16865062
301;FIZb1;COLOMBIA;KZT;2821311.4456796604
302;EJN12;POLAND;SGD;5399.048299563493
303;EJN12;HUNGARY;BZD;10899.980570478589
304;EJN12;GUINEA;UGX;18494618.995846484
305;EJN12;GHANA;RWF;7450859.826515148
306;EJN12;BELIZE;DOP;355919.06358511193
307;EJN12;NEPAL;ISK;1382259.250810006
308;EJN12;JAPAN;HNL;46248.26900354321
309;EJN12;MALAWI;GNF;51734542.16160606
310;EJN12;GUATEMALA;LKR;3741.8872094847025
311;EJN12;BERMUDA;BYR;146467125.27188638
312;FIVWa;JAMAICA;LRD;81682.08472215306
313;FIVWa;MALDIVES;CVE;161116.68823041284
314;FIVWa;LIBYAN ARAB JAMAHIRIYA;MZN;65290.907009679344
315;FIVWa;MALAYSIA;OMR;1493.966182212985
316;FIVWa;BULGARIA;SEK;2196.8511698554157
317;FIVWa;CROATIA;AZN;2715.070593994511
318;FIVWa;POLAND;IQD;174790.45648778614
319;FIVWa;COLOMBIA;ETB;169774.440231036
320;FIVWa;PARAGUAY;ILS;12162.265585805691
321;ACFKY;SAUDI ARABIA;PEN;29541.647748665077
322;ACFKY;GHANA;BWP;49290.79472166074
323;ACFKY;UNITED KINGDOM;MOP;39060.088325920144
324;ACFKY;LAO PEOPLE'S DEMOCRATIC REP;SVC;24604.83361034356
325;ACFKY;ETHIOPIA;THB;59862.56730561009
326;ACFKY;JAMAICA;TND;8412.76992349409
327;ACFKY;CAYMAN ISLANDS;AZN;4607.216654257094
328;ACFKY;LIBERIA;MWK;4762266.447843748
329;ACFKY;BURUNDI;CLP;4737085.489409424
330;ACFKY;NICARAGUA;CHF;1564.2193776513527
331;ACFKY;ALBANIA;SBD;48768.13346276777
332;ACFKY;CZECH REPUBLIC;PAB;6871.01414681551
333;ACFKY;ZIMBABWE;MZN;147798.51375246854
334;ACFKY;LIBERIA;ANG;6609.133119877338
335;ACFKY;SAUDI ARABIA;KYD;2954.1580912509166
336;ACFKY;MEXICO;JPY;556483.3031225053
337;ACFKY;AUSTRALIA;JPY;440243.5569463261
338;ACFKY;CHINA;CYP;4783.358781933539
339;CFXb2;EGYPT;JOD;2701.3626304240875
340;CFXb2;DOMINICA;ETB;65378.63569331235
341;BHI23;TONGA;BYR;20234548.951392967
342;BHI23;LIBERIA;MRO;1680199.656484223
343;BHI23;NICARAGUA;EUR;2081.8775188792642
344;BHI23;PANAMA;DKK;56152.021131556925
345;BHI23;ROMANIA;PGK;20874.824290064826
346;BHI23;MOROCCO;HUF;1880740.2641878973
347;BHI23;SAUDI ARABIA;KWD;1099.7657757229797
348;BHI23;SWEDEN;MYR;30625.511602230756
349;ADZac;YEMEN;COP;178512314.3945872
350;ADZac;TONGA;XOF;24208320.422404185
351;ADZac;IRAQ;LVL;12511.484394587651
352;ADZac;SURINAME;LYD;148901.36485618356
353;BBEH1;CHINA;THB;-6915.922377406039
354;BBEH1;UNITED KINGDOM;DKK;123657.83734769847
355;BBEH1;SUDAN;JPY;2718264.5135863884
356;BBEH1;NETHERLANDS ANTILLES;TWD;472371.37038531376
357;BBEH1;ARGENTINA;IRR;502183269.57084095
358;BDVac;TUNISIA;ALL;122499.03320560619
359;BDVac;PAKISTAN;ETB;23942.41359240526
360;BDVac;VANUATU;NIO;87583.12375168328
361;BDVac;INDIA;SCR;24441.6083362502
362;BDVac;BERMUDA;EUR;1816.1591945155683
363;BDVac;SUDAN;KRW;1707608.3601274071
364;BDVac;BELARUS;CVE;116491.19948546699
365;BDVac;SERBIA;LBP;1973043.245467976
366;BDVac;KAZAKHSTAN;BYR;22612282.915254537
367;BDVac;CAYMAN ISLANDS;GTQ;10795.9218191774
368;BDVac;SEYCHELLES;DZD;17431.536459592106
369;BDVac;KUWAIT;TOP;5346.732352896069
370;BDVac;CYPRUS;FJD;5071.391853352401
371;BDVac;URUGUAY;RUB;70607.72341943416
372;BGZcc;PERU;PHP;110220.66990024797
373;BGZcc;CAPE VERDE;TTD;16310.839335290944
374;BGZcc;TANZANIA, UNITED REPUBLIC OF;UAH;88987.79017899952
375;BGZcc;UKRAINE;DJF;458506.82083278283
376;BGZcc;PAKISTAN;JOD;1771.6595771202517
377;BGZcc;SAUDI ARABIA;BND;2869.279444606776
378;BGZcc;ZIMBABWE;ALL;171881.53769146075
379;BGZcc;CHINA;JPY;337071.5642365615
380;BGZcc;OMAN;SBD;10348.50788627934
381;BGZcc;UNITED KINGDOM;VUV;358497.8164860084
382;BGZcc;SINGAPORE;VES;41061.19015487073
383;BGZcc;AUSTRALIA;OMR;576.0472217035368
384;BGZcc;SIERRA LEONE;NIO;71202.21461391181
385;BGZcc;SWEDEN;HRK;4653.403346975903
386;BGZcc;NEPAL;KYD;1067.6952885341425
387;BGZcc;ZAMBIA;SCR;7583.566012223891
388;BGZcc;PERU;KES;10655.734685121482
389;GJXWY;PAKISTAN;TOP;6535.442092963344
390;GJXWY;SIERRA LEONE;BZD;11712.212469712049
391;GJXWY;ROMANIA;TZS;12922757.262459723
392;GJXWY;PARAGUAY;UYU;240420.95826664977
393;GJXWY;HAITI;WST;16535.514654145714
394;GJXWY;SURINAME;PHP;183807.04222637846
395;GJXWY;BELARUS;HRK;55603.20693090175
396;GJXWY;BELARUS;BHD;1792.514467397246
397;GJXWY;NETHERLANDS ANTILLES;LAK;88222823.29862298
398;GJXWY;AUSTRALIA;CRC;3358245.2340221796
399;GJXWY;SURINAME;PEN;13265.634823350856
400;GJXWY;BARBADOS;SDG;1095634.4073718672
401;GJXWY;SWEDEN;KYD;2340.6585084209532
402;GJXWY;CZECH REPUBLIC;SVC;27948.35959209167
403;GJXWY;IRAQ;AOA;3633431.883435559
404;JMMN1;ARUBA;VUV;234699.3331804424
405;JMMN1;UKRAINE;ETB;154707.8618495458
406;JMMN1;EL SALVADOR;HNL;14026.349217921039
407;JMMN1;PANAMA;NAD;63256.92550389301
408;JMMN1;URUGUAY;GTQ;15831.831855240234
409;JMMN1;EL SALVADOR;HKD;4518.259918163128
410;JMMN1;JORDAN;PHP;28223.931728301824
411;JMMN1;GUATEMALA;MVR;22326.350540617957
412;JMMN1;LEBANON;MWK;2957841.504206958
413;JMMN1;KENYA;VUV;35918.72785985073
414;JMMN1;CAYMAN ISLANDS;SOS;1724647.9587762607
415;JMMN1;BARBADOS;LAK;20642597.23182944
416;JMMN1;YEMEN;CLP;2911380.001456026
417;JMMN1;BAHRAIN;LVL;2485.24950563823
418;JMMN1;COSTA RICA;HTG;26843.540721717327
419;JMMN1;CROATIA;NAD;40274.64535497836
420;JMMN1;BERMUDA;INR;196021.15962441737
421;LMX33;UKRAINE;BMD;11810.026376948987
422;LMX33;MOZAMBIQUE;BHD;6135.392467146142
423;LMX33;TUNISIA;AZN;380.0142918301237
424;LMX33;SWAZILAND;THB;361839.0413369858
425;LMX33;FIJI;MUR;600480.8933309497
426;LMX33;LIBYAN ARAB JAMAHIRIYA;GHS;247697.91512409557
427;LMX33;GUINEA;NZD;6897.880410603638
428;LMX33;NIGERIA;HKD;134268.84147125814
429;LMX33;ETHIOPIA;MYR;56818.30720206908
430;LMX33;VIET NAM;KHR;50923759.45755071
431;LMX33;ICELAND;GBP;15144.835690676184
432;LMX33;OMAN;MOP;77026.12690180972
433;LMX33;SOLOMON ISLANDS;HTG;1441821.3535541308
434;BBFFM;LAO PEOPLE'S DEMOCRATIC REP;AZN;343.46083917781925
435;BMVb1;SOLOMON ISLANDS;ALL;6868.523145380695
436;BMVb1;HONDURAS;ZWL;822740.5611625974
437;BMVb1;INDONESIA;KRW;545464.0484297074
438;BMVb1;POLAND;ZAR;2358.262762685321
439;BMVb1;IRAQ;CZK;14425.63456962499
440;BMVb1;NIGERIA;LRD;50752.06494424858
441;BMVb1;ROMANIA;FJD;1346.8303417842753
442;BMVb1;TONGA;ARS;331503.47472632164
443;BMVb1;COLOMBIA;UYU;93213.58509400615
444;BMVb1;INDIA;LRD;298666.407129727
445;BMVb1;HONG KONG;TTD;3115.9091177330515
446;BMVb1;BELARUS;BTN;79013.5890183644
447;BMVb1;ISRAEL;MOP;2020.5338830269989
448;BMVb1;UGANDA;BDT;239084.16206075385
449;BMVb1;LATVIA;GNF;5229423.510494468
450;CDJJK;CAMBODIA;THB;237234.0600770282
451;CDJJK;PAKISTAN;CYP;3770.569141219346
452;CDJJK;DOMINICAN REPUBLIC;LAK;44764794.16415938
453;CDJJK;UNITED KINGDOM;HRK;72395.54660573087
454;CN133;EURO;NZD;16225.747338271221
455;CN133;EGYPT;BWP;9325.359085330196
456;CN133;MAURITANIA;LAK;39549663.278973386
457;CN133;SAUDI ARABIA;IQD;9321838.32069161
458;CN133;BHUTAN;SEK;15722.308088243612
459;JLLX3;QATAR;BZD;1285.5270223198563
460;JLLX3;JAMAICA;ZMW;3043.070277284118
461;JLLX3;NICARAGUA;BMD;500.8442266726906
462;JLLX3;INDONESIA;XPF;103917.2090770227
463;JLLX3;SAMOA;GYD;166024.78813736053
464;JLLX3;BERMUDA;CRC;-2208.356346471947
465;JLLX3;FRENCH POLYNESIA;ANG;361.2349036347336
466;JLLX3;NAMIBIA;NOK;4489.948300161121
467;JLLX3;BELIZE;AED;2132.7687492781542
468;GHJWW;THAILAND;ALL;1144774.603027613
469;DJJWb;COSTA RICA;PES;123966.19964884508
470;DJJWb;VANUATU;TTD;91668.3560888112
471;DJJWb;BOLIVIA;GBP;11146.353927661003
472;DJJWb;COSTA RICA;MUR;601342.6754361979
473;DJJWb;UNITED ARAB EMIRATES;INR;10319.179529438643
474;DJJWb;CANADA;LBP;6524818.442832019
475;DJJWb;SURINAME;HKD;97819.59894995828
476;DJJWb;CENTRAL AFRICAN REPUBLIC;AED;29706.6241085925
477;DJJWb;SOMALIA;TWD;215146.84847757095
478;DJJWb;ALBANIA;DOP;622979.221693677
479;DJJWb;EURO;XPF;79482.23845301422
480;DJJWb;HAITI;RSD;874003.2210899256
481;DJJWb;TOGO;DKK;60428.2181560688
482;DJJWb;GAMBIA;IQD;2748421.336522545
483;DJJWb;PANAMA;AED;12402.15627540235
484;DJJWb;INDONESIA;DKK;75719.4408974077
485;EEKW2;IRAQ;MZN;8532.870441910765
486;EEKW2;FIJI;AED;529.1983818644057
487;EEKW2;SOMALIA;KRW;94975.23415557394
488;EEKW2;BOLIVIA;THB;4658.454375598352
489;EEKW2;MOZAMBIQUE;IRR;1522854.885635121
490;EEKW2;CANADA;PYG;763096.2699632536
491;EEKW2;YEMEN;ANG;59.48096141093997
492;EEKW2;TAIWAN, PROVINCE OF CHINA;BMD;176.6939693445527
493;EEKW2;URUGUAY;OMR;68.31483570316637
494;EEKW2;BRAZIL;SCR;96.60617684184221
495;EEKW2;OMAN;GNF;1381069.4787365168
496;KNNYa;NICARAGUA;AOA;3304891.1676334306
497;KNNYa;INDIA;ARS;2799188.6926547172
498;KNNYa;NETHERLANDS ANTILLES;RON;32657.919380263455
499;KNNYa;CAMBODIA;IDR;235341931.14465913
500;KNNYa;BRUNEI DARUSSALAM;BBD;2507.003801767815
501;KNNYa;TANZANIA, UNITED REPUBLIC OF;UAH;397710.0670896741
502;KNNYa;URUGUAY;THB;303558.1019079869
503;KNNYa;SOLOMON ISLANDS;ALL;1685757.9580964479
504;KNNYa;SIERRA LEONE;RON;62646.47207621584
505;KNNYa;URUGUAY;KHR;10326891.567224089
506;KNNYa;ZAMBIA;AUD;6630.217362185419
507;KNNYa;AUSTRALIA;UGX;53582720.658291794
508;KNNYa;DOMINICAN REPUBLIC;NGN;3479956.7814007294
509;KNNYa;SERBIA;CHF;3793.84794068583
510;KNNYa;BAHRAIN;MYR;65687.40013616039
511;AKa12;SUDAN;BND;7551.507930710848
512;AKa12;HUNGARY;UYU;186387.9546935019
513;FGHNc;NORWAY;NIO;31519.49205743517
514;FGHNc;LATVIA;JPY;121826.73101416214
515;FGHNc;PHILIPPINES;CLP;791981.5931430085
516;FGHNc;MOZAMBIQUE;PEN;4916.084512563173
517;FGHNc;SRI LANKA;NZD;2125.622283583569
518;FGHNc;BOLIVIA;BYR;35443143.607043974
519;FGHNc;MAURITIUS;SVC;7746.275061832761
520;FGHNc;INDIA;IRR;26352497.111738183
521;FGHNc;COSTA RICA;ZWL;10642.230844263555
522;FGHNc;ARGENTINA;RWF;256338.58855344486
523;FGHNc;VENEZUELA;MAD;5686.551783695865
524;FGHNc;YEMEN;BSD;270.9948928269028
525;FGHNc;EL SALVADOR;STD;16453010.127589343
526;FGHNc;ZAMBIA;ANG;1145.660549657616
527;FGHNc;TAIWAN, PROVINCE OF CHINA;DJF;104583.50897315626
528;ABENb;LAO PEOPLE'S DEMOCRATIC REP;LYD;129926.82083859171
529;ABENb;PHILIPPINES;CRC;11462325.91708328
530;ABENb;RUSSIAN FEDERATION;MXN;151789.15382816715
531;ABENb;ANGOLA;HRK;245031.3834740394
532;ABENb;BARBADOS;YER;4802713.789974675
533;ABENb;BRAZIL;XPF;3275087.005134497
534;ABENb;KUWAIT;SLL;657442684.046996
535;ABENb;ARGENTINA;TOP;105467.45860144185
536;ABENb;MALAYSIA;ETB;757924.863611287
537;ABENb;INDONESIA;MUR;1020157.4316200246
538;ABENb;PARAGUAY;GBP;23613.85443391613
539;AELNc;SOMALIA;NAD;172390.6162413256
540;AELNc;MAURITANIA;GNF;17421192.418320827
541;AELNc;KAZAKHSTAN;DOP;1515214.309846747
542;Haabb;TURKEY;PKR;108472.07877548144
543;Haabb;VENEZUELA;LAK;2180964.3275788776
544;Haabb;CAPE VERDE;HTG;23784.433203056586
545;Haabb;MALDIVES;LYD;2022.4214226595227
546;Haabb;CHINA;GHS;3860.907500261453
547;Haabb;CHILE;CVE;25105.755431051573
548;Haabb;CENTRAL AFRICAN REPUBLIC;NGN;103838.95563656489
549;Haabb;GAMBIA;WST;738.8127426998715
550;Haabb;UNITED ARAB EMIRATES;NGN;207613.48172464795
551;Haabb;JAMAICA;GYD;2974.166496295136
552;Haabb;AZERBAIJAN;YER;94514.45995328674
553;Haabb;BELIZE;DZD;43451.60811797315
554;Haabb;LAO PEOPLE'S DEMOCRATIC REP;OMR;48.93232410031425
555;FGMMM;ROMANIA;CNY;43431.484529956215
556;FGMMM;CROATIA;BIF;27470721.097161163
557;FGMMM;ANGOLA;LYD;1729.9263763159668
558;FGMMM;SAO TOME AND PRINCIPE;GYD;1237888.5376385525
559;FGMMM;BAHAMAS;RSD;805228.9992214683
560;FGMMM;FRENCH POLYNESIA;SEK;131945.2426646576
561;FGMMM;DJIBOUTI;LKR;5336732.278890804
562;FGMMM;CENTRAL AFRICAN REPUBLIC;RWF;6842923.078765931
563;FGMMM;ZAMBIA;KZT;6326560.081136774
564;FGMMM;LIBYAN ARAB JAMAHIRIYA;BMD;11880.605690726872
565;FGMMM;SRI LANKA;HKD;121468.08864751522
566;FGMMM;RWANDA;DZD;1075202.9951875396
567;FGMMM;TOGO;BWP;51985.477070391105
568;FGMMM;ROMANIA;LAK;43687878.51946675
569;FGMMM;CHILE;PYG;28538305.154844247
570;FGMMM;NEPAL;RUB;563344.1360602945
571;FGMMM;PAPUA NEW GUINEA;HNL;351615.9676495437
572;FGMMM;BAHAMAS;SLL;227029563.85203385
573;FGMMM;UNITED KINGDOM;DJF;6238.700140454225
574;CEI11;RWANDA;DKK;37038.01408568712
575;CEI11;BHUTAN;MWK;7235399.256120291
576;CEI11;AZERBAIJAN;TRY;60085.2621797845
577;CEI11;HONDURAS;VND;96617745.82686757
578;CEI11;UNITED KINGDOM;ISK;387511.06546943204
579;GJLMY;ETHIOPIA;MYR;1854.165140089032
580;GJLMY;PANAMA;SLL;35263530.63075563
581;GJLMY;MALDIVES;ZWL;1165731.3009438326
582;GJLMY;MAURITANIA;BMD;1774.7473927713565
583;GJLMY;CAPE VERDE;GMD;86439.21893308105
584;GJLMY;LIBYAN ARAB JAMAHIRIYA;HKD;14170.174256343262
585;GJLMY;NIGERIA;MWK;1043630.5967234992
586;GJLMY;TONGA;NOK;3713.894844472895
587;GJLMY;BAHAMAS;MYR;3294.4633249777357
588;GJLMY;MOZAMBIQUE;IQD;1164485.8600252164
589;MNZb3;CANADA;MWK;18211676.701093215
590;MNZb3;JAMAICA;STD;504152153.05972505
591;MNZb3;SAMOA;GHS;290486.63531873666
592;MNZb3;SAUDI ARABIA;MOP;62632.92449248972
593;MNZb3;NICARAGUA;PAB;13712.360681309949
594;MNZb3;MALDIVES;AUD;49509.03668303215
595;MNZb3;INDIA;XPF;2389255.390240154
596;MNZb3;URUGUAY;ARS;6886737.353345553
597;MNZb3;NICARAGUA;WST;37429.589800013826
598;MNZb3;SAMOA;NOK;106933.62982811539
599;CVVc2;BANGLADESH;BIF;89455.70191446938
600;CVVc2;PANAMA;KRW;746820.5686568826
601;CVVc2;SAMOA;COP;10119582.794903738
602;CVVc2;UKRAINE;MOP;19965.034376385775
603;CVVc2;ROMANIA;CRC;261735.36032409963
604;CVVc2;SUDAN;KZT;547886.8455816904
605;CVVc2;SEYCHELLES;TND;7935.47171404898
606;CVVc2;POLAND;DKK;7369.772043330182
607;CVVc2;CAPE VERDE;DZD;396548.01596866926
608;CVVc2;PAKISTAN;CNY;1024.3487137602021
609;DDIMM;TUNISIA;MUR;962301.8210570328
610;DDIMM;SUDAN;PGK;69329.30843006034
611;DDIMM;LEBANON;HUF;10949502.862362767
612;DDIMM;ALBANIA;QAR;56197.235691722926
613;DDIMM;HUNGARY;TOP;9637.231158686302
614;DDIMM;UKRAINE;SCR;44366.6743339958
615;DDIMM;BOLIVIA;TND;94925.74476930435
616;DDIMM;SURINAME;ALL;2872979.380963932
617;DDIMM;UKRAINE;PAB;15187.129384333362
618;DDIMM;TOGO;SYP;1931015.497558316
619;DDIMM;SWEDEN;STD;651402748.6900154
620;DDIMM;GUYANA;MOP;10192.31069844596
621;DDIMM;TRINIDAD AND TOBAGO;CLP;24588609.68557927
622;DDIMM;CENTRAL AFRICAN REPUBLIC;BHD;6448.483884277204
623;DDIMM;NETHERLANDS ANTILLES;NOK;15266.171123903965
624;DDIMM;BOLIVIA;MGA;-1086994.8143021143
625;DDIMM;COLOMBIA;SGD;33752.15513354379
626;DDIMM;UGANDA;ETB;1047873.098302269
627;ABFc2;ETHIOPIA;MGA;37232822.22857772
628;HIJMb;MOZAMBIQUE;XPF;807701.3944467269
