;Client;Country;Currency;Transaction
0;ACIWY;BARBADOS;AOA;685355.6028815099
1;ACIWY;LEBANON;SOS;790403.7423134177
2;ACIWY;SWITZERLAND;BGN;-69.01299742606413
3;ACIWY;ZAMBIA;SCR;32702.883906146424
4;ACIWY;BARBADOS;PKR;686664.5640688632
5;ACIWY;ISRAEL;KZT;75162.04675868757
6;ACIWY;NETHERLANDS ANTILLES;ZWL;1420950.5574243402
7;HVVYY;EURO;LAK;103457864.62745005
8;HVVYY;CHILE;UGX;66991054.66539469
9;HVVYY;MADAGASCAR;BIF;20007204.306529976
10;HVVYY;HUNGARY;ANG;6770.312307783486
11;HVVYY;COLOMBIA;BND;10244.120860733556
12;NNWZZ;MAURITIUS;HKD;13940.03405167789
13;NNWZZ;OMAN;LAK;40236089.907905154
14;NNWZZ;RWANDA;ISK;304856.5694823439
15;NNWZZ;CYPRUS;NIO;84594.53010501758
16;NNWZZ;AZERBAIJAN;SDG;-3033.4376399299363
17;Xc112;PANAMA;SLL;141002205.95116004
18;Xc112;GUATEMALA;ALL;870332.4755334374
19;Xc112;IRAQ;RWF;1943318.055096441
20;Xc112;QATAR;JPY;900376.3805460153
21;Xc112;MALAYSIA;BOB;32047.74650638332
22;Xc112;KOREA, REPUBLIC OF;BDT;64663.85792023426
23;Xc112;THAILAND;BRL;42001.205836254645
24;Xc112;SINGAPORE;BOB;26543.405483620296
25;Xc112;IRAN (ISLAMIC REPUBLIC OF);TND;2457.5354427747925
26;Xc112;BRUNEI DARUSSALAM;LRD;245079.69445699427
27;Xc112;BURUNDI;GHS;40587.32531700071
28;Xc112;AZERBAIJAN;SLL;122740492.57343203
29;Xc112;MACAU;GYD;557253.8623247572
30;Xc112;URUGUAY;ZAR;60878.81454807383
31;Xc112;CROATIA;PAB;5459.963291035964
32;Xc112;MADAGASCAR;LKR;1433270.0060373845
33;Xc112;VENEZUELA;PEN;7861.3059065213865
34;AJLbc;LIBYAN ARAB JAMAHIRIYA;BWP;10824.270313924762
35;AJLbc;JORDAN;LKR;432983.1780189022
36;AJLbc;BRUNEI DARUSSALAM;MAD;7400.623840069681
37;AJLbc;NAMIBIA;XAF;174262.86228442076
38;AJLbc;SAMOA;AZN;2215.628180661436
39;AJLbc;KAZAKHSTAN;BIF;2345125.1029802435
40;BBILN;BANGLADESH;CLP;5636517.611106003
41;BBILN;ZAMBIA;CAD;49.20176475829356
42;BBILN;BAHAMAS;SCR;78633.61224317327
43;BBILN;TAIWAN, PROVINCE OF CHINA;DOP;97759.15875275424
44;BBILN;TRINIDAD AND TOBAGO;HKD;24500.8170352859
45;BBILN;ETHIOPIA;ALL;575298.8020158958
46;BBILN;DOMINICAN REPUBLIC;TRY;55161.11924694104
47;KMMZ3;MOROCCO;BND;4602.605723680739
48;KMMZ3;NEPAL;AED;6767.139353068655
49;KMMZ3;CYPRUS;PGK;17473.591973915798
50;KMMZ3;ZAMBIA;AWG;291.1510614038063
51;KMMZ3;TAIWAN, PROVINCE OF CHINA;HTG;313675.42120957526
52;KMMZ3;DOMINICAN REPUBLIC;TND;8056.827866779897
53;KMMZ3;GAMBIA;PHP;48500.935499431886
54;KMMZ3;ZIMBABWE;EGP;110442.28813988819
55;KMMZ3;VANUATU;ZMW;53073.89820797367
56;AJXY2;BULGARIA;AZN;4927.498742737073
57;AJXY2;BARBADOS;SLL;83604984.65090983
58;AJXY2;MOROCCO;TWD;26128.557661483545
59;AJXY2;SWITZERLAND;ZWL;1850522.7314595522
60;AJXY2;LIBYAN ARAB JAMAHIRIYA;SCR;15472.971982490286
61;AJXY2;BAHAMAS;TRY;29462.260329037454
62;AJXY2;CANADA;HKD;20811.229725651414
63;AJXY2;EGYPT;MRO;865558.6964269996
64;AJXY2;CHINA;ZAR;37600.27422976194
65;AJXY2;ALBANIA;KRW;1378673.7096340891
66;AJXY2;QATAR;FJD;477.738155954195
67;AJXY2;KENYA;UAH;45756.102044057094
68;AJXY2;OMAN;CZK;40158.59239983468
69;AJXY2;KAZAKHSTAN;JOD;1690.7933842832242
70;AJXY2;GUYANA;FJD;6365.651393810722
71;AIKWZ;GUATEMALA;SZL;554488.5515733141
72;AIKWZ;DENMARK;GBP;6694.113180454924
73;AIKWZ;CAPE VERDE;GTQ;87345.38883009285
74;AIKWZ;AZERBAIJAN;XOF;3625646.730134453
75;AIKWZ;SWITZERLAND;GMD;884197.804490916
76;AIKWZ;SOUTH AFRICA;BIF;30694222.874804344
77;AIKWZ;BANGLADESH;TZS;2419966.74299062
78;AIKWZ;BANGLADESH;AOA;17238816.867373716
79;AIKWZ;ANGOLA;GHS;416576.9559333038
80;AIKWZ;UGANDA;AWG;22945.478787334458
81;AIKWZ;SOLOMON ISLANDS;ZWL;1081114.0897619396
82;AIKWZ;KENYA;IDR;46302687.7802733
83;AIKWZ;VANUATU;CAD;28360.31062542766
84;AIKWZ;MYANMAR;LVL;11254.705005232034
85;AIKWZ;SWEDEN;GBP;27367.653149900347
86;AIKWZ;PERU;TRY;407568.9829565904
87;AIKWZ;GUATEMALA;OMR;3713.358161356471
88;AIKWZ;MALAYSIA;SVC;24766.29521585913
89;BNYZc;UNITED ARAB EMIRATES;SLL;169450058.8228483
90;BNYZc;VANUATU;BBD;34561.79555656853
91;BNYZc;IRAN (ISLAMIC REPUBLIC OF);YER;2987276.9404167347
92;BNYZc;SERBIA;XOF;-16824.064838302736
93;BNYZc;IRAN (ISLAMIC REPUBLIC OF);CLP;4154128.8157855454
94;BNYZc;UKRAINE;GTQ;50392.11585495956
95;BNYZc;PARAGUAY;DOP;71396.47721697083
96;BNYZc;URUGUAY;BDT;183984.31615599053
97;BNYZc;BHUTAN;MYR;33164.07760654464
98;BNYZc;INDIA;HNL;35961.64699485568
99;BNYZc;ROMANIA;AZN;22593.233936558023
100;BNYZc;GUINEA;NGN;7729168.750617716
101;BNYZc;NORWAY;ZAR;94871.01468141007
102;BNYZc;QATAR;TOP;33733.839112971975
103;BNYZc;URUGUAY;QAR;14267.786400319601
104;BNYZc;SRI LANKA;SVC;98603.82924775696
105;ACMVa;HAITI;HNL;4667.57772246945
106;ACMVa;DOMINICA;RON;553.2592313920608
107;ACMVa;LAO PEOPLE'S DEMOCRATIC REP;ANG;1479.919508665536
108;CHLLb;GUYANA;AWG;18292.282587625104
109;CHLLb;ETHIOPIA;TTD;15947.984670456715
110;CHLLb;DOMINICAN REPUBLIC;AZN;5966.461295822977
111;CHLLb;LATVIA;CNY;74787.84203968279
112;CHLLb;DOMINICAN REPUBLIC;MOP;45979.48271534676
113;CHLLb;DOMINICA;EGP;110103.13087081694
114;CHLLb;BARBADOS;QAR;9036.499490028178
115;CHLLb;UGANDA;PAB;2575.2584957054587
116;CHLLb;CYPRUS;KES;1793664.4059947815
117;CHLLb;GUATEMALA;HUF;256363.73481516732
118;CHLLb;TANZANIA, UNITED REPUBLIC OF;KHR;51952575.1446264
119;CHLLb;PANAMA;GBP;7286.079950812975
120;CHLLb;SERBIA;AUD;19840.36904988827
121;CHLLb;SYRIAN ARAB REPUBLIC;EGP;280351.91629736056
122;DDKMc;AZERBAIJAN;COP;1835575.5745266457
123;DDKMc;SRI LANKA;THB;42146.553914403485
124;DDKMc;CZECH REPUBLIC;MVR;11396.63100691692
125;DDKMc;CHILE;KRW;340174.0646314478
126;DDKMc;VANUATU;RSD;131122.19159156294
127;DDKMc;VANUATU;PAB;362.25748850896355
128;DDKMc;ZAMBIA;NPR;67301.76881393278
129;DDKMc;SAMOA;WST;2435.1521337275003
130;DDKMc;TOGO;LKR;288373.977320839
131;DDKMc;UKRAINE;AUD;540.0429345959467
132;DDKMc;EL SALVADOR;MRO;233961.06810718199
133;DDKMc;SOLOMON ISLANDS;HNL;6847.511409075573
134;DDKMc;SAUDI ARABIA;GMD;24709.537776309804
135;DDKMc;UNITED ARAB EMIRATES;BBD;2189.5750981617875
136;DDKMc;NIGERIA;MXN;4963.739109762829
137;LYa11;CROATIA;SZL;112342.1125881915
138;LYa11;GUINEA;IRR;373744463.41771364
139;LYa11;SERBIA;AWG;22768.400543447773
140;LYa11;HAITI;KYD;9343.464336792264
141;LYa11;DJIBOUTI;CLP;1460888.1632426959
142;LYa11;CYPRUS;VES;313070.3764287496
143;LYa11;ANGOLA;ALL;626181.1698758517
144;CIJMM;EL SALVADOR;SVC;186149.51627311978
145;CIJMM;SINGAPORE;TTD;230005.53774813903
146;CIJMM;SERBIA;INR;1500270.7352561208
147;CIJMM;MALAYSIA;CAD;41841.17975120321
148;CIJMM;GUINEA;TRY;357422.4512116852
149;CIJMM;PAPUA NEW GUINEA;WST;9854.639394988815
150;CIJMM;BURUNDI;NIO;1050729.6731451696
151;CIJMM;CAMBODIA;IQD;41618922.86164067
152;CIJMM;BERMUDA;SVC;95906.96211487122
153;DDKa1;PARAGUAY;KZT;2193428.308434378
154;DDKa1;ROMANIA;KYD;3768.7923254368866
155;DDKa1;BERMUDA;GYD;472903.584639568
156;DDKa1;SYRIAN ARAB REPUBLIC;SGD;3466.7886621444654
157;DDKa1;ISRAEL;PLN;17196.429133744576
158;DDKa1;THAILAND;PKR;695835.2041146606
159;DDKa1;UGANDA;ETB;91278.67227651045
160;DDKa1;FRENCH POLYNESIA;ANG;606.9507648104741
161;DDKa1;ETHIOPIA;AWG;5404.067157143495
162;DDKa1;LAO PEOPLE'S DEMOCRATIC REP;FJD;2158.865506431862
163;DDKa1;FRENCH POLYNESIA;PGK;6397.486079736882
164;DDKa1;HONDURAS;ISK;368867.07463661034
165;DDKa1;BELARUS;UYU;137372.35378989528
166;DDKa1;BHUTAN;ANG;-80.54322945352264
167;DDKa1;TUNISIA;BIF;3500149.1693268777
168;DDKa1;COSTA RICA;SOS;1120045.4151230117
169;DDKa1;PERU;MXN;-1034.7480648393591
170;EKVVb;ZAMBIA;MAD;27230.97710447469
171;EKVVb;KUWAIT;AED;6654.06719917708
172;EKVVb;LATVIA;HNL;22098.462571236763
173;EKVVb;IRAN (ISLAMIC REPUBLIC OF);KWD;346.7434277503994
174;EKVVb;BAHRAIN;GTQ;11313.054655281669
175;EKVVb;AZERBAIJAN;SLL;1562108.7785401032
176;EKVVb;LEBANON;DKK;3197.2648844640944
177;EKVVb;MALDIVES;MAD;3926.262311083952
178;EKVVb;MAURITANIA;MGA;10686692.792068819
179;EKVVb;ISRAEL;XCD;4188.42215654659
180;EKVVb;ARUBA;ETB;38053.290812440755
181;EKVVb;SOLOMON ISLANDS;KYD;646.383373374694
182;EKVVb;NICARAGUA;THB;34189.88792995473
183;EKVVb;THAILAND;DZD;260639.01164780912
184;ANaab;ETHIOPIA;CYP;99.98763452506135
185;ANaab;GHANA;JMD;240134.12453559192
186;ANaab;GUATEMALA;SAR;3945.8542025807033
187;ANaab;GHANA;IQD;1146014.8236292463
188;ANaab;MYANMAR;TND;1681.4314716947608
189;ANaab;GUYANA;TOP;1971.0414594562242
190;ANaab;VIET NAM;MAD;12522.99569786023
191;ANaab;ISRAEL;INR;169270.51881149315
192;ANaab;MACAU;ARS;430731.86380010314
193;ANaab;FRENCH POLYNESIA;TTD;3427.558806273281
194;ANaab;GUINEA;SLL;25701989.607895177
195;ANaab;BRAZIL;NAD;15134.93928783672
196;ANaab;THAILAND;KWD;158.7172834172774
197;ANaab;HAITI;NIO;38549.57763215626
198;ANaab;MOZAMBIQUE;EGP;48280.36425422039
199;ANaab;ALBANIA;BND;1044.3192523734187
200;ANaab;IRAQ;AOA;1027068.7744836584
201;ANaab;SWITZERLAND;LRD;344130.255063955
202;ANaab;TONGA;BSD;72.17266347908375
203;ABXZZ;GUATEMALA;JMD;1410061.6964964159
204;ABXZZ;VIET NAM;VND;396398318.8016321
205;ABXZZ;CAMBODIA;ZWL;10206674.13347697
206;ABXZZ;BARBADOS;JPY;138844.2716311751
207;ABXZZ;DJIBOUTI;PAB;4376.911924235973
208;ABXZZ;HAITI;IQD;17426683.699914314
209;ABXZZ;NAMIBIA;GTQ;2851.720118891806
210;ABXZZ;MACAU;SZL;139093.64184893723
211;ABXZZ;ISRAEL;HRK;7102.072583294659
212;ABXZZ;ALBANIA;ZMW;-804.0445974926506
213;GV223;CANADA;EGP;94454.57410564192
214;GV223;ARGENTINA;UAH;1106322.9837817333
215;GV223;SOUTH AFRICA;CHF;25546.53727356422
216;GV223;AUSTRALIA;MXN;448661.61333551706
217;GV223;CANADA;HUF;6520827.919661285
218;GV223;CHILE;JOD;3142.342951569974
219;GV223;YEMEN;LRD;1762518.1583224402
220;GV223;BERMUDA;TTD;116968.8181147294
221;GV223;CHILE;KWD;7828.510575647724
222;GV223;ROMANIA;SDG;271401.2686192039
223;GV223;SIERRA LEONE;NPR;584075.1055132368
224;GV223;PARAGUAY;MUR;999911.4388991917
225;GV223;EL SALVADOR;GNF;232248992.10203353
226;GV223;DENMARK;IRR;1296965483.2004235
227;GV223;ISRAEL;SCR;208887.43029454286
228;GV223;YEMEN;DJF;522551.7007732363
229;GV223;LATVIA;FJD;44985.185955288216
230;GV223;SRI LANKA;CAD;15890.732658141824
231;GV223;MALAYSIA;VND;844942724.4472235
232;GV223;AUSTRALIA;KWD;5364.552643832026
233;FGIW2;MOZAMBIQUE;STD;4030168.940842843
234;FGIW2;HUNGARY;UAH;2464.5638509228643
235;FGIW2;KAZAKHSTAN;BRL;415.79437407244853
236;FGIW2;GUYANA;CNY;597.224449863322
237;FGIW2;GHANA;CZK;6284.0533408536585
238;FGIW2;NEPAL;SBD;586.9132457879305
239;FGIW2;MOROCCO;UAH;4865.602464971787
240;FGIW2;GUYANA;KRW;367938.52192910155
241;FGIW2;YEMEN;AUD;179.33751610648778
242;FGIW2;SEYCHELLES;CYP;135.73848656795812
243;FGIW2;MAURITANIA;SCR;2606.3333840253817
244;FGIW2;MAURITIUS;PHP;13691.574258994478
245;FGIW2;KOREA, REPUBLIC OF;KWD;46.80932791339265
246;FGIW2;BELARUS;MWK;217329.5088406684
247;FGIW2;KAZAKHSTAN;NZD;316.19075088658474
248;FGIW2;HONDURAS;NIO;7374.499470878652
249;FGIW2;SWEDEN;HUF;84513.37217159143
250;FGIW2;HONDURAS;TRY;2822.88405050319
251;FGIW2;LIBYAN ARAB JAMAHIRIYA;CZK;5434.5013962494895
252;FGIW2;LAO PEOPLE'S DEMOCRATIC REP;XCD;771.7922528766613
253;KXZ12;MOZAMBIQUE;SEK;33814.87663056566
254;KXZ12;BERMUDA;EUR;694.5324919610238
255;KXZ12;CAMBODIA;QAR;20591.359082441642
256;KXZ12;NEPAL;SCR;68979.82641483378
257;KXZ12;INDIA;AZN;8774.56120130434
258;KXZ12;SAMOA;PKR;1122097.4187903402
259;KXZ12;COLOMBIA;VND;49418863.182860695
260;KXZ12;RUSSIAN FEDERATION;BHD;1358.1293737346816
261;KXZ12;BERMUDA;CRC;2951509.704862057
262;KXZ12;ROMANIA;KES;-2475.8736056922717
263;KXZ12;FRENCH POLYNESIA;SYP;1368662.4952496537
264;KXZ12;MALAYSIA;JMD;799634.2130265814
265;KXZ12;AUSTRALIA;KES;362677.96999746794
266;KXZ12;CAYMAN ISLANDS;INR;19612.52932392449
267;KXZ12;SYRIAN ARAB REPUBLIC;LKR;712225.1890938404
268;KXZ12;BANGLADESH;LVL;34.572782010976965
269;KXZ12;SAO TOME AND PRINCIPE;CHF;806.2300790343343
270;KXZ12;SOUTH AFRICA;CYP;1166.836504961503
271;KXZ12;CYPRUS;VUV;159465.37923468958
272;CJYc2;UNITED ARAB EMIRATES;SOS;2916407.626954581
273;CJYc2;CAMBODIA;NGN;790065.1789486342
274;CJYc2;ARUBA;CYP;2217.744758670206
275;CJYc2;YEMEN;LBP;3492910.142482562
276;CJYc2;TANZANIA, UNITED REPUBLIC OF;HNL;86480.22853391088
277;CJYc2;JAPAN;PHP;94062.78533557932
278;CJYc2;ALGERIA;BZD;8181.74278011406
279;CJYc2;SAMOA;NIO;49531.00979997337
280;CJYc2;BAHRAIN;MUR;42988.92299235004
281;CJYc2;BERMUDA;THB;138808.43755776234
282;CJYc2;UKRAINE;RWF;2675711.2607833254
283;CJYc2;BRUNEI DARUSSALAM;ZMW;32505.974646704744
284;CJYc2;LATVIA;JPY;-600.8537697035916
285;CJYc2;PAPUA NEW GUINEA;HRK;2914.8172256100042
286;CJYc2;DOMINICAN REPUBLIC;LVL;3615.7797832007964
287;CJYc2;NETHERLANDS ANTILLES;UAH;119919.49078233
288;CJYc2;SWITZERLAND;IRR;54770716.10824972
289;CJYc2;SEYCHELLES;MRO;773988.3811173686
290;EJMX2;BERMUDA;SAR;1679.382411536294
291;EJMX2;SWEDEN;SOS;1135895.3551775233
292;EJMX2;EGYPT;NIO;19261.680269790955
293;EJMX2;MALDIVES;MOP;22449.39481813358
294;EJMX2;LATVIA;ZWL;454405.56969646737
295;EJMX2;ZIMBABWE;RUB;139965.64087612552
296;EJMX2;SWAZILAND;MUR;101856.29872148279
297;EJMX2;FIJI;SGD;2518.5738257717157
298;EJMX2;ANGOLA;GBP;548.8498691926598
299;EJMX2;ALBANIA;MWK;1818936.1750568976
300;EJMX2;CROATIA;OMR;922.9732368529991
301;EJMX2;VENEZUELA;LBP;4235983.551173925
302;EJMX2;CAMBODIA;KWD;664.9135901281871
303;EJMX2;BAHRAIN;BND;3005.2659721343603
304;EJMX2;LATVIA;PEN;6894.750294517969
305;EJMX2;EURO;MMK;2936487.838970285
306;EJMX2;PANAMA;ETB;62523.98959459069
307;EJMX2;KENYA;CNY;3380.603339953105
308;ABXbb;EGYPT;ISK;10213.051708470104
309;ABXbb;SEYCHELLES;RON;1059.0350449654295
310;ABXbb;MAURITANIA;SGD;3127.367341724046
311;ABXbb;BURUNDI;COP;6846590.655864543
312;ABXbb;MALAYSIA;NPR;91755.57726983933
313;AFMbb;NIGERIA;OMR;5.780867844396815
314;AFMbb;PERU;AWG;96.99511928904911
315;Daa11;KAZAKHSTAN;LBP;7180185.865534771
316;Daa11;BELIZE;MXN;256145.90680907658
317;DYc33;KENYA;SAR;186995.09344420303
318;DYc33;HAITI;JPY;5209148.752080111
319;DYc33;QATAR;ISK;4874807.591069356
320;DYc33;PAKISTAN;BBD;73847.96466265732
321;DYc33;PERU;BBD;39710.443994684494
322;DYc33;DOMINICAN REPUBLIC;OMR;9544.210042130997
323;DYc33;MOROCCO;BDT;6870704.179165745
324;DYc33;QATAR;SBD;545881.9679736554
325;DYc33;EGYPT;GTQ;427830.1947270496
326;DYc33;BANGLADESH;LVL;20580.454260300932
327;DYc33;SEYCHELLES;UYU;1511602.9760443605
328;DYc33;TOGO;KZT;25884700.653792087
329;FGLVX;SYRIAN ARAB REPUBLIC;DOP;524076.59103687195
330;FGLVX;DENMARK;BSD;7744.510726676342
331;FGLVX;HUNGARY;BGN;10997.365866047368
332;FGLVX;MOROCCO;XOF;333041.9248932913
333;FGLVX;PARAGUAY;GTQ;38121.7940084155
334;FGLVX;GHANA;ISK;1493517.388346286
335;FGLVX;SURINAME;ISK;1508974.0286814608
336;FGLVX;HONDURAS;SAR;34721.48130526973
337;FGLVX;ROMANIA;BSD;541.7032313725111
338;FGLVX;PAPUA NEW GUINEA;JPY;770285.2846723493
339;FGLVX;UGANDA;PEN;32137.43980270906
340;FGLVX;NICARAGUA;LBP;3983952.314934309
341;FGLVX;SURINAME;XPF;531194.8599108423
342;FGLVX;RWANDA;ETB;320457.40353417577
343;FGLVX;MYANMAR;CHF;6842.499928105746
344;FGLVX;GUATEMALA;DKK;38116.55221830545
345;DDHLX;SWAZILAND;RUB;29009.09467935752
346;DDHLX;FIJI;SZL;92096.58119420162
347;DDHLX;SEYCHELLES;BHD;173.73499265016721
348;DDHLX;ZIMBABWE;LRD;529794.429631637
349;DDHLX;SAO TOME AND PRINCIPE;GNF;12144839.275715059
350;DDHLX;BOLIVIA;BZD;3005.847720739477
351;DDHLX;NORWAY;ZAR;6985.097024428871
352;DDHLX;PHILIPPINES;MWK;3327129.4413355123
353;DDHLX;CHILE;BGN;3126.9152424314866
354;DDHLX;ALBANIA;CZK;67495.35641041641
355;DIIYZ;NEW ZEALAND;PYG;1622020.959670783
356;DIIYZ;CAYMAN ISLANDS;OMR;20.012299823878585
357;DIIYZ;CAYMAN ISLANDS;GYD;31108.423149785885
358;DIIYZ;CAPE VERDE;MZN;6516.12853805576
359;DIIYZ;MYANMAR;JPY;18691.22425525725
360;DIIYZ;COLOMBIA;DJF;30759.89528743781
361;DIIYZ;NIGERIA;KHR;468904.2481264062
362;DIIYZ;CENTRAL AFRICAN REPUBLIC;DZD;1961.705743223064
363;KLLYa;PAPUA NEW GUINEA;MMK;145588.67159668016
364;KLLYa;SRI LANKA;JPY;64463.55980598769
365;KLLYa;SERBIA;CVE;26258.86503448308
366;KLLYa;CYPRUS;DZD;28305.14508189089
367;KLLYa;BOLIVIA;TWD;13350.413557706364
368;CFJMX;SWAZILAND;ZMW;-113.93844548591015
369;CFJMX;ALBANIA;BYR;62975602.74557519
370;CFJMX;CAPE VERDE;AWG;-76.43837727402037
371;CFJMX;DENMARK;IQD;5956586.839164832
372;CFJMX;AUSTRALIA;CHF;3277.7408239542733
373;CFJMX;NETHERLANDS ANTILLES;BTN;214496.45513018468
374;DFFMZ;CAYMAN ISLANDS;ZAR;7777.985350344747
375;DFFMZ;PAKISTAN;GNF;2927458.0361395637
376;DFFMZ;YEMEN;PYG;3930974.878556148
377;DFFMZ;HONG KONG;INR;603.8614162153641
378;DFFMZ;PERU;MYR;167.54602802255954
379;DFFMZ;COSTA RICA;SAR;595.7552801128733
380;DFFMZ;PHILIPPINES;AWG;908.0817146543003
381;DFFMZ;CROATIA;HRK;1665.4169813474016
382;DFFMZ;ZAMBIA;JMD;19641.19763390874
383;DFFMZ;DENMARK;ILS;1676.4994179319049
384;AIIKW;INDIA;DZD;121243.51007622201
385;AIIKW;TAIWAN, PROVINCE OF CHINA;NOK;12985.100826543869
386;AIIKW;COSTA RICA;KES;399946.8001672589
387;AABKX;MAURITIUS;ARS;6686460.996011734
388;AABKX;NEW ZEALAND;TZS;81760348.64669088
389;AABKX;URUGUAY;XPF;1721476.1692837165
390;AABKX;TONGA;KRW;3507708.3302056636
391;AABKX;ROMANIA;EUR;12975.292183535816
392;DEG23;TURKEY;NOK;148574.3079856386
393;DEG23;CZECH REPUBLIC;RUB;657356.2489624989
394;DEG23;NETHERLANDS ANTILLES;KZT;1697960.7288270157
395;DEG23;MADAGASCAR;TND;50694.71203283112
396;DEG23;NIGERIA;CYP;7148.852790213292
397;DEG23;FIJI;IDR;169680003.50184214
398;DEG23;BULGARIA;UYU;566681.5392599036
399;DEG23;NEPAL;MMK;33297889.71482358
400;DEG23;ICELAND;BTN;1364532.0181453247
401;DEG23;PAKISTAN;ZAR;238798.01129345386
402;DEG23;MOROCCO;NAD;309879.78196281026
403;DEG23;GUATEMALA;ALL;1952419.3530692281
404;DEG23;CYPRUS;GNF;59647419.20892042
405;DEG23;TUNISIA;BYR;221530334.10084143
406;DEG23;KENYA;SEK;30158.252226120327
407;DEG23;TANZANIA, UNITED REPUBLIC OF;DOP;1023414.0837005521
408;DEG23;NETHERLANDS ANTILLES;RUB;479867.7446603225
409;DEG23;COSTA RICA;KZT;8179329.419959065
410;DEG23;SEYCHELLES;NGN;6692389.73017953
411;DEG23;BOLIVIA;MVR;61865.69162502661
412;AC222;NIGERIA;MGA;136014037.9652367
413;AC222;PARAGUAY;LAK;465913870.65556824
414;AC222;BURUNDI;SCR;434289.12958653376
415;AC222;SAMOA;DKK;248959.9174707936
416;AC222;UNITED ARAB EMIRATES;EUR;4574.707083248459
417;AC222;DJIBOUTI;BND;5595.872122393579
418;AC222;NAMIBIA;OMR;6723.993850759354
419;AC222;TOGO;ARS;6649300.897523616
420;AC222;NAMIBIA;LAK;680945447.9192667
421;AC222;CZECH REPUBLIC;BYR;481020236.33424544
422;AC222;THAILAND;GTQ;254078.57773401207
423;AC222;SAUDI ARABIA;RUB;1949994.1721579786
424;AC222;SURINAME;KES;793969.1933732993
425;AC222;MALAWI;SDG;8381529.610655576
426;AC222;NETHERLANDS ANTILLES;SDG;445877.88335754955
427;AC222;TURKEY;MGA;55506200.79336565
428;EHZbc;KOREA, REPUBLIC OF;CRC;1249431.1554222854
429;EYccc;KUWAIT;BRL;62831.764375057646
430;EYccc;VENEZUELA;SOS;10141853.841521138
431;EYccc;URUGUAY;IRR;482766205.7080391
432;EYccc;SOLOMON ISLANDS;SZL;28586.537101452257
433;EYccc;BURUNDI;VUV;411385.1735972018
434;DFKWY;SIERRA LEONE;ALL;277780.88297018746
435;CKVYZ;BURUNDI;XOF;6279780.085507516
436;CKVYZ;NEW ZEALAND;JMD;1433570.2931162508
437;CKVYZ;YEMEN;ETB;775194.4192464624
438;CKVYZ;ALBANIA;TRY;131971.5660399114
439;CYYYY;VIET NAM;STD;273254342.8457647
440;CYYYY;PANAMA;OMR;5076.451935351569
441;CYYYY;KUWAIT;KWD;2610.3580184998154
442;CYYYY;MALDIVES;BHD;1025.5805022065874
443;CYYYY;UGANDA;CAD;10074.161999571415
444;CYYYY;SERBIA;CNY;3412.229776038648
445;CYYYY;GUYANA;PAB;10450.48802297485
446;CYYYY;CZECH REPUBLIC;AOA;4361827.413699059
447;CYYYY;LEBANON;TWD;298158.3814588963
448;CYYYY;INDIA;DZD;1881615.625207244
449;CYYYY;ARUBA;QAR;33298.649871707945
450;CYYYY;TANZANIA, UNITED REPUBLIC OF;PLN;57803.03967665944
451;CYYYY;DJIBOUTI;HRK;91576.17745235548
452;CYYYY;BAHAMAS;TTD;75704.7515026772
453;CYYYY;MALAWI;SRD;322875.77789261076
454;CYYYY;GHANA;GTQ;1009.2418592825403
455;CYYYY;SOUTH AFRICA;ALL;776245.5244994286
456;CYYYY;SOMALIA;CVE;1767897.2642962048
457;EYY12;NEW ZEALAND;TND;120430.13486193655
458;EYY12;NAMIBIA;KES;5872212.465701742
459;EYY12;KOREA, REPUBLIC OF;HTG;3870731.80464845
460;EYY12;PERU;CZK;1864840.5345559597
461;EYY12;SWITZERLAND;HNL;2252323.288523798
462;EYY12;SUDAN;SDG;17999880.007367667
463;EYY12;TUNISIA;AOA;17878914.05225506
464;ABKX3;UGANDA;CYP;437.5735285984829
465;ABKX3;JAMAICA;MZN;74178.70251248057
466;ABKX3;ALBANIA;EUR;0.4566662008291478
467;ABKX3;YEMEN;LAK;19822782.653855793
468;ABKX3;TURKEY;CHF;43.307477837453675
469;ABKX3;BRUNEI DARUSSALAM;PGK;1275.579128229421
470;ABKX3;NEW ZEALAND;PEN;3248.4858862741266
471;ABKX3;LEBANON;DZD;32497.73191432867
472;ABKX3;DOMINICA;MOP;6494.829152465777
473;ABKX3;FRENCH POLYNESIA;YER;141265.0540079611
474;ABKX3;GUATEMALA;COP;3467877.4624764654
475;ABKX3;BULGARIA;PES;195102.8339274967
476;ABKX3;CROATIA;KYD;288.76132905565595
477;ABKX3;THAILAND;JPY;25655.878606477127
478;ABKX3;SOMALIA;ZWL;601746.128374922
479;ABKX3;JORDAN;ANG;1867.2528771511443
480;ABKX3;MADAGASCAR;ZWL;734137.6645379495
481;ABKX3;SYRIAN ARAB REPUBLIC;NGN;494045.16527518374
482;ABKX3;BRAZIL;SEK;7421.7494771773245
483;ABKX3;TAIWAN, PROVINCE OF CHINA;GBP;941.7637427124596
484;DI333;ANGOLA;SVC;15566.881136905062
485;DI333;THAILAND;RON;6624.556126605086
486;DI333;COSTA RICA;PES;251418.22783266346
487;DI333;ARUBA;DZD;169681.02064235765
488;DI333;BARBADOS;BBD;976.845245978416
489;DI333;SURINAME;INR;33182.636306138644
490;DI333;SOMALIA;DKK;790.4169855496647
491;DI333;NIGERIA;AUD;1158.5466480815244
492;DI333;SWEDEN;KYD;599.4013691151725
493;DI333;PERU;BIF;655861.4849302395
494;FFMXa;EGYPT;BTN;266035.1133637954
495;FFMXa;GUYANA;CLP;6101519.093416714
496;FFMXa;MAURITIUS;MOP;8403.436354195006
497;FFMXa;BULGARIA;XOF;2364459.5258087073
498;FFMXa;LATVIA;YER;635754.72674732
499;FFMXa;BOLIVIA;THB;314912.21821864235
500;FFMXa;PHILIPPINES;NZD;13451.673690591168
501;FFMXa;NETHERLANDS ANTILLES;PHP;243724.0904313405
502;FFMXa;AUSTRALIA;ARS;1830563.0332465766
503;FFMXa;QATAR;XPF;684749.7263635593
504;FFMXa;HUNGARY;SZL;47000.30583575261
505;DHLW3;NORWAY;MOP;742.7195754461255
506;DHLW3;ARGENTINA;CHF;1654.1957832352455
507;DHLW3;TAIWAN, PROVINCE OF CHINA;MOP;10890.719700565242
508;DHLW3;VANUATU;XCD;5382.981594138544
509;DHLW3;CANADA;LVL;447.0646671146723
510;DHLW3;GUATEMALA;BZD;5271.100596285704
511;DHLW3;VANUATU;ZMW;27544.901921102097
512;DHLW3;BHUTAN;AOA;1247653.0123211497
513;DHLW3;INDONESIA;JMD;213781.2907651471
514;FFXbb;CANADA;BYR;1008543907.239944
515;FFXbb;NEPAL;SCR;4733.250140331823
516;BFH11;AZERBAIJAN;PYG;3769422.038057302
517;BFH11;MAURITIUS;DJF;3985.1964246611556
518;BFH11;SRI LANKA;MWK;793771.866450553
519;BFH11;DENMARK;BDT;66066.05839094485
520;BFH11;HONG KONG;XOF;308774.8431022976
521;BFH11;ANGOLA;PGK;340.9541471649637
522;BFH11;FRENCH POLYNESIA;KWD;34.73295289219128
523;BFH11;HUNGARY;UAH;5734.009056653093
524;BFH11;PHILIPPINES;BDT;22459.81544764876
525;BFH11;HAITI;MZN;13250.113331034589
526;BFH11;CAPE VERDE;BRL;2946.638873142137
527;BFH11;INDIA;MVR;11352.842053727862
528;BFH11;HONDURAS;XCD;1725.0275998333575
529;BFH11;NAMIBIA;MMK;1427867.8419851658
530;BFH11;PHILIPPINES;AZN;1025.6825413254603
531;BFH11;IRAN (ISLAMIC REPUBLIC OF);LAK;7092342.579922601
532;BDNNc;MAURITANIA;STD;22222630.674239278
533;BDNNc;SAO TOME AND PRINCIPE;IQD;835775.0388873332
534;BDNNc;SWEDEN;GNF;3813788.773139357
535;BDNNc;SWITZERLAND;IDR;13195070.024216611
536;BDNNc;ICELAND;CZK;22278.003794519598
537;BDNNc;SRI LANKA;LVL;265.10738938614475
538;BDNNc;EGYPT;BHD;353.09290075711147
539;BDNNc;UGANDA;SEK;8100.7581634125545
540;BDNNc;ALBANIA;ARS;75467.60340605896
541;BDNNc;GUYANA;KHR;1416729.2747699488
542;Ibb23;THAILAND;BWP;115243.37474069855
543;AJLWY;EL SALVADOR;CRC;8527484.310981307
544;AJLWY;BOTSWANA;XPF;675699.8852149539
545;AJLWY;EL SALVADOR;BIF;22931839.243728653
546;AJLWY;SIERRA LEONE;MGA;57672990.20858154
547;AJLWY;MADAGASCAR;BBD;18436.962466930694
548;AJLWY;KAZAKHSTAN;NGN;2080229.3598502078
549;AJLWY;BURUNDI;SYP;3985789.067151505
550;AJLWY;HONDURAS;SBD;102018.68599964082
551;DGGV2;ARUBA;TTD;25782.65746843001
552;DGGV2;IRAQ;HKD;29267.024396920136
553;DGGV2;FRENCH POLYNESIA;UAH;112727.63170036266
554;DGGV2;HONDURAS;BDT;58985.32184795429
555;DGGV2;BOTSWANA;LYD;15849.676896649446
556;DGGV2;PAPUA NEW GUINEA;BIF;7917020.741446865
557;DGGV2;AUSTRALIA;RSD;110498.36949714656
558;DGGV2;MYANMAR;KHR;779314.782646008
559;DGGV2;TONGA;XAF;1824398.4076827986
560;DGGV2;TOGO;DOP;105824.54467457412
561;DGGV2;SWITZERLAND;KZT;1222360.352961988
562;DGGV2;GUINEA;ALL;10705.094717502961
563;DGGV2;NORWAY;SCR;25571.95367444794
564;DGGV2;BHUTAN;KHR;4301154.353582436
565;DGGV2;ARUBA;MAD;14742.21623967452
566;DGGV2;INDIA;BHD;893.5545600455184
567;DGGV2;SRI LANKA;CZK;24968.54936372576
568;JLNNV;BURUNDI;AOA;53056.69397958575
569;JLNNV;BANGLADESH;AUD;191.06809613908956
570;JLNNV;PERU;DZD;17508.225807460472
571;JLNNV;ARUBA;CRC;2936.9630199662406
572;JLNNV;MALAWI;XOF;79050.6072819999
573;JLNNV;PAKISTAN;MXN;2333.2810693786737
574;JLNNV;JAPAN;BWP;124.151800744306
575;JLNNV;SAO TOME AND PRINCIPE;AUD;123.85164012530745
576;JLNNV;OMAN;YER;2906.9864827484143
577;JLNNV;ICELAND;MZN;4705.487759114294
578;JLNNV;INDIA;NIO;2721.7370896506272
579;JLNNV;CROATIA;UYU;3719.325192966953
580;GHcc2;BERMUDA;NZD;1899.8805054196714
581;GHcc2;ANGOLA;RSD;163733.37892596988
582;GHcc2;OMAN;BMD;1639.9001151242337
583;GHcc2;CAYMAN ISLANDS;TOP;4165.450736611736
584;GHcc2;DJIBOUTI;SDG;543507.867800367
585;GHcc2;JAMAICA;SYP;1073381.1500439807
586;GHcc2;KUWAIT;RUB;60835.79855714677
587;GHcc2;BERMUDA;BIF;2161165.3224497144
588;GHcc2;ARGENTINA;YER;87259.66624815918
589;GHcc2;BAHRAIN;GBP;273.18151078350746
590;GHcc2;EGYPT;DOP;5025.141446344232
591;GHcc2;MAURITANIA;CNY;10788.939576604855
592;GHcc2;OMAN;LVL;1316.7881750517445
593;GHcc2;ARGENTINA;MGA;2627846.099028727
594;GHcc2;NAMIBIA;MOP;15325.020822916396
595;AIKLV;UKRAINE;JMD;440971.8378368973
596;AIKLV;JAMAICA;OMR;372.16357596442884
597;AIKLV;SWITZERLAND;TOP;5458.2858246258365
598;AIKLV;NEW ZEALAND;WST;17447.80012136247
599;AIKLV;NIGERIA;BND;9248.88953466741
600;AIKLV;ZIMBABWE;RUB;366018.0230334935
601;DHVab;BULGARIA;JOD;867.6640643524266
602;DHVab;MOZAMBIQUE;FJD;2404.6942615996954
603;DHVab;BOLIVIA;CVE;147862.80340557412
604;DHVab;UNITED ARAB EMIRATES;BZD;1352.5431512810555
605;DHVab;ALGERIA;HKD;1060.2220586546093
606;DHVab;MAURITANIA;INR;32099.80887834878
607;DHVab;AZERBAIJAN;RSD;8681.4879908489
608;DHVab;SAMOA;TWD;40730.6148712915
609;DHVab;CHINA;LVL;218.1759395468384
610;DHVab;INDONESIA;BBD;2316.781794324435
611;DHVab;ETHIOPIA;FJD;1067.9183679003202
612;DHVab;EL SALVADOR;NIO;10705.832311484693
613;DHVab;BULGARIA;SBD;6882.904587830845
614;DHVab;LIBERIA;MYR;1092.8508373183538
615;DHVab;SERBIA;CLP;77654.07916317442
616;DHVab;DOMINICA;ALL;36537.56391116177
617;DHVab;GHANA;RUB;84642.04821696188
618;DHVab;EL SALVADOR;KYD;506.0693642922906
619;DHVab;TAIWAN, PROVINCE OF CHINA;LAK;15996191.468342422
620;IWWc1;BANGLADESH;RON;10976.788680287125
621;DELMY;BRUNEI DARUSSALAM;IQD;13296498.585228868
622;DELMY;CYPRUS;BWP;43790.67633208867
623;DELMY;MALAWI;DKK;174353.69701887632
624;DELMY;DOMINICAN REPUBLIC;INR;723286.2051502494
625;DELMY;MALAYSIA;FJD;12935.507092241553
626;DELMY;LIBYAN ARAB JAMAHIRIYA;PLN;3884.945885435898
627;DELMY;NEPAL;ILS;73581.69826908279
628;DELMY;BELARUS;AOA;1429562.747768406
629;DELMY;LATVIA;MMK;42990054.26057875
630;DELMY;DENMARK;MMK;10780019.10520974
631;DELMY;CANADA;GBP;23201.524509422947
632;DELMY;CHILE;AOA;9828961.542889602
633;DELMY;CROATIA;PKR;4979291.928752433
634;DELMY;GUYANA;ALL;2743514.754490469
635;AEMW2;VIET NAM;BIF;2590119.0972904786
636;AEMW2;SAMOA;UAH;26731.823834672276
637;AEMW2;MADAGASCAR;SOS;829800.0020049367
638;AEMW2;MADAGASCAR;SDG;699344.1973093634
639;AEMW2;BAHRAIN;PAB;1676.1405120515283
640;AEMW2;PHILIPPINES;MGA;5249793.915103607
641;AEMW2;SWITZERLAND;ETB;10239.218900056725
642;AEMW2;SWEDEN;BWP;13001.244297545702
643;BEIV3;COLOMBIA;SZL;52354.60745982528
644;BEIV3;UNITED KINGDOM;THB;65576.5562550376
645;GVWYb;SOLOMON ISLANDS;ZAR;9642.621548677078
646;GVWYb;MYANMAR;MUR;198870.6937546659
647;IM123;NIGERIA;GBP;1534.4065520254271
648;IM123;TURKEY;HRK;24966.24565461747
649;IM123;MEXICO;BDT;57408.85019627085
650;IM123;GUYANA;NGN;1060103.391340249
651;IM123;LAO PEOPLE'S DEMOCRATIC REP;NIO;238376.67272261984
652;IM123;ANGOLA;IRR;223273730.335155
653;IM123;MYANMAR;WST;18284.932952366
654;IM123;CHILE;IQD;5591119.762031593
655;IM123;VIET NAM;AED;19543.088899971284
656;IM123;COLOMBIA;CAD;5199.874840229215
657;IM123;QATAR;SCR;82085.48121346015
658;IM123;KENYA;JMD;582844.7378497518
659;IM123;SIERRA LEONE;EGP;15819.139635740672
660;IM123;BRAZIL;GBP;6099.330951515625
661;IM123;BARBADOS;DOP;182912.88889817437
662;IM123;QATAR;NGN;3143895.707608738
663;IM123;UGANDA;CHF;7333.859472416855
664;IM123;SWEDEN;ILS;8827.85630062836
665;JXZa1;ALBANIA;GBP;220.84927868724458
666;JXZa1;MACAU;SLL;23529903.857993565
667;JXZa1;UNITED ARAB EMIRATES;KES;214132.95985097846
668;JXZa1;THAILAND;HRK;12979.44772776736
669;JXZa1;TURKEY;HNL;-305.2425919618025
670;JXZa1;GUYANA;LKR;43250.52191065633
671;JXZa1;MALAWI;SBD;352.0701233809227
672;JXZa1;POLAND;GHS;14305.785706752438
673;JXZa1;MAURITIUS;HUF;186390.03776185558
674;JXZa1;TURKEY;VND;18617566.82019904
675;JXZa1;TUNISIA;PHP;90369.86783069627
676;JXZa1;JAMAICA;NOK;13629.70870300503
677;JXZa1;BELIZE;TRY;15356.699286155863
678;JXZa1;MOROCCO;CLP;211148.79486539026
679;JXZa1;SRI LANKA;NPR;68063.39045838079
680;JXZa1;ROMANIA;GYD;365917.80699494836
681;DIINc;PERU;BMD;4896.0249263510705
682;DIINc;NORWAY;UGX;41320538.219447196
683;DIINc;HAITI;JMD;1430598.9067186508
684;DIINc;MOZAMBIQUE;HNL;106759.43344522652
685;DIINc;FRENCH POLYNESIA;BND;7184.675654492257
686;DIINc;AZERBAIJAN;AWG;15252.026613287358
687;DIINc;BELARUS;IRR;212410257.2726607
688;DIINc;CHINA;SEK;115182.91290018031
689;DIINc;MAURITIUS;SRD;193717.3035040059
690;DIINc;LAO PEOPLE'S DEMOCRATIC REP;CZK;47948.7094981545
691;DIINc;PARAGUAY;VND;94807742.19507977
692;DIINc;MAURITANIA;KWD;282.15749686862813
693;DIINc;CZECH REPUBLIC;ALL;264407.5671835732
694;DIINc;LEBANON;PEN;40500.58947126453
695;DIINc;SUDAN;TOP;6653.504658521341
696;ABFc1;HONG KONG;XCD;3242.202495513299
697;ABFc1;OMAN;KRW;1182907.4474203011
698;ABFc1;MALAYSIA;SZL;26966.699886771286
699;ABFc1;SEYCHELLES;RWF;385909.6971781447
700;ABFc1;LEBANON;KHR;5064940.472497431
701;CGHMb;RWANDA;KWD;4630.5462102643205
702;CGHMb;GAMBIA;ISK;2138204.5497365287
703;CGHMb;NAMIBIA;LAK;-1105064.801826338
704;CGHMb;HONG KONG;AOA;5839028.721677445
705;CGHMb;NEPAL;SAR;11435.396592723153
706;CGHMb;TUNISIA;XOF;1404334.9438045386
707;CGHMb;DOMINICAN REPUBLIC;CLP;3711740.321512058
708;CGHMb;BAHAMAS;PKR;2204457.701766742
709;BLab2;UNITED ARAB EMIRATES;ALL;30808.79664736196
710;BLab2;URUGUAY;AOA;-4301.848190870082
711;BLab2;SINGAPORE;MYR;4634.089436395689
712;BLab2;BURUNDI;LRD;20204.609669558387
713;BLab2;NEPAL;DKK;7132.323753932257
714;BLab2;BANGLADESH;XPF;117190.66553823164
715;BLab2;SOMALIA;JPY;79501.51075120809
716;BLab2;NICARAGUA;XOF;538867.2519662057
717;BLab2;TONGA;LRD;56084.80500609123
718;BLab2;SAUDI ARABIA;TWD;16496.418521519587
719;BLab2;SAMOA;LAK;21269941.045796055
720;BLab2;GAMBIA;SEK;15282.583247672474
721;BLab2;NICARAGUA;THB;37927.69912056577
722;Aaa13;RWANDA;BRL;38514.59557211197
723;BFJNc;NEW ZEALAND;SOS;246693.8326227191
724;BFJNc;SWEDEN;MAD;7696.447415948274
725;BFJNc;HAITI;NPR;151431.68802306993
726;BFJNc;HAITI;YER;189709.531786439
727;BFJNc;ZAMBIA;UGX;1143988.3932812081
728;BFJNc;NEW ZEALAND;BBD;1480.787376173913
729;BFJNc;SIERRA LEONE;BZD;2234.702505569165
730;BFJNc;OMAN;WST;2273.5934869063462
731;BFJNc;CHILE;LAK;8735954.583263692
732;BFJNc;SAO TOME AND PRINCIPE;HUF;10290.808844867533
733;BFJNc;SWAZILAND;SBD;6717.434456617985
734;FJVa2;MALAWI;PES;484658.1413091386
735;FJVa2;TUNISIA;SAR;18769.102193405648
736;FJVa2;HONG KONG;INR;557742.748165917
737;FJVa2;SINGAPORE;TOP;10462.451540326816
738;LNWW2;EL SALVADOR;AOA;458651.9742533723
739;LNWW2;MOZAMBIQUE;ALL;222114.11692258064
740;LNWW2;TUNISIA;BDT;240278.5867124479
741;LNWW2;PAKISTAN;SOS;1192995.5478269008
742;LNWW2;LIBERIA;RSD;302659.6292933097
743;LNWW2;LIBYAN ARAB JAMAHIRIYA;PLN;12314.734777866332
744;LNWW2;DENMARK;HTG;239327.7377059273
745;LNWW2;ANGOLA;BYR;46558157.704816125
746;LNWW2;LEBANON;TRY;17062.21517877126
747;LNWW2;GUATEMALA;XCD;5220.668364994767
748;LNWW2;KOREA, REPUBLIC OF;BGN;2059.297628800457
749;LNWW2;BOTSWANA;HRK;7148.441891003118
750;LNWW2;ETHIOPIA;MUR;42563.169712424
751;LNWW2;MYANMAR;LYD;3066.933639953704
752;LNWW2;BAHRAIN;BWP;26123.498000373325
753;LNWW2;PARAGUAY;VES;34827.64956166913
754;FIMVY;SIERRA LEONE;SOS;898901.2267043111
755;FIMVY;ETHIOPIA;PGK;2403.408776400874
756;FIMVY;BELARUS;TWD;-177.83676925428392
757;FIMVY;GAMBIA;MVR;20612.119336525466
758;FIMVY;NEPAL;SAR;7840.801951528286
759;FIMVY;PERU;UAH;40727.1589824807
760;FIMVY;ZIMBABWE;DZD;55829.54739720582
761;FIMVY;PHILIPPINES;YER;463298.55069601675
762;FIMVY;BOTSWANA;DZD;88.33789145127503
763;FIMVY;VANUATU;KZT;508801.05589878134
764;FIMVY;NETHERLANDS ANTILLES;GNF;16278365.684967149
765;JJNWc;BAHAMAS;JPY;730404.921056394
766;JJNWc;INDONESIA;MWK;2269606.5642885813
767;JJNWc;URUGUAY;MVR;64546.66349587991
768;AAACN;BAHAMAS;SCR;117907.41737550573
769;AAACN;COSTA RICA;CRC;6533928.906713548
770;AAACN;COSTA RICA;HNL;109263.81816989904
771;AAACN;KOREA, REPUBLIC OF;TND;17741.037098240857
772;AAACN;TOGO;NPR;883628.0388941537
773;AAACN;ARUBA;BOB;57057.39387576099
774;AAACN;ARGENTINA;YER;208962.6832002046
775;AAACN;HONG KONG;HTG;814398.2588986792
776;AAACN;ZIMBABWE;KZT;1152866.4874195757
777;AAACN;RUSSIAN FEDERATION;PHP;610934.9609001346
778;CCGKL;EGYPT;NZD;103047.25388956127
779;CCGKL;ANGOLA;LBP;91859608.5780152
780;CCGKL;PERU;TRY;913166.701396454
781;CCGKL;TURKEY;NZD;113142.99108810174
782;CCGKL;PAPUA NEW GUINEA;BRL;414922.513806727
783;CCGKL;LEBANON;KHR;172680506.34100506
784;CCGKL;NICARAGUA;BWP;1205946.906676814
785;CCGKL;PHILIPPINES;MUR;1398166.396356727
786;CCGKL;DOMINICA;LAK;242849795.48429966
787;CCGKL;RUSSIAN FEDERATION;WST;268937.9500256514
788;CCGKL;ALBANIA;IDR;507351646.0979471
789;CCGKL;JORDAN;WST;235391.43687246676
790;CCGKL;EURO;LYD;448006.099190591
791;CCGKL;UGANDA;CHF;3431.345104424612
792;CCGKL;CZECH REPUBLIC;MVR;887440.6798886247
793;CCGKL;VIET NAM;CAD;5712.483631308172
794;CCGKL;JAPAN;XOF;58847607.94737396
795;GIK33;SOMALIA;SLL;96355839.98398587
796;GIK33;CAMBODIA;XAF;11078272.675060153
797;GIK33;VIET NAM;JOD;447.6646541134462
798;GIK33;SWITZERLAND;IQD;19275906.185610127
799;GIK33;MEXICO;BMD;16035.034390564273
800;GIK33;PARAGUAY;LRD;1036256.6194437407
801;GIK33;HONDURAS;XOF;9527694.544211255
802;GIK33;KAZAKHSTAN;PEN;21369.496923110448
803;GIK33;DOMINICAN REPUBLIC;BTN;478865.4002792161
804;GIK33;MAURITANIA;LBP;8992474.93928268
805;GIK33;NEPAL;NPR;2519888.2802849873
806;GIK33;BURUNDI;MAD;63579.92493017556
807;GIK33;KOREA, REPUBLIC OF;BMD;4580.873276001833
808;GIK33;BELIZE;AZN;3819.515114973345
809;CGIW1;ALGERIA;SDG;152812.09859906422
810;CGIW1;SYRIAN ARAB REPUBLIC;SOS;14528.750845149829
811;CGIW1;BHUTAN;LBP;59747.21185671687
812;CGIW1;TANZANIA, UNITED REPUBLIC OF;MOP;2390.9902576373493
813;CGIW1;IRAQ;XAF;40708.51885757336
814;CGIW1;SINGAPORE;DOP;5918.772947964188
815;CGIW1;EURO;BGN;405.5894306089625
816;CGIW1;SOLOMON ISLANDS;VND;6016249.631762808
817;CGIW1;SWITZERLAND;SDG;42542.55473151032
818;CGIW1;YEMEN;SGD;377.26792441034695
819;CGIW1;VANUATU;KHR;918541.5652550529
820;CGIW1;PANAMA;BTN;23957.785787238172
821;CGIW1;CAPE VERDE;CAD;371.25927982782457
822;CGIW1;SUDAN;LKR;120104.76699750373
823;CGIW1;TUNISIA;PHP;7927.221520237049
824;CGIW1;AZERBAIJAN;BMD;328.3759744184532
825;CGIW1;LATVIA;HRK;1843.2360629207424
826;CGIW1;BARBADOS;XOF;112938.09053830156
827;ACGJc;AZERBAIJAN;DKK;55034.68514467878
828;ACGJc;CAMBODIA;SBD;25280.720719189092
829;ACGJc;UNITED ARAB EMIRATES;KYD;3879.5494421322774
830;ACGJc;PAPUA NEW GUINEA;VUV;190139.04412738333
831;ACGJc;SOMALIA;JMD;1079647.108501446
832;ACGJc;HUNGARY;BRL;34391.262926530544
833;ACGJc;TONGA;NOK;59266.231262664776
834;ACGJc;TURKEY;HTG;61700.51787748089
835;ACGJc;CYPRUS;HRK;16699.17007086657
836;ACGJc;SEYCHELLES;ZWL;2174881.697024937
837;ACGJc;GUATEMALA;PEN;5133.549408439427
838;LZaa2;COLOMBIA;CNY;13011.87951788707
839;LZaa2;TUNISIA;BWP;31467.17094760844
840;LZaa2;UNITED ARAB EMIRATES;MUR;113005.72010792022
841;LZaa2;SURINAME;KHR;4832545.426698688
842;LZaa2;BANGLADESH;AWG;2475.5882543220364
843;LZaa2;GUYANA;VND;11568977.821732491
844;LZaa2;PERU;SCR;6397.947204942263
845;LZaa2;EURO;TND;2638.6194104777646
846;LZaa2;KOREA, REPUBLIC OF;SAR;3134.4911308983615
847;LZaa2;SERBIA;JMD;264209.76080097194
848;LZaa2;GAMBIA;SOS;336798.1013601055
849;LZaa2;ROMANIA;BBD;176.78208988602609
850;LZaa2;SERBIA;EUR;421.14629256599824
851;LZaa2;KENYA;SAR;8526.492917664797
852;CELVW;IRAQ;KZT;321493.66529656586
853;ZZZaa;CAMBODIA;MMK;1528182.079786168
854;ZZZaa;SIERRA LEONE;HKD;19138.85117066638
855;ZZZaa;BURUNDI;TWD;53981.34460278427
856;ZZZaa;ARGENTINA;BND;1604.7453692556633
857;ZZZaa;DJIBOUTI;BHD;367.3150737905339
858;ZZZaa;HONDURAS;CLP;1119032.517435845
859;ZZZaa;AUSTRALIA;KRW;1777884.7251571775
860;ZZZaa;POLAND;SEK;20305.070378391414
861;ZZZaa;BRUNEI DARUSSALAM;MYR;5012.449438396172
862;GNNV1;QATAR;SEK;-452.6342322905257
863;GNNV1;LATVIA;CNY;9723.333430358221
864;GNNV1;TUNISIA;BOB;26500.916561050348
865;GNNV1;MAURITANIA;SRD;3489.8013822637013
866;GNNV1;TONGA;TTD;52738.84231439609
867;GNNV1;JAPAN;PYG;37485896.94617002
868;GNNV1;SOLOMON ISLANDS;BTN;85290.84275186183
869;GNNV1;RWANDA;EGP;153345.56283652212
870;ABDW3;BOTSWANA;HUF;1639314.2104062133
871;ABDW3;SOMALIA;PLN;20938.014403053807
872;ABDW3;MOROCCO;ARS;841704.6367032673
873;ABDW3;PARAGUAY;AOA;1366203.508341468
874;ABDW3;BANGLADESH;LVL;3518.11580986917
875;ABDW3;ARGENTINA;AWG;1795.9145420673156
876;ABDW3;MOROCCO;TOP;3344.8036718568965
877;ABDW3;MACAU;BDT;392384.09769848303
878;ABDW3;MALAWI;CHF;4803.249956811309
879;ABDW3;HUNGARY;KES;573435.4628094475
880;ABDW3;ETHIOPIA;VUV;406978.15363055246
881;ABDW3;NIGERIA;MMK;3273502.1416345104
882;ABDW3;BRAZIL;JPY;308447.0073243423
883;ABDW3;PANAMA;WST;12905.630981343362
884;GHIIZ;AUSTRALIA;LKR;126671.24289198095
885;GHIIZ;IRAQ;CZK;13976.845971575505
886;GHIIZ;RUSSIAN FEDERATION;ZMW;20180.112168132764
887;GHIIZ;NIGERIA;CHF;936.6509176324289
888;GHIIZ;SYRIAN ARAB REPUBLIC;CYP;177.39498960975882
889;GHIIZ;MACAU;MXN;6010.0303085774085
890;GHIIZ;CYPRUS;PAB;1191.697408345795
891;GHIIZ;HONDURAS;PAB;1453.6555301365627
892;GHIIZ;SUDAN;SRD;2466.361300044109
893;GHIIZ;SYRIAN ARAB REPUBLIC;THB;37034.65257966055
894;GHIIZ;NICARAGUA;PGK;1396.299761575074
895;GHIIZ;MAURITANIA;AED;3130.953817611448
896;GHIIZ;SAO TOME AND PRINCIPE;GYD;165302.87957193237
897;GHIIZ;PANAMA;MWK;1598948.4100075772
898;GHIIZ;BULGARIA;RSD;15828.747118693427
899;GHIIZ;SOLOMON ISLANDS;CYP;250.19871366925523
900;GHIIZ;MACAU;GYD;66332.81598683697
901;FHM11;CAPE VERDE;PKR;365754.4280261388
902;FHM11;CROATIA;CLP;1220718.088480035
903;FHM11;PANAMA;KES;51555.145511403505
904;FHM11;JAPAN;BSD;5303.987842868692
905;FHM11;KENYA;ZWL;4281612.359293795
906;FHM11;LIBYAN ARAB JAMAHIRIYA;ILS;31065.88231475171
907;FHM11;MALAWI;HKD;72440.34499198684
908;FHM11;ROMANIA;TRY;150379.39701373878
909;FHM11;BELIZE;JOD;2370.3739788260664
910;FHM11;TOGO;CRC;6086719.579902794
911;FHM11;ARGENTINA;TWD;127230.16241830323
912;FHM11;BELIZE;SVC;90807.30951904572
913;FHM11;NETHERLANDS ANTILLES;FJD;8072.945224820031
914;FHM11;COSTA RICA;HRK;2051.7796507434773
915;FHM11;UKRAINE;HRK;61346.62103036894
916;FHM11;BARBADOS;XAF;6393719.675639775
917;FHM11;PERU;BSD;9671.78727780433
918;FHM11;HAITI;AUD;6439.546981273804
919;FHM11;CAPE VERDE;DZD;469706.36980562494
920;AMYb1;CAYMAN ISLANDS;JMD;1517395.0435752552
921;AMYb1;MYANMAR;OMR;10869.113251882032
922;BGIY3;OMAN;NAD;41363.10011973869
923;BGIY3;MADAGASCAR;PEN;9592.746201542312
924;BGIY3;UNITED KINGDOM;BIF;2979237.8017069977
925;BGIY3;CROATIA;LYD;2994.420176467833
926;BGIY3;ZAMBIA;SOS;25267.105054403382
927;BGIY3;SWEDEN;ANG;924.7141678901817
928;BGIY3;PERU;MAD;9242.638671404886
929;BGIY3;PERU;UYU;98071.69088297187
930;BGIY3;MALAWI;TWD;46603.464904963235
931;BGIY3;SUDAN;ALL;111033.56439017458
932;BGIY3;TURKEY;DJF;279337.0022152993
933;BGIY3;BERMUDA;MRO;385656.8804273206
934;IIJV3;TANZANIA, UNITED REPUBLIC OF;NAD;7902.843804854565
935;IIJV3;CROATIA;FJD;246.43792727315855
936;IIJV3;ARGENTINA;BOB;105.33788458417814
937;IIJV3;RWANDA;BWP;3539.0443955696683
938;IIJV3;MALDIVES;SDG;6674.281177429618
939;IIJV3;CANADA;BWP;2979.5927261686284
940;IIJV3;CHILE;JPY;30463.90191033807
941;IIJV3;POLAND;MYR;2448.7409662758228
942;IIJV3;IRAN (ISLAMIC REPUBLIC OF);MWK;865.7161220002399
943;IIJV3;PERU;LRD;72428.8520267053
944;IIJV3;TUNISIA;TTD;297.39981944689686
945;IIJV3;QATAR;SAR;61.28937707075286
946;IIJV3;EL SALVADOR;HNL;9773.255651402713
947;IIJV3;NICARAGUA;KWD;135.28096487985553
948;VXWY1;SOMALIA;BTN;1000331.4801622358
949;VXWY1;VIET NAM;BIF;43873881.377783395
950;VXWY1;UGANDA;HUF;6414055.358221255
951;VXWY1;GUYANA;KZT;7450028.452561058
952;VXWY1;GAMBIA;KYD;5601.285768616297
953;VXWY1;DOMINICAN REPUBLIC;KHR;55497130.53712121
954;VXWY1;TOGO;RSD;636701.0471659892
955;CLLNW;CHINA;KZT;990389.1116403297
956;CLLNW;PANAMA;VES;23280.57664798841
957;CLLNW;SWAZILAND;MRO;592064.7421864298
958;CLLNW;KENYA;CNY;1781.4022084282162
959;CLLNW;BURUNDI;NAD;64734.01914986974
960;CLLNW;MOZAMBIQUE;QAR;272.24170800564053
961;CLLNW;UKRAINE;BGN;4902.942716302938
962;CLLNW;ARUBA;SEK;37563.74292254217
963;CLLNW;DENMARK;ISK;119455.69055077549
964;CLLNW;INDIA;GBP;1114.4686213674638
965;CLLNW;IRAN (ISLAMIC REPUBLIC OF);TRY;43668.935706185846
966;CLLNW;BERMUDA;TWD;19336.85653292481
967;CLLNW;ISRAEL;BSD;597.7263528093785
968;CLLNW;GUATEMALA;CHF;1564.9289603528205
969;CLLNW;BELARUS;ETB;22350.30079155318
970;CLLNW;JORDAN;AWG;3917.931234304792
971;CLLNW;DJIBOUTI;BGN;3876.8120149063975
972;CLLNW;CENTRAL AFRICAN REPUBLIC;XOF;444072.1238502082
973;NXXZ1;PARAGUAY;XCD;372.44300286561474
974;NXXZ1;INDONESIA;PHP;210302.1921445862
975;NXXZ1;SOMALIA;KWD;466.6519664797095
976;NXXZ1;BOLIVIA;MWK;1743593.1134620612
977;NXXZ1;DENMARK;EUR;1315.31324972003
978;NXXZ1;NORWAY;XAF;2480357.0647294107
979;NXXZ1;SRI LANKA;ARS;827799.2133326726
980;NXXZ1;BULGARIA;BND;3702.683466604484
981;NXXZ1;KUWAIT;CAD;6193.916896039715
982;NXXZ1;ICELAND;TOP;4990.371732749511
983;NXXZ1;NEPAL;ZWL;2735679.577709891
984;IJXY2;CZECH REPUBLIC;DJF;506774.3623246117
985;IJXY2;EGYPT;SYP;4795456.375195082
986;IJXY2;NEPAL;SZL;297460.5001187869
987;IJXY2;PHILIPPINES;LBP;31935257.762843117
988;IJXY2;CROATIA;TWD;186079.96534777526
989;IJXY2;RWANDA;TTD;41634.50893498937
990;IJXY2;LIBERIA;GMD;1375591.8686814355
991;IJXY2;BANGLADESH;IRR;132891646.06240001
992;IJXY2;SOUTH AFRICA;BZD;43466.74527981519
993;BEGII;LIBYAN ARAB JAMAHIRIYA;UAH;11885.144123508933
994;BEGII;CENTRAL AFRICAN REPUBLIC;JMD;508724.248309555
995;BEGII;HUNGARY;ARS;722836.7951370592
996;BEGII;SYRIAN ARAB REPUBLIC;JOD;2173.420652751418
997;BEGII;TRINIDAD AND TOBAGO;SZL;40277.32710623194
998;BEGII;EL SALVADOR;HKD;13921.2189021212
999;BEGII;SOMALIA;PES;766751.7717408558
1000;HKXbb;POLAND;KRW;7847761.930949885
1001;HKXbb;GAMBIA;EGP;70897.29959603223
1002;HKXbb;BRAZIL;SEK;27489.54756478923
1003;HKXbb;KUWAIT;IDR;6188811.9674348505
1004;HKXbb;KOREA, REPUBLIC OF;OMR;2169.9145308074403
1005;AAMMM;CENTRAL AFRICAN REPUBLIC;UGX;51944099.409273654
1006;AAMMM;CENTRAL AFRICAN REPUBLIC;KZT;1879030.705125047
1007;AAMMM;TONGA;ZWL;11873147.224382134
1008;AAMMM;CHINA;RON;114305.33639892426
1009;AAMMM;SYRIAN ARAB REPUBLIC;MUR;972499.0948778278
1010;AAMMM;JAMAICA;NIO;924177.3123200188
1011;AAMMM;MADAGASCAR;SEK;118851.12153559324
1012;AAMMM;AZERBAIJAN;LVL;13652.79157820566
1013;AAMMM;NEPAL;PAB;8381.475942109413
1014;AAMMM;BERMUDA;TRY;42442.00950659813
1015;AAMMM;BRUNEI DARUSSALAM;NPR;744085.0065299738
1016;AAMMM;BELIZE;TRY;175366.98392125592
1017;AAMMM;DOMINICAN REPUBLIC;MMK;24112741.111217767
1018;AAMMM;VENEZUELA;LRD;3587359.520469388
1019;AAMMM;VANUATU;GTQ;197021.2863020679
1020;AAMMM;LIBERIA;TTD;161348.2014465242
1021;AAMMM;TUNISIA;SZL;75721.90309940733
1022;AAMMM;ROMANIA;ZMW;112460.26872080004
1023;ACa22;OMAN;RON;42692.68170739707
1024;ACa22;SAMOA;BND;1353.5212581556661
1025;ACa22;THAILAND;ETB;109048.12930846971
1026;ACa22;SAO TOME AND PRINCIPE;SRD;151068.41602135682
1027;ACa22;EURO;IQD;4730962.973534026
1028;ACa22;SWAZILAND;SBD;67896.1735830398
1029;ACa22;LIBYAN ARAB JAMAHIRIYA;INR;510351.030934486
1030;ACa22;QATAR;KZT;2826419.755779595
1031;ACa22;ALBANIA;XCD;14605.303571531344
1032;ACa22;SOUTH AFRICA;JMD;799158.2626483523
1033;ACa22;BAHRAIN;CRC;265409.79380919103
