Client;Country;Currency;Transaction
JVWc3;SAO TOME AND PRINCIPE;BND;7790.317933832304
JVWc3;TANZANIA, UNITED REPUBLIC OF;UAH;744847.4242829739
JVWc3;URUGUAY;GTQ;32576.307333140463
JVWc3;AUSTRALIA;DOP;593743.3572462595
JVWc3;UKRAINE;ZAR;303730.5230657057
JVWc3;CENTRAL AFRICAN REPUBLIC;PLN;68442.4673551136
JVWc3;ARGENTINA;SYP;1055098.030265373
JVWc3;PANAMA;XCD;4677.5785030805555
JVWc3;UNITED KINGDOM;NGN;9574887.013231311
JVWc3;POLAND;BOB;92529.7867649931
JVWc3;DENMARK;DJF;2293862.737562865
JVWc3;LEBANON;UYU;279496.7740153568
JVWc3;ALBANIA;MYR;35723.51258304069
JVWc3;BANGLADESH;CVE;114364.96157046942
BDNb2;PANAMA;MZN;2915975.542363264
BDNb2;LAO PEOPLE'S DEMOCRATIC REP;IQD;14422075.382449472
BDNb2;BANGLADESH;BDT;404299.8242285083
BDNb2;SINGAPORE;MMK;153670013.83635297
BDNb2;GAMBIA;INR;3231956.272048575
BDNb2;NEPAL;ZMW;631201.015038707
BDNb2;OMAN;TND;199019.24812366973
BDNb2;URUGUAY;ANG;87710.15791663177
BDNb2;BURUNDI;DZD;10964475.177356934
BDNb2;HAITI;BND;94231.50090714077
BDNb2;NIGERIA;MRO;12294417.669714883
BDNb2;COSTA RICA;HUF;24966165.1943873
BDNb2;SIERRA LEONE;SDG;12879603.709750332
BDNb2;LIBERIA;PKR;1879787.7647875485
BDNb2;MAURITIUS;CRC;49828255.173495695
BDNb2;BAHRAIN;MVR;619419.6434210094
BDNb2;PAPUA NEW GUINEA;SVC;180063.70056862687
BDNb2;MAURITANIA;MWK;83529333.12726235
CDDWZ;IRAQ;STD;63871748.736270934
CDDWZ;BARBADOS;LVL;7751.895813707303
CDDWZ;SOLOMON ISLANDS;HKD;66799.8523531801
CDDWZ;KOREA, REPUBLIC OF;BGN;18884.095786460926
CDDWZ;SERBIA;BDT;219256.75324834077
CDDWZ;SURINAME;ETB;271806.014365571
CDDWZ;NORWAY;NOK;86394.41024099682
CDDWZ;ETHIOPIA;ANG;15254.607526790782
CDDWZ;EURO;SBD;72098.62771473963
CDDWZ;MALDIVES;XAF;4743527.660029488
CDDWZ;CAMBODIA;NPR;302164.6157752415
CDDWZ;NAMIBIA;PEN;43383.462787446
CDDWZ;KUWAIT;QAR;23132.449586854375
CDDWZ;IRAQ;CAD;7772.31863356073
CDDWZ;GAMBIA;CRC;-73694.85742853601
CDDWZ;BOTSWANA;SCR;85716.99289432523
CDDWZ;BELIZE;BIF;10889729.776940634
AEJJa;HONG KONG;CYP;6254.347352576124
AEJJa;ZIMBABWE;COP;343639710.8471507
AEJJa;OMAN;XAF;58593135.84346839
AEJJa;AUSTRALIA;YER;6434970.478655239
AEJJa;BURUNDI;ANG;111355.58733900168
AEJJa;ROMANIA;ALL;2306209.182682043
AEJJa;FRENCH POLYNESIA;THB;1426822.3634717092
AEJJa;GUYANA;INR;278306.2799306441
AEJJa;POLAND;RON;211936.10999112972
AEJJa;HAITI;BZD;109981.44741742268
AEJJa;TUNISIA;BDT;1032322.694657715
AEJJa;BRUNEI DARUSSALAM;MWK;54447945.86912116
AEJJa;UKRAINE;PLN;18808.91121376391
AEJJa;NAMIBIA;ALL;9313307.171121366
AEJJa;ALBANIA;UGX;336710451.8229244
AEJJa;CHILE;SAR;176301.68232631354
AEJJa;IRAQ;CNY;7271.770843153926
AEJJa;SAO TOME AND PRINCIPE;COP;29451843.082196046
AEJJa;OMAN;KES;5027243.40622324
BEMMV;VIET NAM;LAK;540927179.4008129
BEMMV;MALDIVES;GMD;349804.72117781243
BEMMV;CHILE;NGN;15253894.879928445
BEMMV;MADAGASCAR;ZMW;219813.91814432293
BEMMV;KENYA;AED;129030.20742520873
BEMMV;ARGENTINA;PGK;99573.76506808652
CEXZa;UGANDA;NGN;981363.9562739176
CEXZa;DOMINICA;PEN;3505.438841374682
CEXZa;RUSSIAN FEDERATION;SVC;18879.624009586343
CEXZa;ICELAND;BBD;325.5869954959299
CEXZa;MALDIVES;CLP;866153.546499338
CEXZa;ISRAEL;PKR;296844.02042050735
CEXZa;THAILAND;BSD;1080.0308705217412
CEXZa;JAMAICA;BMD;982.2591516099677
CEXZa;ALBANIA;ILS;4161.179633101008
CEXZa;BELIZE;KZT;212745.55593451243
CEXZa;LAO PEOPLE'S DEMOCRATIC REP;TRY;21606.7953514236
CEXZa;ICELAND;BSD;1168.2405631340746
FJLN3;FRENCH POLYNESIA;INR;1533638.3995934906
FJLN3;SAMOA;MWK;5527159.76495528
FJLN3;DJIBOUTI;BMD;-35.40532687890615
FJLN3;SIERRA LEONE;BSD;12177.349780056724
FJLN3;SRI LANKA;NZD;23257.179828377954
FJLN3;ALBANIA;CZK;187957.47706510554
FJLN3;NAMIBIA;KWD;4089.2919273950156
FJLN3;CROATIA;MGA;26860354.21935215
FJLN3;CZECH REPUBLIC;NAD;193702.74567222953
FJLN3;LATVIA;LBP;24230711.46434996
FJLN3;CANADA;RON;32587.61573727881
FJLN3;BANGLADESH;KWD;4905.2244297057005
FJLN3;NORWAY;RWF;21041689.03924851
FJLN3;TANZANIA, UNITED REPUBLIC OF;NAD;324835.71347866714
FJLN3;TANZANIA, UNITED REPUBLIC OF;MMK;691029.3650541335
BYYa2;SIERRA LEONE;QAR;4087.914987726135
BYYa2;HONDURAS;KWD;2952.610155767229
BYYa2;ZAMBIA;NZD;7907.658342311536
BYYa2;BERMUDA;HKD;23189.417024307717
BYYa2;DOMINICA;ZAR;98023.58390410634
BYYa2;BANGLADESH;BMD;2480.723544429519
BYYa2;ROMANIA;EUR;4412.253389871757
DJa12;PANAMA;TND;367.72088275855305
DJa12;RWANDA;HRK;3237.750563338314
DJa12;LIBYAN ARAB JAMAHIRIYA;BYR;101426240.55922364
DJa12;UNITED KINGDOM;FJD;1762.94441805536
DJa12;INDONESIA;WST;532.4081827444014
DJa12;GAMBIA;GNF;52420062.93069344
DJa12;INDIA;BDT;224081.3670372789
DJa12;RWANDA;DOP;52001.90370451534
DJa12;EL SALVADOR;KZT;1956639.3165999954
DJa12;ICELAND;IQD;5685457.849518866
DJa12;VIET NAM;SDG;429895.4676099336
DJa12;PANAMA;PYG;16370323.810420696
DJa12;HUNGARY;MAD;20736.270996039853
DJa12;NETHERLANDS ANTILLES;CLP;5402120.2456008885
DJa12;RUSSIAN FEDERATION;THB;195293.36988688374
DJa12;ZAMBIA;CNY;456.65717781050625
DJa12;HONDURAS;PLN;10247.702454613538
DJa12;TANZANIA, UNITED REPUBLIC OF;MOP;36453.8647802847
ACEEE;BARBADOS;CYP;29.519070289130582
ACEEE;LIBYAN ARAB JAMAHIRIYA;CAD;2.7312364350935545
ACEEE;PERU;SYP;11051.409770475628
ACEEE;BARBADOS;DOP;452.81770913005283
ACEEE;CHINA;BND;47.87697317129809
ACEEE;GUATEMALA;RUB;3399.519038386346
ACEEE;TURKEY;KZT;16852.903083639725
ACEEE;DJIBOUTI;TWD;1208.0784953620132
ACEEE;MAURITANIA;SDG;38251.58235740535
ACEEE;BAHAMAS;DZD;11157.461695022146
ACEEE;PANAMA;EGP;1927.5312843929964
ACEEE;VENEZUELA;SVC;567.1416321535488
ACEEE;NORWAY;BIF;185074.18558525725
ACEEE;LATVIA;VES;777.7725152346724
ACEEE;SOUTH AFRICA;RUB;-39.04450521019941
ACEEE;UNITED KINGDOM;BDT;2193.0269218298013
ACEEE;LIBYAN ARAB JAMAHIRIYA;VND;825302.0066496847
CIc12;FRENCH POLYNESIA;XAF;10718323.367776815
CIc12;INDIA;SLL;145263697.56663132
CIc12;PAPUA NEW GUINEA;PES;6998725.279947459
CIc12;AUSTRALIA;TZS;64695628.81147409
CIc12;POLAND;YER;7145362.448884208
CIc12;SOMALIA;KES;2510879.79734552
CIc12;DOMINICA;MOP;58803.03117356489
CIc12;TOGO;RUB;1296350.9189411334
CIc12;DENMARK;EGP;366092.1099814387
CIc12;HAITI;PEN;114370.50224430775
ADaa1;EURO;IRR;955331971.8379424
ADaa1;EL SALVADOR;VUV;1272603.5595789498
ADaa1;NEW ZEALAND;CRC;5330195.390043472
ADaa1;JAPAN;SOS;4920591.309416222
ADaa1;HAITI;BHD;5263.578331378391
ADaa1;NEPAL;ZWL;3161378.103513736
ADaa1;LAO PEOPLE'S DEMOCRATIC REP;SBD;54349.12062636062
ADaa1;HAITI;GMD;224781.93097182625
ADaa1;PARAGUAY;XOF;3201399.984920213
ADaa1;ISRAEL;VES;174668.53112265497
ADaa1;BOTSWANA;BYR;179128961.19053793
ALLYa;GHANA;KRW;3762504.436627931
ALLYa;HONDURAS;SRD;18067.213326562243
ALLYa;PERU;PES;1127605.8552789413
ALLYa;BRUNEI DARUSSALAM;GTQ;16853.081750318892
ALLYa;MAURITANIA;CNY;10645.725686180716
HNY22;KUWAIT;DKK;260258.29412837088
HNY22;TANZANIA, UNITED REPUBLIC OF;XPF;5229369.366770648
HNY22;PANAMA;BMD;41072.67783023043
HNY22;NORWAY;SEK;94761.49256139435
HNY22;KAZAKHSTAN;KYD;34870.103001014446
HNY22;SOMALIA;SOS;11829963.989041623
HNY22;KAZAKHSTAN;UGX;108558599.67357291
HNY22;SINGAPORE;IQD;33043995.79675195
HNY22;CZECH REPUBLIC;CAD;40553.63120088819
HNY22;CZECH REPUBLIC;PLN;173634.96606215357
HNY22;TONGA;TZS;27576640.5461623
HNY22;EURO;HUF;12084422.266385255
HNY22;BURUNDI;JOD;7532.085884292075
KLMNZ;VIET NAM;NGN;8913269.528058263
KLMNZ;JORDAN;GHS;586632.874055562
KLMNZ;PERU;TTD;164144.70053034747
KLMNZ;EURO;XCD;87824.58643896044
KLMNZ;SAO TOME AND PRINCIPE;PAB;22822.934854740717
KLMNZ;KENYA;MRO;3443434.748846238
KLMNZ;URUGUAY;LRD;5200274.142156189
KLMNZ;MAURITANIA;BIF;77269263.48286921
KLMNZ;SAMOA;LKR;1947266.7773401393
KLMNZ;SUDAN;CRC;18049061.240556285
KLMNZ;GUYANA;BHD;9605.006885650198
