Client;Country;Currency;Transaction
ALLLc;SOMALIA;BYR;63690562.997803636
ALLLc;NEW ZEALAND;BHD;1566.0184338646293
ALLLc;LATVIA;DJF;716992.1228949497
HHHXY;THAILAND;MZN;1905376.168870203
HHHXY;JAMAICA;TWD;762930.0224114296
HHHXY;FRENCH POLYNESIA;RUB;1273166.5912086417
HHHXY;GUATEMALA;SBD;279602.32737713336
HHHXY;URUGUAY;JPY;5274310.115378485
HHHXY;BOTSWANA;MZN;221282.41865034052
HHHXY;NEW ZEALAND;IRR;642665451.7226504
HHHXY;CAPE VERDE;PKR;7449616.627856151
HHHXY;ZAMBIA;MOP;259095.4926429355
HHHXY;LIBYAN ARAB JAMAHIRIYA;ARS;6993835.345382163
BGYa3;MACAU;PYG;38839698.46847261
BGYa3;FIJI;CZK;139719.29765599442
BGYa3;MACAU;MGA;80315113.7182955
BGYa3;INDONESIA;BMD;634.2060968481097
BGYa3;CAYMAN ISLANDS;NPR;387481.77912570594
BGYa3;GUYANA;HUF;6846815.279627578
BGYa3;CENTRAL AFRICAN REPUBLIC;PAB;11429.803212084824
BGYa3;LIBERIA;PKR;1703343.30333041
BGYa3;QATAR;AUD;5097.442942920594
BGYa3;TUNISIA;LRD;671891.8352212404
BGYa3;NETHERLANDS ANTILLES;GHS;166140.85052534248
BGYa3;ZIMBABWE;GTQ;96172.42067340885
BGYa3;SURINAME;BIF;33404141.455271862
BGYa3;CAPE VERDE;BZD;5423.9721425676435
BGYa3;EL SALVADOR;VES;342833.66149852634
BGYa3;ALBANIA;TZS;45273592.974674724
AIMV3;PERU;LYD;30368.944264329093
AIMV3;BANGLADESH;LBP;13748236.984865623
AIMV3;SOUTH AFRICA;FJD;8939.901252369273
AIMV3;GUINEA;BDT;202129.30611587726
AIMV3;TURKEY;HKD;71030.26808069876
AIMV3;MADAGASCAR;BHD;1116.8508378143201
AIMV3;TAIWAN, PROVINCE OF CHINA;LKR;4284853.60671392
AIMV3;MALAYSIA;XCD;32759.112658226706
AIMV3;TUNISIA;MYR;43781.913309690564
EIaab;SWEDEN;BMD;19093.44865720416
EIaab;ISRAEL;CYP;9513.500952782857
EIaab;VANUATU;XOF;2827828.355014895
EIaab;SERBIA;AWG;11528.588756303505
EIaab;HUNGARY;LKR;6236917.353579008
EIaab;RWANDA;GYD;2510266.6087668734
EIaab;LAO PEOPLE'S DEMOCRATIC REP;GNF;208120928.43091753
EIaab;MAURITIUS;BIF;26599783.16452891
EIaab;INDIA;JOD;19591.58988514067
EIaab;IRAQ;EGP;476813.0039295995
EIaab;NAMIBIA;LYD;49831.30141032578
EIaab;PARAGUAY;INR;1540960.2146725752
EIaab;QATAR;NGN;646438.6185738834
EIaab;VIET NAM;GMD;1855481.8318025519
EIaab;OMAN;GHS;109611.4146374164
EIaab;JORDAN;MRO;3813011.939390639
EIaab;GUINEA;BWP;128103.17893348851
EIaab;MEXICO;MXN;51977.13669198413
DJWYb;DJIBOUTI;NIO;409559.8891584757
DJWYb;EL SALVADOR;BTN;195409.92405421723
DJWYb;BULGARIA;PYG;26164412.442115832
DJWYb;NAMIBIA;HNL;251548.48411860358
DJWYb;CENTRAL AFRICAN REPUBLIC;BND;6384.400284754029
DJWYb;NEW ZEALAND;BZD;13134.036738790614
DJWYb;AZERBAIJAN;LRD;213171.99722175783
DJWYb;SEYCHELLES;JOD;359.2185334185382
DJWYb;COSTA RICA;LKR;323013.8595980185
DJWYb;EL SALVADOR;EGP;73196.19378659902
DJWYb;DOMINICA;CHF;2782.456877906329
DJWYb;YEMEN;PEN;6093.8638958607335
DJWYb;SOLOMON ISLANDS;COP;44972532.689819925
DJWYb;DOMINICA;SOS;5491022.188616374
DJWYb;SINGAPORE;SLL;7463486.936333818
DJWYb;SUDAN;AOA;5394459.6527019385
AHHMX;KENYA;CYP;2619.0435570751906
AHHMX;MALAWI;RUB;52347.12681473959
AHHMX;NORWAY;LRD;852120.2335300925
AHHMX;IRAN (ISLAMIC REPUBLIC OF);FJD;12296.166384419823
AHHMX;ZAMBIA;RWF;5461705.892703343
BJLY1;UNITED ARAB EMIRATES;MAD;104896.57168835326
BJLY1;INDONESIA;LRD;1714235.7496817857
FZZc2;AZERBAIJAN;CLP;5228496.511219561
FZZc2;TANZANIA, UNITED REPUBLIC OF;XOF;8744573.434364453
FZZc2;ANGOLA;BND;8511.227689178977
FZZc2;THAILAND;TWD;342092.05733292596
FZZc2;TRINIDAD AND TOBAGO;MGA;11509982.93573419
FZZc2;CZECH REPUBLIC;CYP;371.1248262482238
FZZc2;CHILE;LBP;20991297.214998335
FZZc2;PAPUA NEW GUINEA;NGN;9270391.08805402
FZZc2;PERU;KES;2252643.6452268567
FZZc2;BURUNDI;PAB;18521.35404560351
FZZc2;TANZANIA, UNITED REPUBLIC OF;PAB;20545.507993892148
FZZc2;PANAMA;UGX;30882066.823876597
FZZc2;JORDAN;AUD;34206.92472338017
FZZc2;HUNGARY;COP;49671218.048448056
Kaabc;HUNGARY;CAD;2918.715920784308
Kaabc;DENMARK;PHP;92571.35716979162
Kaabc;FIJI;BDT;217676.29875641927
Kaabc;ARUBA;EUR;357.54075490991175
Kaabc;HONDURAS;VES;34583.222905199334
Kaabc;PERU;CAD;1974.192029484763
Kaabc;HUNGARY;BDT;520518.31177085097
Kaabc;HUNGARY;UGX;18405570.185626265
Kaabc;ANGOLA;AED;1365.007978356683
Kaabc;ALBANIA;AZN;2095.7375839169977
Kaabc;SWEDEN;DJF;451717.25635437696
Kaabc;COLOMBIA;TTD;33518.982983218906
Kaabc;FRENCH POLYNESIA;SCR;32708.270035483412
Kaabc;VIET NAM;DOP;59384.51008424634
Kaabc;KOREA, REPUBLIC OF;LYD;9467.035304070649
Kaabc;NICARAGUA;YER;1036383.9854609121
Kaabc;PANAMA;BBD;3687.4963140205095
Kaabc;LIBERIA;LAK;20073581.72684571
ABJKM;BELARUS;CHF;20037.93301233851
ABJKM;NAMIBIA;MYR;185051.79366581538
ABJKM;SIERRA LEONE;CVE;1916133.7930026194
ABJKM;GAMBIA;QAR;26761.962560260534
ABJKM;MALAWI;TND;106966.70711467502
ABJKM;ZAMBIA;NZD;31938.59913984604
ABJKM;VENEZUELA;CNY;219361.17720764954
ABJKM;ZAMBIA;MWK;488589.4814003302
ABJKM;CAYMAN ISLANDS;SOS;5946380.092297175
ABJKM;UNITED KINGDOM;HKD;3449.808916291885
ABJKM;URUGUAY;HTG;2360765.6458625286
AYYZc;NEW ZEALAND;BDT;1402209.6440340662
AYYZc;BANGLADESH;ARS;7562127.846533449
AYYZc;BOLIVIA;TND;126040.15633192974
AAKXW;UGANDA;CAD;1049.7552900149128
AAKXW;ALBANIA;LVL;240.38391225375022
AAKXW;PAPUA NEW GUINEA;GMD;20501.00575832346
DLMa3;SIERRA LEONE;MAD;45568.13399134863
DLMa3;RUSSIAN FEDERATION;JMD;993294.8095594884
DLMa3;UNITED KINGDOM;XCD;24841.348233038203
DLMa3;BHUTAN;CHF;15015.587880590178
DLMa3;GAMBIA;AOA;16843152.54034586
DLMa3;RUSSIAN FEDERATION;RWF;10416015.208682211
DLMa3;DOMINICA;GBP;28701.511901362486
CFZa2;SWAZILAND;MAD;16030.598258354645
Xabc2;UNITED ARAB EMIRATES;XOF;4101158.3211843134
Xabc2;NETHERLANDS ANTILLES;ARS;572531.1519700243
Xabc2;NAMIBIA;XPF;809056.2865924385
Xabc2;BURUNDI;MXN;114720.43788924928
Xabc2;SWEDEN;AOA;2500985.124985563
Xabc2;SEYCHELLES;EGP;196978.30334685027
Xabc2;NETHERLANDS ANTILLES;DOP;321258.2338025761
Xabc2;KENYA;ARS;1631302.8755892322
Xabc2;FIJI;DZD;1017929.6204265369
Xabc2;INDIA;BBD;10488.507860243806
Xabc2;ICELAND;GYD;801824.7805171286
MNWbb;TURKEY;SAR;1083.3860895681548
MNWbb;SOMALIA;DOP;333523.26552800054
MNWbb;KENYA;GHS;178851.7742367772
MNWbb;SEYCHELLES;BOB;62045.107431783326
MNWbb;VIET NAM;MMK;25440535.617607415
MNWbb;DENMARK;ZAR;104639.98507697161
MNWbb;GUATEMALA;GYD;663186.7159052497
MNWbb;CANADA;XOF;6075854.81976789
MNWbb;SURINAME;PAB;3873.8692503774464
MNWbb;MADAGASCAR;LVL;3522.893726824172
MNWbb;SWEDEN;AZN;14011.965727869392
MNWbb;HUNGARY;ISK;727242.9465688848
MNWbb;POLAND;SYP;3764446.2229900053
MNWbb;BOTSWANA;CRC;6858560.350048107
MNWbb;BERMUDA;AED;836.7055669905627
MNWbb;BERMUDA;DZD;1676635.850409212
MNWbb;BULGARIA;BTN;19592.821126959345
MNWbb;MOZAMBIQUE;GBP;10348.350539889976
MNWbb;ISRAEL;XCD;23768.311424423024
EEEI1;PHILIPPINES;OMR;7284.051262918775
EEEI1;DOMINICAN REPUBLIC;BYR;17783341.437135432
EEEI1;TUNISIA;RON;46151.101527794766
EEEI1;SWITZERLAND;VES;427122.00702454534
EEEI1;UNITED KINGDOM;ZMW;501769.6522473716
EEEI1;ETHIOPIA;ETB;212699.1659562135
EEEI1;ETHIOPIA;EUR;26225.876336687397
EEEI1;EURO;JPY;4945050.652497195
EEEI1;MALDIVES;NAD;111290.75104182056
EEEI1;BAHRAIN;LBP;2043614.3381458991
EEEI1;BANGLADESH;PEN;89005.27716238658
EEEI1;NAMIBIA;RON;2421.8242486869385
EEEI1;BRUNEI DARUSSALAM;GBP;6468.528760363549
EEEI1;SOUTH AFRICA;PAB;34655.607440671745
EEEI1;EGYPT;TWD;900378.6204337742
EEEI1;COSTA RICA;MZN;559439.3140911583
EEEI1;BOLIVIA;ANG;22615.206619794226
EEEI1;SAMOA;AZN;50386.36508779507
JXZZ1;CAYMAN ISLANDS;MGA;5881746.679079957
JXZZ1;COLOMBIA;GYD;713276.3160756145
JXZZ1;VENEZUELA;EUR;1877.5068643946963
JXZZ1;BELARUS;FJD;729.287405749653
JXZZ1;DOMINICA;GNF;24165725.898184545
JXZZ1;SURINAME;RWF;1382450.5638396812
JXZZ1;CHINA;RWF;953238.1360793794
JXZZ1;GUATEMALA;SRD;35343.19321490913
JXZZ1;ARUBA;CAD;886.5272112747888
JXZZ1;ETHIOPIA;RWF;1616566.4335271188
JXZZ1;BELARUS;CZK;77526.04996553893
JXZZ1;SURINAME;XOF;1360869.5233885443
JXZZ1;NEPAL;SRD;41203.85990965696
JXZZ1;IRAN (ISLAMIC REPUBLIC OF);HRK;15392.628864752587
JXZZ1;SAUDI ARABIA;ISK;128672.86857546774
JXZZ1;SAMOA;SAR;4102.464638055645
Nc112;MEXICO;OMR;375.87321494833304
Nc112;PERU;SEK;68625.26338746113
GLZb1;CAPE VERDE;SBD;2373.4823064442903
GLZb1;QATAR;LRD;85968.27344556728
GLZb1;MALAYSIA;CYP;243.9897555685424
GLZb1;MAURITANIA;RUB;30577.209977253293
GLZb1;NEPAL;TTD;5043.494433340259
GLZb1;BURUNDI;BTN;20020.98232929531
GLZb1;PANAMA;NOK;6480.415448443415
GLZb1;MALAYSIA;PGK;780.4531463529489
GLZb1;MEXICO;CLP;198848.3753965795
GLZb1;MACAU;IDR;11303139.746475147
GLZb1;CROATIA;OMR;194.64027336986607
GLZb1;SURINAME;MRO;275287.6241610179
DGVWZ;COLOMBIA;GBP;3093.9981871477976
EHHJY;SEYCHELLES;BIF;930266.9393541949
EHHJY;SERBIA;NAD;316754.64623157884
EHHJY;INDONESIA;DOP;319119.0675622514
EHHJY;SIERRA LEONE;SRD;19381.543795785095
EHHJY;PAKISTAN;OMR;683.8336761991462
EHHJY;CAMBODIA;YER;1582731.793101116
EHHJY;ZIMBABWE;XPF;1186396.3869514787
CHMVX;JAMAICA;RWF;7039998.340632087
CHMVX;EGYPT;RON;36103.87122459584
CHMVX;JORDAN;UYU;137274.8214447083
CHMVX;CYPRUS;FJD;22308.748914005086
CHMVX;PANAMA;TWD;456788.86916266603
CHMVX;ARGENTINA;JPY;1442027.0305738412
CHMVX;SAUDI ARABIA;MOP;-436.4855896099125
CHMVX;BARBADOS;MXN;78590.55317441272
CHMVX;IRAN (ISLAMIC REPUBLIC OF);KZT;6511003.193232503
CHMVX;PERU;VND;362424210.5765254
CHMVX;CAMBODIA;DKK;50753.11336603307
CHMVX;PARAGUAY;XPF;1180014.8279198837
CHMVX;MEXICO;HRK;90570.34227999268
CHMVX;CROATIA;PYG;86551345.71957089
CHMVX;NEW ZEALAND;GNF;117884772.2138843
CHMVX;SRI LANKA;NOK;54811.05930382107
CHMVX;OMAN;DOP;138629.87350833052
BELXW;SURINAME;BGN;51790.06124947667
BELXW;LAO PEOPLE'S DEMOCRATIC REP;PKR;9760871.25436385
BELXW;TAIWAN, PROVINCE OF CHINA;ZAR;312347.44024707907
BELXW;SOLOMON ISLANDS;QAR;107401.01632121029
BELXW;LATVIA;TND;121206.03624169168
BELXW;IRAQ;LAK;3924575.2727657785
BELXW;ALGERIA;ZWL;15952682.95400246
BELXW;EGYPT;SAR;73344.8417224944
BELXW;ARUBA;SOS;-135437.38681981585
BELXW;NIGERIA;AZN;37257.23896641786
BELXW;GUINEA;VUV;569178.56095783
ELab1;BANGLADESH;SGD;11512.040144916384
ELab1;TAIWAN, PROVINCE OF CHINA;BND;19178.799708461665
ELab1;SUDAN;BOB;128522.01968782429
ELab1;SAO TOME AND PRINCIPE;SYP;7359332.490045062
ELab1;KAZAKHSTAN;RSD;1813122.4786341537
FJMY2;LAO PEOPLE'S DEMOCRATIC REP;ZMW;113914.05435159303
FJMY2;GUATEMALA;SGD;2845.116603257782
FJMY2;KENYA;KRW;3144996.7129106726
FJMY2;TAIWAN, PROVINCE OF CHINA;DJF;99301.10110135662
Ebbcc;EURO;MWK;14954392.727153264
Ebbcc;THAILAND;DKK;78531.5562294096
Ebbcc;SWEDEN;TTD;37558.664010718516
Ebbcc;BAHAMAS;ZAR;67187.35322082699
Ebbcc;THAILAND;CNY;78794.14822802218
Ebbcc;TANZANIA, UNITED REPUBLIC OF;IDR;171359750.50168678
Ebbcc;COSTA RICA;LKR;4054033.0910482383
Ebbcc;LAO PEOPLE'S DEMOCRATIC REP;MGA;48252846.64157744
Ebbcc;GUATEMALA;BZD;12165.79446667077
Ebbcc;EGYPT;LBP;334953.42925175006
ACJJa;SWITZERLAND;VES;24069.845741043628
ACJJa;NICARAGUA;XOF;10612185.334067792
ACJJa;SOLOMON ISLANDS;TTD;44396.092593754736
ACJJa;GAMBIA;ISK;2401777.5355971633
ACJJa;UGANDA;NPR;2160602.731287386
ACJJa;KOREA, REPUBLIC OF;PGK;30135.686886495587
ACJJa;NETHERLANDS ANTILLES;MRO;1811401.4848587473
ACJJa;SAMOA;XPF;749201.0881125674
ACJJa;SERBIA;ZMW;84199.93118597394
ACJJa;GHANA;XCD;14964.962969030723
ACJJa;HONDURAS;AED;30837.69391430404
ACJJa;SURINAME;ARS;3770517.5944903544
ACJJa;ANGOLA;BIF;16867970.83346984
ACJJa;SOLOMON ISLANDS;SAR;17860.767262028243
ACJJa;UNITED KINGDOM;NAD;83102.87530349407
FJYbc;CZECH REPUBLIC;UYU;119551.09309097592
FJYbc;ZIMBABWE;AOA;6999728.231063833
FJYbc;FIJI;AZN;18656.68610801093
FJYbc;BAHRAIN;KES;53851.71040371483
FJYbc;SUDAN;BGN;14997.639859391515
FJYbc;MAURITANIA;AED;62384.568161867865
FJYbc;SURINAME;BHD;3953.5901172671483
FJYbc;GUYANA;NIO;571510.8076958581
FJYbc;UKRAINE;BWP;449598.4753806989
FJYbc;CAPE VERDE;LVL;5152.527212020723
ACCKY;BAHRAIN;AUD;172048.63466651452
ACCKY;AZERBAIJAN;SEK;1070579.8732077437
ACCKY;AUSTRALIA;LRD;16142415.852106439
ACCKY;SEYCHELLES;FJD;143979.1396534503
ACCKY;BRAZIL;ISK;764035.4457764858
ACCKY;TUNISIA;RON;392633.6280776703
ACCKY;FRENCH POLYNESIA;TOP;24443.84580329619
ACCKY;FIJI;MVR;811636.1438021255
ACCKY;NICARAGUA;PYG;622930870.814313
ACCKY;SINGAPORE;THB;1847843.8722201204
ACCKY;URUGUAY;HKD;17842.802950981513
ACCKY;HAITI;TND;33337.67371386167
ACCKY;MALAWI;LKR;20076683.106028825
HMNYa;AZERBAIJAN;DJF;4549032.924582915
HMNYa;MADAGASCAR;AUD;16428.039537587196
HMNYa;HONG KONG;IRR;1953989759.8348129
HMNYa;EGYPT;CZK;1178726.274036926
HMNYa;BARBADOS;ETB;1122520.0686838797
HMNYa;HONDURAS;MWK;22118712.034305364
HMNYa;VIET NAM;AZN;32735.60711122366
HMNYa;MALAYSIA;MRO;9576609.4382566
HMNYa;LAO PEOPLE'S DEMOCRATIC REP;CLP;32115952.80104898
HMNYa;NICARAGUA;FJD;67603.5361562866
HMNYa;GUATEMALA;BSD;24490.748415903017
HMNYa;NAMIBIA;BHD;6152.5333296970675
HMNYa;PANAMA;JOD;7227.893550789819
HMNYa;VANUATU;DKK;150301.0938329102
HMNYa;ETHIOPIA;ANG;16996.262303708943
HMNYa;SUDAN;RSD;641098.9744102332
HMNYa;GAMBIA;BOB;297386.7531844261
HMNYa;INDONESIA;XCD;84400.35015924438
HMNYa;SYRIAN ARAB REPUBLIC;SCR;443542.0373704429
HMNYa;BELIZE;BWP;390992.79499161965
ACEW1;MAURITANIA;HRK;368739.0619061166
ACEW1;BRUNEI DARUSSALAM;INR;1434715.975381617
ACEW1;HONG KONG;MZN;525547.0622064205
ACEW1;SOUTH AFRICA;SLL;69103053.1004915
ACEW1;SYRIAN ARAB REPUBLIC;GYD;1387349.5358866197
ACEW1;BANGLADESH;SAR;162074.13398192864
ACEW1;CYPRUS;ETB;331098.4564905577
FHIKK;INDIA;NAD;38748.49790253699
FHIKK;SYRIAN ARAB REPUBLIC;BTN;110369.79049672889
FHIKK;DOMINICAN REPUBLIC;NAD;25643.806769850515
FHIKK;CYPRUS;RSD;167797.265605656
FHIKK;UKRAINE;DOP;97952.99952257011
FHIKK;LEBANON;ALL;78461.52329733295
FHIKK;ICELAND;NPR;145091.16758096198
FHIKK;MAURITIUS;GNF;1055406.0148496071
FHIKK;SOMALIA;KRW;2716814.4174461123
FHIKK;BAHAMAS;BWP;24839.188233062727
FHIKK;UGANDA;ZMW;1632.139794305819
FHIKK;PERU;STD;55258090.202297114
AKVVY;QATAR;HNL;11495.21341508062
AKVVY;BANGLADESH;YER;197378.44364827854
AKVVY;ZAMBIA;EGP;44558.45760279948
AKVVY;CAPE VERDE;BZD;2521.8714923365774
AKVVY;BOTSWANA;SYP;232716.23399095525
AKVVY;GAMBIA;HNL;40016.2511525943
AKVVY;UGANDA;JPY;134126.32463318275
AKVVY;AZERBAIJAN;KWD;298.2097251775401
AKVVY;TAIWAN, PROVINCE OF CHINA;MXN;1201.5609183973038
AKVVY;SAO TOME AND PRINCIPE;INR;96191.64958471357
AKVVY;ARGENTINA;COP;6729713.252021765
AKVVY;BELIZE;NZD;3246.6739883532637
AKVVY;SURINAME;MUR;51111.69147608402
AKVVY;OMAN;UGX;5657090.853970598
ACHNV;SERBIA;EUR;215.34888380488638
ACHNV;BOLIVIA;COP;851592.0855581968
ACHNV;MADAGASCAR;SEK;5406.106787555045
ACHNV;DOMINICAN REPUBLIC;HUF;145271.6966961472
ACHNV;TURKEY;MWK;382811.1852954095
ACHNV;ICELAND;SDG;357008.45053763565
ACHNV;INDONESIA;EGP;14592.513429593824
BFKMb;SOLOMON ISLANDS;PGK;1470.2267416654256
BFKMb;COLOMBIA;SRD;3323.6125768877987
DIJNb;ZAMBIA;PHP;155872.67815467602
DIJNb;BELARUS;BIF;10499977.890544837
DIJNb;MOZAMBIQUE;JOD;1570.5229652352523
MMNN1;CZECH REPUBLIC;IDR;556918.6569405758
MMNN1;BELARUS;BND;24013.97293081136
MMNN1;INDIA;DZD;1795537.4770106936
MMNN1;HAITI;LAK;729435837.2243165
MMNN1;BARBADOS;LAK;601924812.6752311
MMNN1;EURO;CZK;772928.2814446243
MMNN1;NIGERIA;XOF;6795790.512463435
MMNN1;BRAZIL;BDT;1326928.5742431676
MMNN1;BARBADOS;PGK;76878.98425094699
MMNN1;PARAGUAY;FJD;20382.92139955582
MMNN1;LATVIA;SGD;7088.498764690176
MMNN1;PARAGUAY;UAH;1471928.2042379212
MMNN1;SAMOA;PKR;434579.84342744184
MMNN1;CAMBODIA;XCD;100502.85358927357
MMNN1;URUGUAY;LVL;8956.157796312395
MMNN1;SEYCHELLES;SBD;232873.17190581613
MMNN1;VIET NAM;VND;516078485.5668998
MMNN1;MAURITIUS;DOP;660369.4132035993
MMNN1;EURO;PYG;96390934.95615372
BCEYZ;EURO;SRD;12831.326487587732
CCKab;BERMUDA;SLL;148791990.70840907
CCKab;BULGARIA;PEN;1500.2445286012082
CCKab;AUSTRALIA;CNY;35939.302039546004
CCKab;SURINAME;SOS;9672875.50952455
CCKab;UGANDA;SYP;550195.4128297636
CCKab;EURO;NAD;270302.95754029683
CCKab;LAO PEOPLE'S DEMOCRATIC REP;HTG;1366371.4250850573
CCKab;SOLOMON ISLANDS;SEK;92761.5178187414
CCKab;JORDAN;MWK;19111305.497409888
CCKab;SYRIAN ARAB REPUBLIC;SGD;6963.768809418609
CCKab;BERMUDA;INR;18632.51158836263
CCKab;MALAWI;MYR;51775.448133431724
CCKab;NIGERIA;MWK;5201032.6383732725
CCKab;BELIZE;EGP;193706.75792560086
CCKab;AZERBAIJAN;MRO;350000.9187752456
CCKab;MAURITIUS;CNY;121134.7010707912
CCKab;CANADA;KRW;11887563.72788097
CCKab;KUWAIT;SDG;4686870.714511588
CCKab;ETHIOPIA;MYR;41304.10523043454
DEFJ2;DENMARK;NZD;24708.172585349108
DEFJ2;NEW ZEALAND;MOP;44729.53278450372
DEFJ2;GAMBIA;MXN;20322.543459021603
DEFJ2;KUWAIT;CVE;1483988.2105606548
DEFJ2;FIJI;CAD;9928.776633528703
DEFJ2;SINGAPORE;NOK;8275.231545885006
DEFJ2;EL SALVADOR;AUD;5500.562733175161
DEFJ2;CHINA;CAD;13537.271806185512
DEFJ2;DJIBOUTI;MXN;98286.01245011418
DEFJ2;CZECH REPUBLIC;IQD;2749631.719557515
DEFJ2;SAUDI ARABIA;BYR;74349788.64782572
DEFJ2;NEW ZEALAND;SAR;20075.896073539894
DEFJ2;EL SALVADOR;DJF;1907173.726778364
AIKK3;BANGLADESH;NIO;317252.19967937376
KMYZ2;SOMALIA;SZL;13280.959883041103
KMYZ2;CYPRUS;KHR;10938837.498245418
KMYZ2;LIBYAN ARAB JAMAHIRIYA;BOB;19219.793302810776
KMYZ2;GUYANA;VUV;276591.05057682755
KMYZ2;DENMARK;GBP;5245.722349873939
KMYZ2;BAHAMAS;BRL;16322.302339859589
KMYZ2;MOROCCO;LKR;572495.4548819286
KMYZ2;VANUATU;KHR;24739089.052499045
KMYZ2;ARUBA;TOP;0.0
KMYZ2;SRI LANKA;ZWL;3983291.7702699164
KMYZ2;CROATIA;LAK;14690481.215316357
KMYZ2;HUNGARY;HUF;-6360.610127524691
KMYZ2;KAZAKHSTAN;KHR;-182137.97957985854
KMYZ2;LIBERIA;BWP;74905.3336579899
CCFG2;KENYA;KZT;1187054.041835298
CCFG2;SERBIA;BRL;224404.1194962913
CCFG2;MALDIVES;IDR;610008007.4785933
CCFG2;BHUTAN;SDG;22568005.156181514
CCFG2;JORDAN;KYD;24814.93761502639
CCFG2;BOTSWANA;FJD;2674.9513576334043
CCFG2;GUATEMALA;SOS;20564178.945781853
CCFG2;CANADA;YER;7353646.111916302
CCFG2;PARAGUAY;DKK;30902.286861655615
CCFG2;PERU;JMD;5410945.281640613
CCFG2;ICELAND;NAD;12504.839598426786
CCFG2;SURINAME;DJF;6647546.856470384
CCFG2;SURINAME;BOB;121427.57662722644
CCFG2;MALDIVES;PAB;10907.034458117918
CCFG2;INDIA;TOP;20208.59151414295
CCFG2;ALGERIA;ANG;22383.238845045897
CCFG2;ROMANIA;BZD;27342.623444052373
CCFG2;BARBADOS;BYR;559822843.7520475
CCFG2;URUGUAY;ISK;3108751.320731628
CCFG2;SEYCHELLES;MVR;565093.5869636846
FIWa1;VIET NAM;QAR;139331.53338112234
FIWa1;NORWAY;PYG;143686042.72318447
FIWa1;POLAND;FJD;57089.3896005942
FIWa1;BARBADOS;SZL;376110.19818770216
FIWa1;TRINIDAD AND TOBAGO;ANG;70288.50527911195
FIWa1;COLOMBIA;JOD;7339.205372901693
FIWa1;ARUBA;NOK;178703.9119295229
FIWa1;KUWAIT;GBP;9440.593916543534
FIWa1;TANZANIA, UNITED REPUBLIC OF;ILS;72341.83504153644
FIWa1;SAMOA;SAR;153967.6353618825
FIWa1;HONG KONG;DJF;3294400.2627984877
FIWa1;KUWAIT;NZD;18598.78091884668
FIWa1;PAPUA NEW GUINEA;AWG;29977.398399249752
FIWa1;HONDURAS;EGP;668328.9032460508
FIWa1;SAO TOME AND PRINCIPE;JOD;11579.243092342494
FIWa1;EGYPT;CZK;625888.8405273589
FIWa1;PAKISTAN;BZD;66897.42524590698
FIWa1;LIBYAN ARAB JAMAHIRIYA;SCR;297134.0502838874
JWZbc;EL SALVADOR;UYU;832264.7427613309
JWZbc;TANZANIA, UNITED REPUBLIC OF;RWF;15864756.919228554
JWZbc;POLAND;LBP;8966718.744183723
JWZbc;GUYANA;UAH;376292.4554243981
JWZbc;SWEDEN;CVE;719589.7844715076
BDDNb;SRI LANKA;TOP;-9.219437484525523
BDDNb;NORWAY;BRL;6427.934984073888
BDDNb;HUNGARY;MVR;12489.61536157492
BDDNb;BELIZE;CVE;108610.42180454213
BDDNb;CYPRUS;PEN;3088.8976212607145
BDDNb;BERMUDA;BYR;22669015.459232923
BDDNb;ZIMBABWE;TZS;894637.8528131159
BDDNb;THAILAND;VUV;-980.841474286767
BDDNb;SIERRA LEONE;UYU;24456.94172672459
BDDNb;PAPUA NEW GUINEA;RSD;27378.46881404839
BDDNb;KAZAKHSTAN;JPY;141932.54615805423
BDDNb;GUINEA;GNF;7757779.484422042
BDDNb;NICARAGUA;PAB;811.2612610799301
BDDNb;TANZANIA, UNITED REPUBLIC OF;RSD;25232.777110555533
BDDNb;SURINAME;BZD;2404.4757388805842
BDDNb;DOMINICA;HUF;293312.55470059847
BDDNb;BURUNDI;BYR;22306458.692603823
BDDNb;ISRAEL;AED;592.7364705484972
BDDNb;COLOMBIA;PAB;520.4914101966872
EGHXa;NORWAY;SLL;387687089.93141574
EGHXa;IRAN (ISLAMIC REPUBLIC OF);MOP;167418.9846034146
EGHXa;TUNISIA;KRW;453987.03226033977
EGHXa;OMAN;GHS;277958.23679917166
EGHXa;PERU;CRC;10381960.26721888
EGHXa;BURUNDI;PGK;68800.20208515032
EGHXa;TOGO;KES;1464364.7009176016
EGHXa;SUDAN;KHR;67994477.24389155
EGHXa;JAMAICA;MGA;33257234.68763048
BCVa3;PERU;ZWL;4332523.781836903
BCVa3;BERMUDA;MMK;17397512.775138486
BCVa3;NEW ZEALAND;DZD;304385.4755691537
BCVa3;POLAND;SVC;111078.67120676501
BCVa3;COLOMBIA;NOK;103481.6800774515
BCVa3;CAYMAN ISLANDS;UAH;184891.3033420346
BCVa3;GUINEA;BIF;30764469.27548313
BCVa3;UNITED KINGDOM;LRD;1887620.992844214
BCVa3;CHINA;JPY;573376.577293033
BCVa3;BANGLADESH;AWG;24264.647232156352
BCVa3;YEMEN;GTQ;28163.754838483183
BCVa3;JAMAICA;BYR;40690872.07549142
BCVa3;VANUATU;SDG;7048690.745615245
BCVa3;UGANDA;ISK;984961.9022663806
BCVa3;NETHERLANDS ANTILLES;JOD;5420.795490189552
BCVa3;DENMARK;XPF;327767.83935479907
BCVa3;CYPRUS;UAH;52143.127641259314
BCVa3;TOGO;ZWL;1472504.2256099856
BCVa3;LIBYAN ARAB JAMAHIRIYA;THB;469820.09966746846
DDEWZ;VANUATU;GBP;871.8747645800859
DDEWZ;GHANA;ETB;516089.933044232
DDEWZ;ZAMBIA;MUR;536798.9436004116
DDEWZ;MACAU;TOP;2617.171774010309
DDEWZ;DOMINICA;EGP;306716.25428139616
DDEWZ;UKRAINE;NOK;131069.96538245221
DDEWZ;FIJI;HUF;7864583.588826994
DDEWZ;SAO TOME AND PRINCIPE;WST;57564.87950645458
DDEWZ;ICELAND;QAR;36161.95441987099
DDEWZ;FRENCH POLYNESIA;MZN;301087.05519446573
DDEWZ;VENEZUELA;KYD;11480.689424683747
DDEWZ;GAMBIA;KRW;3705551.6683007632
DDEWZ;LAO PEOPLE'S DEMOCRATIC REP;SEK;54468.30634965653
DDEWZ;NAMIBIA;PKR;649271.882141872
DDEWZ;LEBANON;PES;516267.87789170357
ALMNZ;URUGUAY;KWD;9372.605305478055
ALMNZ;CAYMAN ISLANDS;OMR;18599.798168752568
ALMNZ;IRAQ;AZN;22628.84737885523
ALMNZ;NEW ZEALAND;DZD;2447446.672645447
ALMNZ;KENYA;PGK;61126.64127142485
ALMNZ;UNITED KINGDOM;CYP;31619.660619652095
ALMNZ;CHILE;EUR;49331.97161184973
ALMNZ;CAYMAN ISLANDS;GHS;814552.7401907609
ALMNZ;ALGERIA;SAR;189274.5005775694
ALMNZ;NETHERLANDS ANTILLES;HNL;331540.3657971601
ALMNZ;BELIZE;SBD;24047.283818691474
ALMNZ;UKRAINE;HNL;589745.2856858014
ALMNZ;TURKEY;PKR;12578031.254512727
ALMNZ;MYANMAR;MXN;857242.2925195529
EFac1;IRAN (ISLAMIC REPUBLIC OF);GTQ;2342.9775995666027
EFac1;UKRAINE;ARS;58714.43823488776
EFac1;TAIWAN, PROVINCE OF CHINA;GMD;521141.72907025093
EFac1;JAMAICA;GHS;209092.65717527986
EFac1;CROATIA;KRW;16378707.279072413
EFac1;SOMALIA;BDT;1943180.3481630404
LXX22;JAMAICA;MAD;33681.22610902209
LXX22;AUSTRALIA;DZD;209506.44315880243
LXX22;NIGERIA;EGP;115037.89514171272
LXX22;SWEDEN;AED;7013.6778050541325
LXX22;PERU;KZT;2156012.9372282443
LXX22;UNITED ARAB EMIRATES;JPY;-1203.8767587629627
LXX22;BANGLADESH;IRR;133750167.89840624
LXX22;ANGOLA;NPR;903022.0410323649
LXX22;PANAMA;EUR;4483.1818429782
LXX22;MAURITIUS;LKR;1981470.0640770532
BJMb1;FIJI;ALL;1463150.1902252254
BJMb1;ARGENTINA;DZD;692827.6958405679
BJMb1;DENMARK;SLL;85531614.1848864
BJMb1;SWEDEN;NPR;268070.3072484585
BJMb1;KUWAIT;NOK;184671.5617131955
BJMb1;BOTSWANA;TZS;40596857.594343044
BJMb1;SUDAN;BRL;75450.23761683273
ACc11;BHUTAN;ZMW;510348.0504740094
ACc11;LIBERIA;PGK;52945.70811817911
ACc11;ALBANIA;NAD;329788.3792076205
ACc11;NEPAL;JOD;21514.07822731379
ACc11;POLAND;BHD;11776.446744204191
ACc11;ISRAEL;CZK;343446.60008940723
ACc11;DOMINICAN REPUBLIC;CRC;22519473.417370606
DDDHX;SERBIA;VUV;73319.93785689352
DDDHX;TOGO;COP;82859748.61862083
DDDHX;DJIBOUTI;TOP;15381.890649564635
DDDHX;BOTSWANA;UYU;712513.3093002216
DDDHX;HONDURAS;TTD;33004.42436976474
DDDHX;ETHIOPIA;NIO;198954.54255408543
DVXWW;SINGAPORE;KRW;2282844.6148124957
DVXWW;CAYMAN ISLANDS;CNY;34417.76210398243
DVXWW;LIBERIA;XAF;75777.84903957591
DVXWW;URUGUAY;JOD;1034.5125443066966
DVXWW;PHILIPPINES;PGK;6639.391848974706
DVXWW;UGANDA;XPF;279867.09200924274
DVXWW;IRAQ;MRO;1788178.3100153946
DVXWW;SWAZILAND;BWP;24497.425122709177
DVXWW;UNITED KINGDOM;KRW;4894907.753522821
DVXWW;AUSTRALIA;KZT;493348.46754801995
DVXWW;NORWAY;THB;118298.28882500979
DVXWW;HAITI;SVC;14175.372441138514
DVXWW;URUGUAY;DZD;335224.5106342937
DVXWW;LATVIA;AZN;7165.138704081063
AAFI1;IRAQ;CAD;1625.8083163617903
AAFI1;DJIBOUTI;ZWL;4805053.386393041
AAFI1;CROATIA;ISK;1068059.3691101559
AAFI1;ETHIOPIA;CNY;55261.22543413429
AAFI1;EGYPT;RON;37619.04673558807
AAFI1;GHANA;DKK;64135.49017905504
AAFI1;EGYPT;BIF;7414002.08986904
AAFI1;BAHAMAS;BRL;5701.4786585312
AAFI1;MYANMAR;MZN;316369.7842398929
AAFI1;RWANDA;CLP;4015695.2012460968
AAFI1;CHINA;BTN;842531.725583928
AAFI1;PANAMA;IDR;165017209.54111537
AAFI1;GAMBIA;IQD;4416597.562320234
AAFI1;AZERBAIJAN;NGN;557417.1248504854
AAFI1;MALAWI;GTQ;36809.021005517556
AAFI1;THAILAND;GTQ;27158.618098870047
AAFI1;TUNISIA;OMR;2554.345506126647
AAFI1;BARBADOS;UGX;14679747.502641471
AAFI1;JORDAN;XPF;687839.3519100808
LLVVb;SOLOMON ISLANDS;PKR;2678627.109374345
LLVVb;MALAWI;JPY;49033.82981087167
LLVVb;PAKISTAN;SBD;16539.96711887851
LLVVb;LIBERIA;IDR;65595453.85272488
LLVVb;CAMBODIA;BTN;579986.3001336121
LLVVb;CHILE;KRW;10884008.778338805
DLMMX;LIBERIA;LBP;11084207.933986703
DLMMX;ETHIOPIA;BWP;114154.64055152438
DLMMX;LAO PEOPLE'S DEMOCRATIC REP;DZD;1124576.6620097992
JZZc3;NICARAGUA;BSD;11548.216065498276
JZZc3;BRAZIL;XOF;6734140.586397101
JZZc3;TURKEY;MUR;231167.29193307503
JZZc3;EGYPT;SBD;39322.113348600054
JZZc3;LEBANON;LVL;3721.690293117837
AXb12;GUINEA;GNF;4264786.760108238
AXb12;BANGLADESH;RSD;1130607.1902076604
AXb12;JAMAICA;TND;15069.484309323407
AXb12;HAITI;NPR;1361195.1367364156
AXb12;BRAZIL;STD;158836145.09077233
AXb12;HONG KONG;UGX;50132333.95984183
AXb12;AUSTRALIA;MXN;90087.18931852814
AXb12;SOMALIA;AZN;9233.640016825422
AXb12;HONG KONG;PLN;62293.43618891207
AXb12;HUNGARY;GTQ;38794.91517791716
AXb12;KOREA, REPUBLIC OF;LKR;5234380.900179043
AXb12;CANADA;ISK;1568976.0696399042
AXb12;DOMINICA;BBD;13966.94842334056
AXb12;LEBANON;GTQ;18030.716448883104
AXb12;TOGO;SVC;25500.22540869803
GXWYc;LIBERIA;BSD;49.913866615269455
GXWYc;KENYA;MGA;276989.6430007577
GXWYc;QATAR;JPY;229.08893513465128
GXWYc;MALAYSIA;NIO;2143.1129231113237
GXWYc;POLAND;GBP;16.44399158974757
GXWYc;CANADA;BMD;1.9354643710094614
GXWYc;CROATIA;BND;30.79741803623757
GXWYc;QATAR;PAB;37.85768309694507
LMNVW;ISRAEL;GHS;14893.982536201062
LMNVW;GUATEMALA;ETB;194743.17311706187
LMNVW;BAHAMAS;COP;13824385.242873553
LMNVW;LEBANON;AZN;328.8978217159862
LMNVW;MALAYSIA;LYD;4497.406747737636
LMNVW;MALDIVES;IDR;64982413.16266113
LMNVW;QATAR;ALL;73997.22140943831
LMNVW;SYRIAN ARAB REPUBLIC;ANG;2761.1524258088516
LMNVW;IRAQ;UYU;33951.75758006694
LMNVW;LIBYAN ARAB JAMAHIRIYA;BND;3575.257017710176
LMNVW;NEPAL;ALL;278025.422233531
LMNVW;SOMALIA;LKR;94378.93490685195
LMNVW;TUNISIA;MZN;184856.57797301162
LMNVW;SOUTH AFRICA;OMR;1328.7402463727176
LMNVW;FRENCH POLYNESIA;TWD;59057.814434772816
EEMN3;PERU;BTN;16029.542027094856
EEMN3;JAMAICA;KZT;549053.0302262026
EEMN3;MALAWI;UGX;31789484.58640843
EEMN3;HONG KONG;SCR;23982.78466807129
AKLNX;OMAN;VES;978114.297683609
AKLNX;MOZAMBIQUE;SBD;442782.9368503137
AKLNX;SAO TOME AND PRINCIPE;PES;1583113.9625787665
AKLNX;ANGOLA;CHF;6137.970393884294
AKLNX;CROATIA;ANG;38234.11270516134
AKLNX;ALGERIA;TZS;141778669.9149114
AKLNX;BERMUDA;CYP;40104.02514431229
AKLNX;TONGA;MOP;284875.36922947667
AKLNX;CENTRAL AFRICAN REPUBLIC;NIO;1654967.2430448928
AKLNX;HUNGARY;FJD;19049.881743977465
AKLNX;SOMALIA;CAD;44125.2123560974
AKLNX;YEMEN;KZT;31289187.217256773
AKLNX;MACAU;DJF;1903871.8084905904
AKLNX;TOGO;PLN;168939.39797029295
ACCJV;CHINA;EGP;95490.47619767592
ACCJV;SAO TOME AND PRINCIPE;PAB;26284.64999364982
ACCJV;CHINA;RUB;294733.981575418
ACCJV;SAUDI ARABIA;DOP;401916.1643657329
ACCJV;MALDIVES;JMD;2283708.825008779
ACCJV;THAILAND;SVC;210854.43576369004
ACCJV;PARAGUAY;PHP;1122888.4800877299
ACCJV;SWAZILAND;XOF;17215613.274166066
ACCJV;RWANDA;SLL;466192982.04019845
ACCJV;UGANDA;AUD;44689.33442988567
BDFIc;SWAZILAND;SGD;4775.768843919698
BDFIc;KAZAKHSTAN;COP;86819220.91084406
BDFIc;DJIBOUTI;JOD;18674.36705677454
BDFIc;MEXICO;CAD;7632.05805209011
BDFIc;YEMEN;YER;980750.6649532961
BDFIc;NICARAGUA;IQD;41242218.76193321
BDFIc;UKRAINE;XOF;5611830.8466081945
BDFIc;ZIMBABWE;ETB;296712.9120925644
BDFIc;ARGENTINA;QAR;69342.99073450411
BDFIc;BRUNEI DARUSSALAM;NIO;12770.09734781207
BDFIc;VIET NAM;SEK;251263.47376413792
BDFIc;ETHIOPIA;PES;1846665.3454800572
BDFIc;FIJI;QAR;71909.97063719243
BDFIc;HAITI;NIO;473623.69897947245
BDFIc;CHILE;RON;113775.0909669327
BDFIc;FRENCH POLYNESIA;BSD;163.24713387683568
BDFIc;NEW ZEALAND;HNL;330573.59563411144
FNWZ2;ARUBA;QAR;100424.37441693996
FNWZ2;BELARUS;HRK;377427.84654657816
FNWZ2;NIGERIA;SEK;506998.8414394229
FNWZ2;BURUNDI;BND;11497.51692165666
FNWZ2;ARGENTINA;BSD;-684.5271483153259
FNWZ2;SINGAPORE;HKD;154074.8739108182
FNWZ2;ZIMBABWE;NOK;387465.19666643173
DINab;RWANDA;QAR;46994.72482893274
DINab;BRAZIL;TND;10501.996353148092
DINab;UGANDA;FJD;21361.566935685147
DINab;GUATEMALA;BGN;26191.19669388025
DINab;SYRIAN ARAB REPUBLIC;THB;83205.71123488893
DINab;AZERBAIJAN;CLP;12461219.141271004
DINab;MYANMAR;VND;465535031.9274476
DINab;BAHAMAS;MMK;9075968.976187332
CKXa3;NICARAGUA;VND;114922332.72670211
CKXa3;EL SALVADOR;IDR;4006773.5675026975
CKXa3;SOMALIA;HKD;87448.83368842816
CKXa3;KUWAIT;YER;2360243.762576823
CKXa3;OMAN;UYU;109502.8863959058
CKXa3;ALBANIA;LBP;14126737.102071732
CKXa3;SOLOMON ISLANDS;IRR;146802377.15887275
CKXa3;BELIZE;ALL;1740702.1600970929
CKXa3;MAURITANIA;NIO;567910.0335918345
CKXa3;ZIMBABWE;IQD;11330602.789068123
CKXa3;INDIA;EGP;382719.35645944753
CKXa3;TUNISIA;PES;1929161.8911277663
CKXa3;ALGERIA;GMD;311855.12953804794
CKXa3;LAO PEOPLE'S DEMOCRATIC REP;GBP;3715.6964171548984
CELYc;NIGERIA;THB;52998.47720648876
CELYc;DJIBOUTI;PHP;10207.509495550623
CELYc;ZAMBIA;EUR;863.4951387431462
CELYc;UKRAINE;NPR;1418.2164717547732
FFZc3;SOUTH AFRICA;GHS;71099.6876584729
FFZc3;MOZAMBIQUE;PGK;6688.909701591297
FFZc3;UNITED ARAB EMIRATES;PEN;30709.159018948936
FFZc3;QATAR;TZS;24563183.741550863
FFZc3;MAURITIUS;INR;374669.9840205875
FFZc3;DOMINICA;MXN;125733.11201520571
FFZc3;DOMINICA;PLN;31861.130390192164
Ha111;FRENCH POLYNESIA;HNL;196112.14665923477
Ha111;AZERBAIJAN;BWP;77043.30260176402
Ha111;BARBADOS;KYD;11106.9732963602
Ha111;SOLOMON ISLANDS;MUR;295006.00908412866
Ha111;FIJI;THB;13111.153396937665
Ha111;SOLOMON ISLANDS;JMD;965201.1268372874
Ha111;CAYMAN ISLANDS;LAK;226720855.645129
Ha111;VIET NAM;RUB;325928.50214159215
Ha111;MADAGASCAR;AUD;8062.96949695026
Ha111;TRINIDAD AND TOBAGO;RUB;722515.4547187105
Ha111;VANUATU;AUD;5338.209888403652
Ha111;TUNISIA;DKK;30920.58048432988
Ha111;SURINAME;HKD;75887.6131715073
Ha111;BOLIVIA;ISK;1855364.9226765973
Ha111;VIET NAM;KHR;61074338.37835679
Ha111;ZAMBIA;BYR;344614581.5467186
Ha111;NAMIBIA;JOD;4288.1877829552095
Ha111;BOTSWANA;CHF;7216.110926686707
Ha111;IRAN (ISLAMIC REPUBLIC OF);IQD;-151948.69888126076
KWaa2;EGYPT;JMD;149355.33935850256
KWaa2;DOMINICAN REPUBLIC;CVE;252416.57339852655
KWaa2;HONG KONG;HRK;14025.954472652305
KWaa2;BURUNDI;SVC;17287.80101159958
KWaa2;GHANA;GHS;31026.04399713914
KWaa2;EL SALVADOR;GHS;18764.75963323175
KWaa2;PHILIPPINES;PHP;3408.3182834903364
KWaa2;COSTA RICA;NAD;38885.51169072634
KWaa2;TOGO;BRL;8042.909757164194
KWaa2;ETHIOPIA;MAD;6142.232658688355
KWaa2;TRINIDAD AND TOBAGO;NGN;895149.1988664041
KWaa2;DENMARK;SCR;28241.497962210695
KWaa2;ARGENTINA;SCR;25447.562053700127
KWaa2;ICELAND;BMD;997.6984708484692
KWaa2;SWITZERLAND;TWD;50783.98430122233
KWaa2;YEMEN;JMD;13214.643872259412
KWaa2;CENTRAL AFRICAN REPUBLIC;JPY;235216.864346258
HKNXW;SYRIAN ARAB REPUBLIC;PES;59802.20194116682
HKNXW;SAO TOME AND PRINCIPE;PKR;1183798.5911042534
HKNXW;SURINAME;GHS;55061.718268764256
HKNXW;ALGERIA;SBD;9779.861931001626
HKNXW;ZAMBIA;AED;15941.67405609924
HKNXW;ISRAEL;DJF;969074.4152863665
HKNXW;MALAYSIA;JMD;644582.3454871548
HKNXW;MAURITANIA;TRY;99286.98297108393
HKNXW;EGYPT;INR;391754.92267198197
HKNXW;PERU;GTQ;40054.60610779936
HKNXW;BAHRAIN;SZL;1190.6860311158362
HKNXW;LATVIA;ALL;304456.6447318473
HKNXW;VENEZUELA;BIF;1755056.8895231015
BJYZ2;EL SALVADOR;QAR;47746.218521778006
BJYZ2;CZECH REPUBLIC;ANG;108082.6166205621
BJYZ2;MALDIVES;CVE;938402.2238116491
BJYZ2;UGANDA;AZN;38585.78290784619
BJYZ2;NAMIBIA;BBD;2731.4473659383143
BJYZ2;SURINAME;MGA;173124479.48947614
BJYZ2;CENTRAL AFRICAN REPUBLIC;PES;9744983.13112885
BJYZ2;LIBYAN ARAB JAMAHIRIYA;BZD;39801.09018938686
BJYZ2;RUSSIAN FEDERATION;ISK;2257452.297502639
