;Client;Country;Currency;Transaction
0;DEZ33;BAHAMAS;RSD;136216.66675911567
1;DEZ33;MALAYSIA;WST;71712.76908517873
2;DEZ33;KOREA, REPUBLIC OF;NPR;969298.6230150007
3;DEZ33;SERBIA;CNY;33360.76312302798
4;DEZ33;JORDAN;HNL;137490.71070974699
5;DEZ33;VANUATU;MMK;61284158.1899693
6;DEZ33;CZECH REPUBLIC;ZWL;3207116.4946055505
7;DEZ33;LIBYAN ARAB JAMAHIRIYA;PKR;3535943.2114898823
8;DEZ33;TUNISIA;RWF;26967141.932134256
9;DEZ33;NEPAL;DJF;2633373.1488028923
10;DEZ33;CYPRUS;KZT;7817318.032157137
11;DEZ33;CROATIA;GBP;19593.95572011138
12;DEZ33;COSTA RICA;IQD;25673143.938826922
13;DEZ33;KOREA, REPUBLIC OF;GHS;379181.04168418155
14;DEZ33;LIBERIA;XAF;17269513.240619324
15;DEZ33;FRENCH POLYNESIA;HTG;2734819.169312129
16;DEZ33;HUNGARY;KHR;12073146.23058489
17;DEZ33;NETHERLANDS ANTILLES;PES;5154569.107649764
18;DEZ33;ARGENTINA;JMD;3390476.380136699
19;DEZ33;EL SALVADOR;INR;2323674.9271783615
20;CCDZb;FRENCH POLYNESIA;NGN;3110938.4064588854
21;CCDZb;JORDAN;GYD;4103120.4763944596
22;CCDZb;BERMUDA;ANG;7447.517995228368
23;CCDZb;SERBIA;ZWL;14219600.953234453
24;CCDZb;MAURITIUS;LRD;445377.2071660858
25;CCDZb;ARUBA;PAB;3972.054740377019
26;CCDZb;KENYA;STD;104709701.58892088
27;CCDZb;SERBIA;BIF;3070898.332686473
28;CCDZb;KUWAIT;MUR;401185.6001221877
29;CCDZb;RUSSIAN FEDERATION;DOP;305357.07881959487
30;CCDZb;CHILE;AZN;6711.46313773572
31;CCDZb;UNITED KINGDOM;MRO;3788865.7406688323
32;CCDZb;SYRIAN ARAB REPUBLIC;HTG;3513.0815912895982
33;DEFVY;BRAZIL;MOP;19390.0956567208
34;DEFVY;IRAN (ISLAMIC REPUBLIC OF);TZS;7694931.858718239
35;DEFVY;UNITED ARAB EMIRATES;BTN;227031.73421870457
36;DEFVY;LAO PEOPLE'S DEMOCRATIC REP;CYP;1279.029173081521
37;DEFVY;ZAMBIA;SYP;1762543.320720803
38;DEFVY;BOLIVIA;MOP;18118.09910017544
39;DEFVY;COSTA RICA;MVR;55265.839221205824
40;DEFVY;KENYA;AED;3659.824230570945
41;DEFVY;SOMALIA;DJF;829722.1446759845
42;DEFVY;ANGOLA;GYD;517181.6623403413
43;DEFVY;CAPE VERDE;TRY;69841.64228551283
44;DEFVY;ZIMBABWE;MAD;40920.84303691938
45;DEFVY;MOZAMBIQUE;LYD;12854.506507739125
46;DEFVY;NORWAY;LVL;652.5775453441602
47;AFGXW;BANGLADESH;JPY;537424.2681744783
48;EEHab;DENMARK;GMD;190775.4868384754
49;EEHab;LATVIA;BBD;6295.50151085417
50;CFHHZ;SINGAPORE;JPY;3443957.3750222353
51;CFHHZ;KENYA;TZS;23156307.651778452
52;CFHHZ;AZERBAIJAN;CAD;29335.32353805113
53;CFHHZ;MOROCCO;BSD;28095.59591692262
54;CFHHZ;ARGENTINA;CYP;3778.547484935405
55;CFHHZ;EL SALVADOR;TND;90859.05986007815
56;CFHHZ;TOGO;UGX;51725741.56168603
57;CFHHZ;HAITI;PGK;9068.91533734001
58;CFHHZ;MAURITANIA;MAD;236123.65302102332
59;CFHHZ;BERMUDA;MXN;566066.0505306637
60;CFHHZ;SWAZILAND;IQD;29698789.999748684
61;CFHHZ;ALGERIA;BZD;39006.47713812997
62;KLc12;HUNGARY;KYD;2770.748317854749
63;KLc12;SYRIAN ARAB REPUBLIC;JPY;1664735.7541956704
64;AEEI2;BERMUDA;BRL;-14.254564927472684
65;AEEI2;PERU;SCR;2394.256113070573
66;AEEI2;MEXICO;CYP;633.3406834827495
67;AEEI2;COSTA RICA;SBD;5023.547857877748
68;AEEI2;INDONESIA;MGA;4529474.222356411
69;AEEI2;ANGOLA;XPF;31171.049669539636
70;AEEI2;GHANA;CZK;23439.537691247373
71;AEEI2;FIJI;ALL;110092.35585488526
72;AEEI2;MALAYSIA;RSD;2907.2796546247055
73;AEEI2;BERMUDA;ETB;11836.193251824854
74;AEEI2;SAUDI ARABIA;EGP;10698.05659056398
75;AEEI2;VENEZUELA;BSD;982.5008819917706
76;AEEI2;CAPE VERDE;ARS;75969.07418316294
77;AEEI2;NAMIBIA;NPR;140159.55558982972
78;AEEI2;INDONESIA;EUR;965.1851012934266
79;AEEI2;SERBIA;MGA;2904738.5947917476
80;AEEI2;MAURITIUS;AUD;1100.7981468724747
81;AEEI2;OMAN;ETB;26385.625335298304
82;BCGX1;SWITZERLAND;BHD;20462.742750167974
83;BCGX1;ETHIOPIA;BOB;378453.07413136866
84;BCGX1;DOMINICA;BZD;37378.8811550976
85;BCGX1;SIERRA LEONE;BBD;3945.704584741708
86;BCGX1;ZAMBIA;BBD;119199.59508851373
87;BCGX1;BULGARIA;QAR;75556.48409011048
88;BCGX1;PAPUA NEW GUINEA;RUB;2039778.308524131
89;BCGX1;EURO;GHS;75842.47699596694
90;BCGX1;GHANA;SBD;251719.49842075157
91;BCGX1;TONGA;MXN;633810.6023513171
92;BCGX1;AZERBAIJAN;SVC;334129.9294668631
93;BCGX1;BHUTAN;MGA;232643673.57434732
94;BCGX1;CYPRUS;PEN;186753.98924222318
95;BCGX1;PARAGUAY;PYG;255582725.02150977
96;BCGX1;CYPRUS;GYD;12034871.557160396
97;BCGX1;JORDAN;VUV;3316434.8541608183
98;BCGX1;ARGENTINA;IQD;41032469.20554745
99;BCGX1;AZERBAIJAN;STD;1115481660.2248485
100;ACCWZ;EL SALVADOR;KWD;2326.547299603244
101;ACCWZ;BANGLADESH;JMD;80392.52203226036
102;ACCWZ;KAZAKHSTAN;MOP;47716.88146838679
103;ACCWZ;CHINA;PKR;2129849.235732964
104;ACCWZ;NICARAGUA;XOF;9086530.510824729
105;ACCWZ;VIET NAM;KRW;13931932.27979695
106;ACCWZ;MOROCCO;YER;295415.65610260423
107;ACCWZ;NEPAL;KWD;2150.645096398334
108;ACCWZ;PERU;BMD;2393.391809239748
109;ACCWZ;TAIWAN, PROVINCE OF CHINA;BHD;3049.5702018057814
110;ACCWZ;SOMALIA;HNL;139153.78451682624
111;ACCWZ;IRAN (ISLAMIC REPUBLIC OF);DKK;8690.405791269886
112;ACCWZ;NAMIBIA;TRY;12318.073492324873
113;ACCWZ;KUWAIT;GTQ;107784.35781531569
114;ACCWZ;BELIZE;GMD;386184.31150242133
115;ACCWZ;BURUNDI;NGN;6070535.985917237
116;ACCWZ;QATAR;DKK;78677.55278644338
117;ACCWZ;EL SALVADOR;SDG;3302721.781954338
118;ACCWZ;FIJI;IRR;560016930.7977637
119;ACCWZ;MACAU;CZK;202790.77041192618
120;LLMa2;GAMBIA;IQD;3694507.3029688885
121;LLMa2;CAMBODIA;XOF;1241357.1596205493
122;LLMa2;MAURITANIA;JPY;759346.3296565558
123;LLMa2;POLAND;AED;19183.322135539736
124;LLMa2;PAPUA NEW GUINEA;SEK;39587.659508842116
125;LLMa2;LAO PEOPLE'S DEMOCRATIC REP;PES;581327.897422351
126;LLMa2;FRENCH POLYNESIA;TZS;7919613.082452919
127;LLMa2;YEMEN;LKR;1326556.0537555327
128;LLMa2;SOLOMON ISLANDS;TRY;88448.26686986093
129;LLMa2;TOGO;TWD;170743.66085093404
130;LLMa2;QATAR;HUF;1892617.2565565102
131;LLMa2;NORWAY;CNY;7675.477832422448
132;LLMa2;ARUBA;GBP;3521.5643802577056
133;LLMa2;EL SALVADOR;GBP;4509.132507560071
134;LLMa2;DOMINICAN REPUBLIC;IRR;138875760.73200092
135;LLMa2;BANGLADESH;KHR;19713623.758139327
136;BLMc3;RUSSIAN FEDERATION;BMD;8806.937021734992
137;BLMc3;PHILIPPINES;KYD;20747.573964784533
138;DDKZ1;SAUDI ARABIA;HRK;173190.20661568685
139;DDKZ1;UGANDA;NPR;9292705.525010012
140;DDKZ1;KOREA, REPUBLIC OF;COP;232457228.3239721
141;DDKZ1;ARUBA;NOK;265045.13215065585
142;DDKZ1;CYPRUS;GTQ;348399.27056509093
143;DDKZ1;BAHAMAS;UGX;352456032.5512115
144;DDKZ1;PANAMA;NZD;6820.787160371601
145;DDKZ1;BERMUDA;PKR;10019506.081834812
146;CVY33;TURKEY;HTG;4108399.3977724365
147;CVY33;SWEDEN;MUR;738211.4966755955
148;CVY33;COLOMBIA;CHF;9015.47658460968
149;CVY33;ETHIOPIA;XCD;55836.22786930227
150;CVY33;VENEZUELA;DZD;253195.18307114218
151;CVY33;CROATIA;BBD;68224.85222790968
152;CVY33;MALDIVES;NAD;568836.5377550018
153;CVY33;HONDURAS;HNL;523888.560278938
154;CVY33;SWEDEN;VES;713019.568838475
155;CFXYY;VENEZUELA;SAR;34252.76419606269
156;CFXYY;SURINAME;KZT;2341640.754075957
157;CFXYY;TURKEY;KES;336339.786063041
158;CFXYY;KOREA, REPUBLIC OF;XOF;3224476.017043291
159;HJNVX;VENEZUELA;ZMW;71529.22547066034
160;HLa33;KENYA;AED;31894.50123571956
161;ACLW3;SOLOMON ISLANDS;QAR;11778.849514429567
162;CIa11;NIGERIA;AUD;2003.5875207334698
163;CIa11;BERMUDA;UGX;14125635.74721333
164;CIa11;SAUDI ARABIA;BTN;227146.55749336092
165;CIa11;SWEDEN;SRD;29774.325182577548
166;CIa11;PAPUA NEW GUINEA;PKR;44303.05164085062
167;CIa11;ARUBA;KHR;492125.8490724623
168;CIa11;GUINEA;EGP;18642.048535366197
169;CIa11;BAHAMAS;WST;3614.0667342187676
170;CIa11;SAUDI ARABIA;CAD;1126.1860456662012
171;CIa11;CZECH REPUBLIC;BMD;2145.272832586495
172;CIa11;BELIZE;CNY;4715.934825317923
173;CIa11;LIBYAN ARAB JAMAHIRIYA;OMR;1532.4754086809894
174;CIa11;LEBANON;BTN;152145.33567951532
175;CIa11;THAILAND;PYG;3495617.935149263
176;CIa11;JORDAN;NIO;105542.31920539074
177;CIa11;SAUDI ARABIA;BOB;1962.706469116938
178;CIa11;MACAU;DKK;1892.5262093007043
179;CIa11;BRUNEI DARUSSALAM;GMD;52975.689306895205
180;CIa11;CHILE;BDT;35050.42400394461
181;CIa11;SIERRA LEONE;IRR;76396930.32319333
182;DFGYY;SYRIAN ARAB REPUBLIC;BBD;-118.98686818072476
183;DFGYY;PHILIPPINES;MUR;537042.7124982987
184;DFGYY;MOZAMBIQUE;NPR;1695086.689497155
185;DFGYY;HONG KONG;KES;862687.9941766411
186;DFGYY;EGYPT;GYD;2615226.681323605
187;DFGYY;ISRAEL;KZT;1738005.786384115
188;DFGYY;LIBYAN ARAB JAMAHIRIYA;SZL;248741.1791348441
189;DFGYY;RUSSIAN FEDERATION;CHF;955.1596457598424
190;DFGYY;BRAZIL;VES;7329.5903469736095
191;IIILL;COSTA RICA;KHR;20851503.446980026
192;IIILL;HONG KONG;DJF;795510.1168643067
193;IIILL;CAPE VERDE;YER;548600.8513134465
194;IIILL;CAMBODIA;KYD;5461.349022501067
195;IIILL;RUSSIAN FEDERATION;CVE;335892.11592403764
196;IIILL;BAHRAIN;PEN;20982.749167981303
197;IIILL;SYRIAN ARAB REPUBLIC;BSD;-34.99382527476976
198;IIILL;DJIBOUTI;ARS;2041135.427759079
199;IIILL;SYRIAN ARAB REPUBLIC;GHS;96473.45709130843
200;IIILL;VENEZUELA;BTN;215550.99429971003
201;IIILL;CZECH REPUBLIC;AED;40591.336062887654
202;CFMb3;SIERRA LEONE;KHR;42321944.484217264
203;CFMb3;POLAND;RON;30358.03547917164
204;CFMb3;CHILE;HTG;181015.6825721029
205;CFMb3;TRINIDAD AND TOBAGO;VUV;569932.7436531365
206;CFMb3;MACAU;ARS;804034.6711870041
207;CFMb3;NEPAL;UYU;451475.65173406026
208;CFMb3;ICELAND;LAK;172718640.99243987
209;CFMb3;BOLIVIA;VND;138678350.86901358
210;CFMb3;CANADA;ISK;74649.50832692787
211;CFMb3;BULGARIA;AOA;3832360.927403437
212;CFMb3;PERU;BDT;687109.1065190848
213;CFMb3;ZIMBABWE;HRK;26302.96914273562
214;CFMb3;JAPAN;NAD;21421.574010487268
215;CFMb3;LAO PEOPLE'S DEMOCRATIC REP;ILS;33403.38161960317
216;CFMb3;KUWAIT;NZD;17223.50723597257
217;CFMb3;SERBIA;DOP;88167.12588688303
218;CFMb3;VIET NAM;CHF;6135.931621756158
219;BXXWW;TONGA;DKK;303337.31295185914
220;BXXWW;LIBERIA;GHS;594316.893465071
221;BXXWW;KENYA;PLN;80228.50015854755
222;BXXWW;HAITI;NIO;175810.84720951447
223;BXXWW;VENEZUELA;SGD;24630.812926861858
224;BXXWW;DJIBOUTI;CYP;13869.2935645426
225;BXXWW;PERU;BTN;1784701.5962210253
226;BXXWW;KUWAIT;BZD;35669.751326271646
227;BXXWW;SOMALIA;TTD;149555.2461160443
228;BXXWW;RUSSIAN FEDERATION;GNF;183431020.72301212
229;BXXWW;PERU;MYR;77959.80313838537
230;AGJNW;IRAQ;IDR;9629571.636525955
231;AGJNW;DOMINICA;INR;75509.72539819057
232;AGJNW;DOMINICAN REPUBLIC;TWD;51333.68804879275
233;AGJNW;LIBERIA;ILS;3527.0616880353123
234;AGJNW;KENYA;PES;61484.861753895384
235;AGJNW;MACAU;BIF;2390478.513398118
236;AGJNW;KOREA, REPUBLIC OF;MZN;57583.71182416716
237;LMWac;CANADA;PHP;208088.00157302927
238;LMWac;SYRIAN ARAB REPUBLIC;SOS;1571314.041530851
239;LMWac;JAPAN;TOP;7009.121813613794
240;LMWac;BRAZIL;SOS;1089945.5265080603
241;LMWac;AZERBAIJAN;XPF;291205.38970811345
242;LMWac;CENTRAL AFRICAN REPUBLIC;MXN;1985.0973541179058
243;LMWac;KAZAKHSTAN;GHS;37898.295086945705
244;LMWac;JORDAN;XAF;2645178.3066469715
245;LMWac;SYRIAN ARAB REPUBLIC;LRD;475446.50866438646
246;LMWac;HONG KONG;VES;29379.592253011626
247;LMWac;OMAN;IDR;352843.9022849563
248;LMWac;INDIA;XCD;9121.723713300373
249;LMWac;BELIZE;MVR;10139.45631807462
250;LMWac;CYPRUS;COP;10873721.022385022
251;LMWac;CAMBODIA;LAK;15964084.771026239
252;LMWac;MALDIVES;CYP;722.2813570274445
253;LMWac;TOGO;UYU;78428.70695798523
254;LMWac;KAZAKHSTAN;MYR;-89.28017639244776
255;LMWac;TRINIDAD AND TOBAGO;XOF;29306.44820659345
256;EHJVZ;SAUDI ARABIA;PKR;5134333.15195766
257;EHJVZ;SWAZILAND;LAK;549404480.604944
258;EHJVZ;RUSSIAN FEDERATION;HUF;23796670.057210814
259;EHJVZ;HAITI;ISK;2198229.8559096553
260;EHJVZ;CENTRAL AFRICAN REPUBLIC;VES;525375.2836326169
261;ABCDN;UNITED ARAB EMIRATES;EUR;8474.166417546441
262;ABCDN;BRUNEI DARUSSALAM;VUV;1247955.2694089953
263;ABCDN;TAIWAN, PROVINCE OF CHINA;WST;3737.8926985049375
264;ABCDN;MADAGASCAR;NIO;275080.4028126154
265;ABCDN;MOZAMBIQUE;CRC;9698172.821759721
266;ABCDN;MAURITIUS;BSD;6253.149700938429
267;ABCDN;GUATEMALA;TOP;24404.319143336263
268;ABCDN;EGYPT;MXN;253319.05590614723
269;ABCDN;EL SALVADOR;PHP;317261.1197765844
270;ABCDN;JORDAN;IDR;233797465.37552813
271;ABCDN;CAMBODIA;ETB;343905.8937878253
272;ABCDN;NICARAGUA;LVL;8922.327616366281
273;ABCDN;SAO TOME AND PRINCIPE;BIF;36629897.71267143
274;ABCDN;BRUNEI DARUSSALAM;KZT;9120148.073321072
275;EFJLc;KENYA;RON;134743.7461810088
276;EFJLc;DJIBOUTI;MZN;1649229.5542117874
277;EFJLc;SRI LANKA;DJF;4660736.439534826
278;EFJLc;MEXICO;RSD;1751476.036506795
279;EFJLc;PERU;BTN;396122.69274500076
280;EFJLc;MAURITANIA;CVE;179733.22086159937
281;EFJLc;HAITI;HKD;216730.31863519124
282;EFJLc;GAMBIA;AZN;4777.783209171434
283;EFJLc;JAPAN;ANG;25331.23474340844
284;EFJLc;RWANDA;NZD;34175.87649688358
285;HIIVa;NICARAGUA;PEN;914.0289756170242
286;HIIVa;SEYCHELLES;VUV;30326.065729948677
287;HIIVa;TUNISIA;SGD;4.57305852771023
288;HIIVa;AZERBAIJAN;TWD;1373.56946035441
289;HIIVa;KOREA, REPUBLIC OF;UYU;4255.523394706019
290;HIIVa;EL SALVADOR;CYP;45.48932736063448
291;HIIVa;MAURITANIA;MMK;422154.19425369904
292;HIIVa;PERU;CAD;236.9751460122238
293;HIIVa;ANGOLA;TRY;-7.577484812213132
294;HIIVa;ALBANIA;ANG;394.1197868002466
295;EJLY3;SOLOMON ISLANDS;PYG;23962837.93484961
296;EJLY3;UGANDA;ETB;86267.17330909258
297;EJLY3;PERU;VND;119528325.99109691
298;EJLY3;URUGUAY;KHR;26231285.926757492
299;EJLY3;ZIMBABWE;STD;73429208.22771245
300;EJLY3;SOLOMON ISLANDS;PLN;22892.963993780144
301;EJLY3;PANAMA;HKD;7982.441557397862
302;EJLY3;SEYCHELLES;HUF;1864256.4822695018
303;Gaabc;KOREA, REPUBLIC OF;SAR;82699.4712200232
304;Gaabc;TRINIDAD AND TOBAGO;SYP;12814063.651278945
305;Gaabc;CHILE;MZN;536691.6246503284
306;Gaabc;CANADA;HUF;8013548.283712963
307;Gaabc;ARGENTINA;DOP;1515026.0987640137
308;Gaabc;THAILAND;KHR;33826887.3469398
309;Gaabc;MALAWI;PLN;99291.67453959672
310;Gaabc;GHANA;MVR;319567.67898170423
311;Gaabc;ISRAEL;ZWL;10069435.623694105
312;Gaabc;CHINA;BTN;1530075.2351594167
313;Gaabc;NEW ZEALAND;COP;41310657.0858848
314;Gaabc;CHINA;PAB;7743.300889794995
315;Gaabc;GUINEA;TRY;425087.9968718097
316;Gaabc;TONGA;RUB;1329043.3268767868
317;Gaabc;RWANDA;EUR;17684.641480870054
318;FGGHN;NICARAGUA;AOA;3505391.2408792833
319;FGGHN;GUATEMALA;INR;481546.37896916305
320;FGGHN;SOMALIA;BTN;495008.96590808587
321;FGGHN;NEPAL;SZL;45391.32699103398
322;FGGHN;MYANMAR;CVE;659881.8579137925
323;FGGHN;UNITED KINGDOM;SLL;7930086.802706178
324;FGGHN;RUSSIAN FEDERATION;HTG;180616.62660120596
325;FGGHN;QATAR;SDG;3391076.6900794464
326;FGGHN;JORDAN;CNY;3935.6948088655945
327;FGGHN;SOUTH AFRICA;INR;357215.4290038168
328;FGGHN;NETHERLANDS ANTILLES;TWD;57093.69417350155
329;FGGHN;NEPAL;SEK;1148.0041228979792
330;FGGHN;CYPRUS;MZN;220741.4216089131
331;FGGHN;OMAN;CHF;2679.466802375027
332;FGGHN;CROATIA;SBD;24309.96597798263
333;FGGHN;ALBANIA;RON;28954.413262975802
334;KKX13;UGANDA;ISK;305111.2775647266
335;KKX13;URUGUAY;OMR;1217.3131201047688
336;KKX13;CZECH REPUBLIC;SGD;3630.064015425869
337;KKX13;SINGAPORE;HUF;494478.2376455025
338;KKX13;KENYA;HNL;3250.629572552721
339;KKX13;MAURITIUS;EUR;15.939457099516895
340;KKX13;KENYA;SAR;3000.431208236377
341;KKX13;SWAZILAND;PHP;166120.2723294698
342;KKX13;VENEZUELA;EGP;16590.32589143712
343;KKX13;BURUNDI;RSD;306998.45963410713
344;KKX13;BERMUDA;RUB;19613.631096819918
345;KKX13;PERU;DKK;19714.062451248392
346;KKX13;KAZAKHSTAN;RUB;254654.34613360837
347;KKX13;BURUNDI;HUF;558327.1480757837
348;KKX13;NETHERLANDS ANTILLES;KZT;923062.6951674912
349;KKX13;DOMINICA;RUB;1506.6712502358237
350;KKX13;CAYMAN ISLANDS;PKR;361988.04530978616
351;KKX13;CYPRUS;BSD;3420.8228916252388
352;KKX13;QATAR;LAK;45873596.53672773
353;KKX13;SINGAPORE;EUR;321.80471495511136
354;HHH22;BARBADOS;DJF;146262.76673879146
355;HHH22;CHILE;MRO;263404.9557332438
356;HNWZc;UNITED ARAB EMIRATES;ETB;76854.64343110242
357;HNWZc;MAURITANIA;VES;91561.27115849018
358;HNWZc;UGANDA;SVC;47208.178043159955
359;HNWZc;KUWAIT;MGA;1734680.871978948
360;AGVWc;DOMINICA;GBP;562.8077567899516
361;AGVWc;PANAMA;TZS;20548104.022198368
362;AGVWc;GHANA;MZN;1045493.2469149543
363;AGVWc;CENTRAL AFRICAN REPUBLIC;CYP;9422.509586826349
364;AGVWc;BAHRAIN;THB;709486.4192531236
365;AGVWc;ALBANIA;ISK;3321834.6996869054
366;AGVWc;MALDIVES;XPF;2182575.5635463223
367;AGVWc;AUSTRALIA;WST;10894.036432592882
368;AGVWc;SINGAPORE;TRY;157492.17219490677
369;AGVWc;FRENCH POLYNESIA;RWF;22881071.153339278
370;AGVWc;SOLOMON ISLANDS;BBD;18450.79585977214
371;AGVWc;SYRIAN ARAB REPUBLIC;MAD;173395.19570402123
372;AGVWc;SWEDEN;KHR;30724110.23280897
373;AGVWc;EL SALVADOR;SYP;9825458.667366171
374;AGVWc;IRAN (ISLAMIC REPUBLIC OF);SVC;59710.03083331572
375;AGVWc;UKRAINE;BSD;7184.934329327023
376;AGVWc;TOGO;ZWL;6701633.695940211
377;ALLc1;BRAZIL;STD;411764388.37278813
378;ALLc1;POLAND;MVR;164673.56294607007
379;ALLc1;VANUATU;JPY;2668502.422748751
380;ALLc1;MADAGASCAR;TRY;64586.52735546626
381;ALLc1;ARUBA;SZL;307001.9908026516
382;HKVXX;MOZAMBIQUE;VND;48705885.68407855
383;HKVXX;AZERBAIJAN;SYP;59302.39256024816
384;HKVXX;COLOMBIA;PHP;477734.3869736725
385;HKVXX;ALGERIA;CHF;8332.826863235461
386;HKVXX;GUYANA;SEK;38302.55772186613
387;HKVXX;VENEZUELA;XAF;1139826.830290077
388;HKVXX;MALAYSIA;VND;65435001.309775166
389;LMMVc;URUGUAY;XOF;1239753.7367992583
390;LMMVc;BULGARIA;GBP;2024.047267703428
391;LMMVc;RUSSIAN FEDERATION;HTG;1203804.6320459177
392;LMMVc;BRUNEI DARUSSALAM;VUV;74696.90042719802
393;LMMVc;DOMINICA;SOS;3002578.0902559827
394;CGVZZ;PERU;IQD;2764690.852012762
395;CGVZZ;POLAND;ANG;11108.116852986768
396;CGVZZ;TUNISIA;SVC;47988.52711141461
397;CGVZZ;GAMBIA;MOP;44915.376052645624
398;CGVZZ;MALAYSIA;WST;1591.659214323212
399;CGVZZ;HAITI;BND;-52.780692864459176
400;CGVZZ;AZERBAIJAN;NOK;4434.401033418628
401;MYYa3;BHUTAN;VUV;184478.78666289058
402;MYYa3;MOROCCO;NIO;270355.41867007816
403;MYYa3;PERU;JMD;5064228.715135269
404;MYYa3;MOZAMBIQUE;IDR;143420458.32889053
405;MYYa3;SEYCHELLES;STD;989839684.3684099
406;MYYa3;SIERRA LEONE;AWG;55225.181949727834
407;ADHLZ;UNITED KINGDOM;OMR;1852.348508200049
408;ADHLZ;SYRIAN ARAB REPUBLIC;MMK;12169654.678484282
409;ADHLZ;KENYA;TZS;5296917.970658869
410;ADHLZ;SOUTH AFRICA;SBD;49987.8000740549
411;ADHLZ;MOROCCO;ZWL;906181.4009461744
412;ADHLZ;GAMBIA;PKR;1514339.6813134751
413;ADHLZ;LAO PEOPLE'S DEMOCRATIC REP;KRW;15643436.690549633
414;ADHLZ;GUATEMALA;BSD;3647.4495602639913
415;ADHLZ;EGYPT;INR;1138611.4585595215
416;ADHLZ;BANGLADESH;SOS;4396311.784103697
417;ADHLZ;AUSTRALIA;CHF;8117.89868096501
418;ADHLZ;MEXICO;MGA;18167976.487157483
419;ADHLZ;MOZAMBIQUE;LAK;58294282.8420015
420;ADHLZ;QATAR;TWD;102589.31566685086
421;ADHLZ;KOREA, REPUBLIC OF;AWG;11869.603262897794
422;BEHN3;BERMUDA;BMD;44819.168593771166
423;BEHN3;MALAYSIA;ARS;10995694.320345832
424;BEHN3;ARGENTINA;IRR;29796081.25982932
425;BEHN3;YEMEN;YER;7673171.789813204
426;KNNVX;KOREA, REPUBLIC OF;CHF;683.4253444685713
427;KNNVX;NORWAY;IRR;25936217.82482438
428;KNNVX;BELIZE;CYP;65.77157394259157
429;KNNVX;UNITED KINGDOM;SVC;11422.881026370933
430;KNNVX;IRAN (ISLAMIC REPUBLIC OF);SYP;262255.87508788717
431;KNNVX;PHILIPPINES;DOP;71938.52714804675
432;KNNVX;MALAWI;MOP;2821.511652639666
433;KNNVX;AZERBAIJAN;HKD;7407.615590130296
434;KNNVX;DENMARK;EGP;22412.30058032274
435;KNNVX;ALGERIA;ILS;776.9196812170311
436;KNNVX;CAYMAN ISLANDS;DZD;117823.91014000242
437;KNNVX;SERBIA;ANG;1890.771120826363
438;KNNVX;ARGENTINA;ILS;1348.525669503746
439;KNNVX;GUYANA;AOA;369296.8637517147
440;KNNVX;HONDURAS;JMD;80364.54073948925
441;KNNVX;PAPUA NEW GUINEA;TRY;13095.810850893802
442;HIZab;ZIMBABWE;ZWL;14245556.749791754
443;HIZab;INDONESIA;RUB;2039770.031522403
444;HIZab;BULGARIA;SOS;15434126.760745645
445;HIZab;NORWAY;PAB;34246.874122077985
446;HIZab;BOTSWANA;PHP;1218935.3590084377
447;HIZab;AZERBAIJAN;PLN;1288.863514136668
448;HIZab;DOMINICAN REPUBLIC;PKR;5982471.3300899705
449;HIZab;CANADA;GMD;-18693.749496319153
450;ADGYZ;SERBIA;BGN;3.6683229492822425
451;ADGYZ;DENMARK;TND;3.375894355784521
452;GGJVW;HONDURAS;TRY;745088.484688658
453;GGJVW;VANUATU;PLN;163055.7983186988
454;GGJVW;GUYANA;CZK;1423397.793469396
455;GGJVW;CAPE VERDE;MUR;1591479.8405283592
456;GGJVW;JAPAN;BZD;157298.43091307106
457;GGJVW;SAUDI ARABIA;ZWL;60256791.57045042
458;GGJVW;DOMINICAN REPUBLIC;UGX;391010359.98490196
459;GGJVW;ISRAEL;VES;1001792.7898695212
460;GGJVW;KAZAKHSTAN;ANG;44648.64625589586
461;GGJVW;SUDAN;NPR;8948926.39328853
462;GGJVW;MYANMAR;MUR;1598299.7725049118
463;GGJVW;COSTA RICA;TOP;74207.48735907732
464;GGJVW;BRUNEI DARUSSALAM;ANG;93492.20664457706
465;DVaab;CANADA;UGX;22136490.540012337
466;KXc13;MAURITANIA;SRD;229947.14160088374
467;KXc13;LIBYAN ARAB JAMAHIRIYA;EGP;49674.38293909154
468;KXc13;BELARUS;RUB;192884.71777705997
469;KXc13;MALAYSIA;NOK;32754.313371115266
470;KXc13;SWEDEN;PHP;358550.1793663746
471;KXc13;SURINAME;TRY;105548.01736874881
472;KXc13;PERU;KRW;6630898.234663961
473;KXc13;SURINAME;JMD;89244.60606456961
474;KXc13;MOZAMBIQUE;SOS;3242628.4826486437
475;KXc13;MEXICO;XPF;-2375.2706846844017
476;KXc13;NORWAY;DZD;177807.7158990948
477;HKLVX;FRENCH POLYNESIA;DOP;93045.88856382408
478;HKLVX;GUINEA;HRK;7194.592783732994
479;HKLVX;PAPUA NEW GUINEA;UGX;8086344.051696972
480;HKLVX;IRAQ;ETB;36971.03057457888
481;HKLVX;PAKISTAN;MGA;1286184.6503466587
482;HKLVX;CANADA;UGX;8076038.053224202
483;ALLL3;ETHIOPIA;PAB;16741.571579659885
484;ALLL3;NORWAY;MXN;231674.98374029726
485;ALLL3;BAHRAIN;KZT;3491789.6371226944
486;ALLL3;AZERBAIJAN;ZWL;8514456.72361695
487;ALLL3;CANADA;KYD;6820.03022461963
488;ALLL3;GUYANA;MVR;144493.6102370313
489;ALLL3;COLOMBIA;NZD;12844.885754613824
490;ALLL3;NEPAL;PLN;65930.59130320688
491;ALLL3;SWITZERLAND;KZT;474253.19657053164
492;ALLL3;TONGA;ZAR;147910.973616129
493;ALLL3;ICELAND;BND;10058.775639084852
494;ALLL3;SAUDI ARABIA;ILS;46983.82630743389
495;ALLL3;HUNGARY;BRL;23648.553114469196
496;ALLL3;ICELAND;BZD;13359.961409747231
497;ALLL3;CENTRAL AFRICAN REPUBLIC;SAR;29469.737093231255
498;ALLL3;TUNISIA;QAR;24671.527507988685
499;ALLL3;NETHERLANDS ANTILLES;CAD;13252.256071279326
500;ALLL3;DOMINICA;XPF;1358983.654168145
501;ALLL3;RWANDA;PEN;44214.1194318426
502;EFLLZ;SYRIAN ARAB REPUBLIC;DZD;1044202.3501423906
503;EFLLZ;SWEDEN;PYG;37933943.522668295
504;EFLLZ;LATVIA;BGN;24454.482839459168
505;EFLLZ;LAO PEOPLE'S DEMOCRATIC REP;SVC;91608.26094607566
506;EFLLZ;NIGERIA;BZD;7162.322509786983
507;EFLLZ;PANAMA;HTG;1566877.1999318318
508;EFLLZ;KOREA, REPUBLIC OF;IDR;247782071.55629304
509;EFLLZ;SINGAPORE;BDT;1361095.4518514015
510;EFLLZ;QATAR;ARS;1577434.6180600526
511;EFLLZ;TUNISIA;JOD;11897.489495271942
512;EFLLZ;GUATEMALA;SVC;119518.81521562766
513;EFLLZ;FIJI;KZT;8483851.290593876
514;EFLLZ;TANZANIA, UNITED REPUBLIC OF;MWK;14823194.373477297
515;EFLLZ;PAPUA NEW GUINEA;MWK;5303895.995170511
516;EFLLZ;SOUTH AFRICA;RSD;1962261.576538505
517;EFLLZ;SAMOA;AWG;28478.45092680293
518;EFLLZ;MAURITANIA;LAK;132805264.16246438
519;AFIbb;FIJI;NIO;369521.4442974846
520;AFIbb;LATVIA;WST;9725.341362783141
521;JLVb1;SWAZILAND;SEK;198393.2393642131
522;JLVb1;BOLIVIA;TWD;479691.675747963
523;JLVb1;MAURITIUS;PEN;94425.74720357466
524;JLVb1;LAO PEOPLE'S DEMOCRATIC REP;OMR;254.3401406672826
525;JLVb1;MEXICO;EUR;36175.40723674955
526;JLVb1;CYPRUS;HKD;61019.77699024767
527;JLVb1;CANADA;BBD;55557.165132222195
528;JLVb1;MALAWI;SCR;327995.4175164521
529;JLVb1;LIBYAN ARAB JAMAHIRIYA;SRD;857841.9436444738
530;JLVb1;COSTA RICA;SVC;206976.6854654537
531;JLVb1;CHILE;KES;1187237.1485215407
532;JLVb1;UNITED KINGDOM;BTN;461254.84558073996
533;JLVb1;DOMINICA;SGD;46638.04059705162
534;JLVb1;EURO;BHD;13330.95361721778
535;JLVb1;SRI LANKA;CZK;782074.8108695089
536;VWZa1;COLOMBIA;CHF;100.98649926890981
537;VWZa1;PHILIPPINES;NOK;657.8264127799632
538;VWZa1;CAYMAN ISLANDS;XAF;101883.9921033825
539;VWZa1;GUINEA;NAD;4267.175362938006
540;VWZa1;DENMARK;BOB;3702.9241134599824
541;VWZa1;BOTSWANA;BBD;-6.550812034208451
542;VWZa1;EL SALVADOR;PLN;1635.5734833646798
543;VWZa1;KENYA;XOF;49928.051037621895
544;VWZa1;RUSSIAN FEDERATION;IRR;17954434.07527873
545;VWZa1;MOZAMBIQUE;LBP;37501.61570643429
546;EGIZ2;LEBANON;BND;18063.163568101394
547;EGIZ2;ISRAEL;TRY;23970.72700515226
548;EGIZ2;LAO PEOPLE'S DEMOCRATIC REP;CHF;3901.6161311588667
549;EGIZ2;NEPAL;SCR;99713.27925542998
550;EGIZ2;NICARAGUA;BND;10136.629300132026
551;EGIZ2;BAHAMAS;LVL;2977.3216579576474
552;EGIZ2;SAUDI ARABIA;SEK;11858.183115128906
553;EGIZ2;UGANDA;THB;103192.67202000986
554;EGIZ2;QATAR;SLL;112378126.38030039
555;EGIZ2;TOGO;YER;2167269.3766598864
556;EGIZ2;MEXICO;AED;24131.337011625204
557;EGIZ2;COSTA RICA;RWF;8428461.262424413
558;EGIZ2;GUINEA;HTG;247306.74420305964
559;EGIZ2;MACAU;LBP;3194074.64077416
560;IIWWY;EL SALVADOR;MXN;61705.281869644845
561;IIWWY;MAURITANIA;SEK;16894.036081258313
562;IIWWY;VANUATU;FJD;-20.42173937611345
563;IIWWY;INDIA;DOP;52738.77057442229
564;IIWWY;CHINA;JPY;339880.2875851124
565;IIWWY;QATAR;ETB;121554.44818546988
566;IIWWY;NIGERIA;COP;8007206.470241753
567;IIWWY;VIET NAM;CAD;3013.671561519623
568;IIWWY;SAMOA;SAR;8152.3011548775885
569;IIWWY;BELIZE;SVC;1024.3468273665906
570;IIWWY;LIBERIA;INR;79962.55797766933
571;CJYac;SYRIAN ARAB REPUBLIC;GYD;1568551.0990696661
572;CJYac;PANAMA;HUF;4371275.041490272
573;CJYac;ETHIOPIA;MXN;16337.143330970937
574;CJYac;EURO;RON;131971.65232461976
575;CJYac;CENTRAL AFRICAN REPUBLIC;VUV;949810.7453780456
576;CJYac;GUYANA;VND;123984454.43323813
577;CJYac;SAMOA;NGN;2382585.001985665
578;CJYac;CAPE VERDE;ARS;4505681.008082802
579;CJYac;ICELAND;HKD;3244.6481376429647
580;CJYac;SOUTH AFRICA;MXN;71910.77315557083
581;CJYac;CAMBODIA;CHF;22799.591567680385
582;CJYac;TUNISIA;SDG;4275702.687991062
583;CJYac;EL SALVADOR;MWK;26694926.93301667
584;CJYac;ARGENTINA;YER;3984436.9705089265
585;CJYac;SUDAN;SEK;94063.76861792839
586;CJYac;CAMBODIA;NIO;814476.096994378
587;CJYac;CHILE;NZD;30303.004488825496
588;CJYac;EL SALVADOR;PEN;112364.16218873762
589;CJYac;EURO;MXN;467693.45050419733
590;CJYac;CANADA;NOK;315648.99163450045
591;AFLYY;VIET NAM;CLP;4246466.985337711
592;AFLYY;DENMARK;BBD;10514.824758654506
593;AFLYY;NIGERIA;TZS;29977304.17763136
594;AFLYY;SAMOA;KRW;4517562.541141185
595;AFLYY;KAZAKHSTAN;HTG;962140.9363749346
596;AFLYY;BOTSWANA;MGA;24611931.081272088
597;AFLYY;IRAQ;ZWL;3758632.7414320656
598;AFLYY;ARGENTINA;SEK;14620.339823989128
599;AFLYY;ETHIOPIA;JOD;7595.013097409089
600;AFLYY;SOLOMON ISLANDS;CNY;90587.26184852763
601;AFLYY;COSTA RICA;SDG;1010938.5294246832
602;AFLYY;EL SALVADOR;IDR;3517975.077332258
603;AFLYY;NEW ZEALAND;BIF;6864529.070244722
604;AFLYY;GAMBIA;QAR;19079.20226012462
605;AFLYY;BERMUDA;LRD;916900.9210433121
606;AFLYY;ALGERIA;EGP;82809.65862415425
607;AFLYY;NORWAY;PHP;380764.8461166371
608;AFLYY;UKRAINE;AZN;2664.6006429197037
609;AEKVV;URUGUAY;BZD;14504.703691213686
610;AEKVV;SAO TOME AND PRINCIPE;SAR;34961.62689064843
611;AEKVV;MADAGASCAR;CLP;1793711.1807059809
612;AEKVV;ICELAND;MUR;444057.9776826738
613;AEKVV;KUWAIT;PHP;51823.59023716407
614;AEKVV;INDONESIA;KES;1213368.2891481745
615;AEKVV;ISRAEL;NAD;137263.88304160812
616;AEKVV;SWEDEN;TND;35058.36953226759
617;AEKVV;MAURITIUS;IRR;193527281.27021563
618;AEKVV;IRAN (ISLAMIC REPUBLIC OF);YER;1553060.5304375794
619;AEKVV;SINGAPORE;TZS;6573574.006609111
620;AEKVV;SOLOMON ISLANDS;ARS;1563116.493199097
621;AEKVV;HONDURAS;PKR;807376.4672006494
622;AEKVV;NIGERIA;BDT;1135362.2478144378
623;ABGLZ;HONG KONG;BRL;6843.841411314368
624;ABGLZ;DOMINICAN REPUBLIC;MXN;93109.55607347119
625;FMWWZ;NETHERLANDS ANTILLES;PAB;2515.4707710959506
626;FMWWZ;KENYA;KYD;5313.660508067965
627;FMWWZ;DOMINICA;VES;12261.338713379053
628;FMWWZ;AZERBAIJAN;CLP;8016250.845093349
629;FMWWZ;PERU;NPR;686496.0994308973
630;FMWWZ;ARGENTINA;ZWL;6748076.9440098
631;FMWWZ;ISRAEL;BGN;18911.344596798437
632;FMWWZ;ETHIOPIA;ISK;792962.7445278957
633;FMWWZ;THAILAND;IDR;163884480.9619411
634;FMWWZ;TURKEY;SRD;61940.7259532835
635;AVY33;BELARUS;BOB;16092.764643491295
636;AVY33;PERU;XPF;121127.67463976142
637;AVY33;FRENCH POLYNESIA;BSD;1992.249043673138
638;AVY33;IRAQ;IDR;20242139.812512767
639;AVY33;MADAGASCAR;THB;116461.19024182085
640;AVY33;MAURITIUS;JPY;438354.63117269916
641;AVY33;POLAND;GHS;-209.01164873471666
642;AVY33;ANGOLA;UGX;22259984.829392884
643;AVY33;ROMANIA;MYR;24512.24445973682
644;FFLVb;EURO;HNL;362086.7161986926
645;FFLVb;IRAQ;HUF;9548864.856417421
646;FFLVb;ICELAND;PES;1647627.758274629
647;FFLVb;NEPAL;YER;3629718.693102324
648;FFLVb;COLOMBIA;ETB;886574.7893402925
649;FFLVb;SYRIAN ARAB REPUBLIC;BDT;2686664.3771776627
650;FFLVb;VENEZUELA;PYG;84544853.36994745
651;FFLVb;GUATEMALA;AWG;29796.164308481606
652;FFLVb;ICELAND;TOP;54320.610015151215
653;FFLVb;JAPAN;GNF;57950184.947195254
654;DLV33;EURO;JMD;275954.85956348624
655;DLV33;COLOMBIA;AED;10530.316158080335
656;DLV33;QATAR;PKR;868400.2936632885
657;DLV33;CANADA;NGN;1717908.638780629
658;DLV33;QATAR;HNL;15116.410332100782
659;DLV33;HONG KONG;LVL;1599.770496568508
660;GGLXZ;NORWAY;XOF;15412888.454904843
661;GGLXZ;LEBANON;IDR;3046672.2227461557
662;GGLXZ;EGYPT;KZT;6273768.812955963
663;GGLXZ;SOMALIA;LBP;7927540.30926661
664;GGLXZ;PAKISTAN;PES;7020027.841723678
665;GGLXZ;DJIBOUTI;COP;357429163.724971
666;GGLXZ;FRENCH POLYNESIA;RON;232687.0182115194
667;GGLXZ;BERMUDA;GTQ;445734.5478308083
668;GGLXZ;BARBADOS;MMK;127365867.32013182
669;GGLXZ;ARUBA;SAR;101168.78440939922
670;GGLXZ;NIGERIA;AUD;39478.579811943186
671;GGLXZ;LATVIA;PES;7152866.79651612
672;GGLXZ;PAKISTAN;HRK;417959.36744620866
673;GGLXZ;ARUBA;ILS;194145.84553255132
674;GGLXZ;KAZAKHSTAN;MOP;54365.28099762131
675;DEYZ1;SWITZERLAND;XOF;165170.504265015
676;DEYZ1;FIJI;MYR;-261.6483150068735
677;DEYZ1;HAITI;MGA;18676.4864237309
678;DEYZ1;PANAMA;GMD;408855.7541157149
679;DEYZ1;HUNGARY;BBD;1701.3639649123704
680;DEYZ1;INDIA;NIO;97350.29711181302
681;DEYZ1;BOTSWANA;MAD;39767.81211660001
682;DEYZ1;NORWAY;QAR;25968.969801487714
683;DEYZ1;INDONESIA;GBP;4217.694088578307
684;DEYZ1;MYANMAR;WST;11266.759960146283
685;DEYZ1;SURINAME;HTG;358858.23931079113
686;DEYZ1;KUWAIT;CLP;7414747.398605042
687;DEYZ1;SWITZERLAND;GMD;88013.8015276883
688;DEYZ1;MALAYSIA;PLN;6266.7065323235765
689;DEYZ1;ZIMBABWE;THB;29748.03813568004
690;DEYZ1;CZECH REPUBLIC;TRY;116474.94245944843
691;DEYZ1;PHILIPPINES;SZL;148448.52223480368
692;DEYZ1;BOLIVIA;CYP;3417.990440177298
693;DEYZ1;BERMUDA;SBD;9588.533380922618
694;EEEIW;URUGUAY;IDR;216391618.83632007
695;HHWa1;SAUDI ARABIA;ETB;205943.4764073066
696;HHWa1;GUATEMALA;JPY;224425.9558545053
697;HHWa1;COLOMBIA;GMD;301351.52458691725
698;HHWa1;INDONESIA;QAR;18752.568489154706
699;HHWa1;ARUBA;ISK;929898.9313113937
700;HHWa1;KUWAIT;MUR;101985.498060864
701;DGVX1;BRAZIL;NZD;6881.037241089143
702;DGVX1;GAMBIA;ILS;49212.92505191773
703;DGVX1;JAMAICA;XPF;1163028.3052598343
704;DGVX1;MALAWI;TZS;6747574.641060572
705;DGVX1;SAUDI ARABIA;CNY;95112.31487771825
706;BDX11;ROMANIA;ZAR;28904.355117742896
707;BDX11;BRUNEI DARUSSALAM;IQD;3672959.7663965886
708;BDX11;CAMBODIA;LRD;386037.47216069564
709;BDX11;MAURITIUS;PLN;15584.586369781311
710;BDX11;DJIBOUTI;AWG;1481.0950992412838
711;BDX11;TONGA;SYP;318056.89492944384
712;BDX11;TURKEY;BDT;460619.3184727291
713;BEKV1;CHILE;OMR;3215.1622670436336
714;BEKV1;TRINIDAD AND TOBAGO;EGP;130914.65420509032
715;BEKV1;HAITI;HNL;518687.3217799918
716;BEKV1;HONG KONG;UGX;15993743.98514376
717;BEKV1;BAHRAIN;BZD;30810.894992034056
718;BEKV1;UKRAINE;NIO;523997.3368630758
719;BEKV1;VANUATU;KYD;3569.319982858733
720;BEKV1;LIBERIA;IRR;164135819.63218942
721;BEKV1;EL SALVADOR;CLP;13502190.856443593
722;BEKV1;SAMOA;CLP;13916132.8643687
723;BEKV1;CAYMAN ISLANDS;CRC;8792164.19441341
724;BEKV1;THAILAND;SDG;4675666.018680456
725;BEKV1;BELARUS;LYD;95513.12208856833
726;BEKV1;TURKEY;NAD;236930.22199717557
727;BEKV1;GUATEMALA;TZS;10005903.990414232
728;BEKV1;PANAMA;BSD;9754.462527365791
729;BEKV1;GUATEMALA;ALL;1463177.273743167
730;BEKV1;SOLOMON ISLANDS;GTQ;59661.81163700844
731;BEKV1;BOTSWANA;JMD;2773076.8930184897
732;BEKV1;SINGAPORE;TRY;313713.5843405225
733;AGWW3;THAILAND;BBD;4276.871587678226
734;AGWW3;SAUDI ARABIA;SZL;50006.90878707819
735;AGWW3;MAURITANIA;XPF;303100.85606300354
736;ACY13;JAPAN;TZS;1118533.6516110017
737;ACY13;NICARAGUA;SVC;16711.308437192434
738;ACY13;YEMEN;ZMW;30301.276194910886
739;ACY13;CROATIA;TWD;7161.2263269345785
740;ACY13;NIGERIA;DKK;18483.81365412542
741;ACY13;CANADA;DOP;112424.92094458664
742;ACY13;QATAR;AZN;3575.9868916158625
743;ACY13;UNITED KINGDOM;BYR;28450347.811514292
744;ACY13;BOLIVIA;PGK;1420.3885680254332
745;ACY13;MALDIVES;TTD;2138.976119164657
746;ACY13;SINGAPORE;DZD;55197.27054640356
747;ACY13;LIBYAN ARAB JAMAHIRIYA;BWP;32983.44669993923
748;ACY13;BRUNEI DARUSSALAM;SOS;612259.8541800457
749;ACY13;ISRAEL;JMD;61662.16962127985
750;ACY13;PAKISTAN;SVC;16446.659941367918
751;ACY13;POLAND;MGA;99306.33657943193
752;BEIJK;PHILIPPINES;GBP;1680.9844310972592
753;BEIJK;LATVIA;BZD;612.7437902502643
754;BEIJK;SRI LANKA;SVC;18281.970232719315
755;BEIJK;LAO PEOPLE'S DEMOCRATIC REP;GBP;574.4056948341006
756;BEIJK;UNITED KINGDOM;MZN;42378.327348152045
757;BEIJK;UNITED ARAB EMIRATES;SYP;808314.045449376
758;BEIJK;GUATEMALA;STD;4407127.122957488
759;BEIJK;MOZAMBIQUE;JOD;1347.7689995256437
760;BEIJK;NEPAL;TZS;2831590.9242399293
761;BEIJK;ZIMBABWE;RON;2915.5261964958486
762;BEIJK;CROATIA;MYR;5681.434047848959
763;BEIJK;TRINIDAD AND TOBAGO;TRY;9512.771432359297
764;BEIJK;FRENCH POLYNESIA;MXN;39702.61529679727
765;BEIJK;INDONESIA;PEN;3826.7028054571792
766;BEIJK;CROATIA;XAF;297322.9139064764
767;BDDFW;PHILIPPINES;PGK;52151.564067148945
768;BDDFW;KOREA, REPUBLIC OF;IQD;19920722.329406213
769;BDDFW;PAKISTAN;NGN;7288.852316979605
770;BDDFW;MAURITIUS;VES;301537.91388709407
771;BDDFW;SUDAN;TZS;12695380.066073075
772;BDDFW;SOLOMON ISLANDS;CNY;7561.611894760607
773;BDDFW;ALBANIA;BMD;3517.699661502109
774;BDDFW;SOUTH AFRICA;RSD;328478.51912139676
775;BDDFW;UNITED KINGDOM;JOD;2376.8367554300144
776;AEHHK;COSTA RICA;MVR;51855.08957960683
777;AEHHK;ZAMBIA;WST;1526.3925913976846
778;AEHHK;VENEZUELA;GMD;462384.2319974212
779;AEHHK;MOROCCO;KRW;4937779.251576388
780;AEHHK;HUNGARY;SZL;24238.32811685458
781;AEHHK;PHILIPPINES;GYD;75362.96322428767
782;AEHHK;DENMARK;BYR;197911621.08120972
783;AEHHK;PARAGUAY;AED;4723.78262006854
784;AEHHK;MALAWI;KWD;708.5618112693404
785;AEHHK;RWANDA;BTN;28690.268545500192
786;AEHHK;COSTA RICA;UYU;255314.82929675543
787;AEHHK;MAURITANIA;JMD;570751.1514481376
788;AEHHK;QATAR;LRD;60568.056623663775
789;AEHHK;SRI LANKA;LRD;1106522.4481166527
790;AEHHK;COLOMBIA;MZN;167391.5340230354
791;AEHHK;BELIZE;PLN;6342.832112568241
792;AEHHK;CZECH REPUBLIC;AZN;-14.836770904205437
793;AEHHK;ANGOLA;AOA;3877838.7896053568
794;ABGXc;BELARUS;ZMW;30840.713536321546
795;ABGXc;KUWAIT;ZWL;12727380.039136263
796;ABGXc;QATAR;SGD;18689.38189390814
797;ABGXc;BOLIVIA;GHS;249535.13989318596
798;ABGXc;BULGARIA;BRL;61938.32622311502
799;ABGXc;ARGENTINA;MXN;613949.5940822208
800;ABGXc;OMAN;CVE;2891090.5496498235
801;ABGXc;HAITI;MVR;95006.97119787247
802;ABGXc;ZAMBIA;HUF;8062671.558372134
803;ABGXc;CYPRUS;ARS;228210.09545278564
804;JLXWZ;COLOMBIA;SYP;2644867.6138686305
805;JLXWZ;MEXICO;CYP;249.11564772071233
806;JLXWZ;CANADA;MXN;12777.17705903734
807;JLXWZ;PANAMA;VUV;756646.5283803961
808;JLXWZ;SUDAN;MMK;14993132.504013732
809;JLXWZ;MOROCCO;LBP;9322680.098580291
810;JLXWZ;ALGERIA;GTQ;56811.2431766178
811;JLXWZ;BURUNDI;KWD;44.10501951918814
812;JLXWZ;UGANDA;IQD;9612949.012944225
813;JLXWZ;CYPRUS;GTQ;35690.8821412975
814;JLXWZ;PANAMA;IQD;6118603.8189256275
815;JLXWZ;URUGUAY;VND;134471436.21963832
816;AGLN3;CYPRUS;AUD;5979.139772092466
817;AGLN3;DOMINICA;BWP;143903.80765780676
818;AGLN3;TOGO;ZAR;92367.01910776556
819;AGLN3;GAMBIA;ANG;8213.300679129572
820;AGLN3;BELARUS;NAD;145089.67340590825
821;AGLN3;NAMIBIA;ARS;198773.37875227496
822;AGLN3;SERBIA;NGN;3396073.1883702455
823;AGLN3;HAITI;KHR;30761732.42769093
824;AGLN3;NAMIBIA;TRY;41125.94782525409
825;AGLN3;MAURITANIA;MXN;7220.556744193163
826;AGLN3;ROMANIA;PEN;46091.04782338934
827;AGLN3;NORWAY;TND;43461.04188693452
828;BIMNc;SIERRA LEONE;TND;25484.751643570202
829;BIMNc;SURINAME;SBD;88603.91325121415
830;BIMNc;PAKISTAN;NGN;1963584.5467949384
831;BIMNc;TANZANIA, UNITED REPUBLIC OF;KZT;418805.0023865326
832;BIMNc;COSTA RICA;LAK;142826377.38504845
833;BIMNc;TURKEY;IDR;68715172.58490407
834;BIMNc;MALAYSIA;SLL;104387869.68322258
835;BIMNc;UGANDA;UYU;260514.00084098868
836;DDFM1;MALDIVES;TOP;13612.919986010847
837;DDFM1;MALAYSIA;GMD;399326.99681270856
838;DDFM1;CAYMAN ISLANDS;BTN;502177.7484048793
839;DDFM1;BRAZIL;PHP;458909.5774102698
840;DDFM1;MALAYSIA;RUB;473529.40118998353
841;CCGLZ;NORWAY;GHS;14394.327547137345
842;CCGLZ;LEBANON;HUF;315843.33493466384
843;CCGLZ;SAO TOME AND PRINCIPE;SAR;4074.6713891433023
844;FLZcc;ISRAEL;SEK;122405.16869475637
845;FLZcc;NICARAGUA;BZD;25696.19427485265
846;FLZcc;SWAZILAND;IDR;50692077.136902474
847;FLZcc;SUDAN;DKK;95689.75337594864
848;FLZcc;POLAND;IDR;92107332.81804153
849;FLZcc;BOLIVIA;BSD;7296.373301613107
850;FLZcc;NEW ZEALAND;ISK;688672.9872440028
851;FLZcc;PAKISTAN;XPF;1734600.1882156841
852;FLZcc;INDONESIA;IDR;13095249.284520919
853;FLZcc;ICELAND;BZD;4878.787613290403
854;FLZcc;LIBERIA;KHR;41276910.637323946
855;FLZcc;BOTSWANA;SGD;12143.307663466321
856;FLZcc;CAPE VERDE;RUB;127711.27408592537
857;FLZcc;NIGERIA;BBD;17156.75822885712
