Client;Country;Currency;Transaction
DFFHc;BOLIVIA;IRR;89626052.46754864
DFFHc;SWAZILAND;PEN;43947.43406000527
DFFHc;UNITED KINGDOM;DZD;2056866.5212405412
DFFHc;SWITZERLAND;KZT;5790521.777535313
EGc12;FRENCH POLYNESIA;IRR;149851436.87522417
EGc12;TUNISIA;XPF;870818.4609406418
EGc12;BERMUDA;GMD;995423.9636001443
EGc12;EGYPT;NPR;2361799.292858323
EGc12;HUNGARY;RUB;669445.7119235606
EGc12;BERMUDA;MGA;77053206.92335156
EGc12;NEPAL;HNL;229773.24376953894
EGc12;MALDIVES;NGN;983942.818465294
EGc12;TRINIDAD AND TOBAGO;SYP;7346936.127050268
CCEGV;MALAYSIA;LBP;1194794.2526377484
CCEGV;JORDAN;NIO;21930.76154821119
CCEGV;SWITZERLAND;SGD;781.0036988459165
CCEGV;ZIMBABWE;UGX;2733316.6281181662
CCEGV;KUWAIT;SCR;20760.11225630917
CCEGV;UGANDA;PAB;348.2801299738704
CCEGV;MAURITIUS;CLP;652382.2286485714
CCEGV;SAO TOME AND PRINCIPE;FJD;2208.5908182817057
CCEGV;LIBYAN ARAB JAMAHIRIYA;MUR;77839.06004500086
CCEGV;IRAQ;MMK;3740507.2049680064
CCEGV;BRAZIL;MXN;41733.41171822457
CCEGV;TAIWAN, PROVINCE OF CHINA;BIF;2370128.8550952817
CCEGV;BELIZE;LAK;7289155.077174429
CCEGV;KUWAIT;DZD;91304.53216556013
CCEGV;SOUTH AFRICA;UYU;72925.46420826548
CCEGV;VENEZUELA;COP;8338408.523697925
CCEGV;VIET NAM;BTN;156499.4417428391
CCEGV;RUSSIAN FEDERATION;NAD;32799.17336279783
CCEGV;BELIZE;ZAR;19946.718890326683
CCEGV;PARAGUAY;CNY;9698.50906340581
BEMMW;LEBANON;UAH;21507.654255134286
BEMMW;URUGUAY;AED;3982.5955961646223
BEMMW;HUNGARY;VUV;755452.734467532
BEMMW;ALGERIA;XAF;1233807.7568986637
BEMMW;BOTSWANA;VES;201775.8232075132
BEMMW;GHANA;JPY;1196440.3678746014
EIX11;CZECH REPUBLIC;DKK;1517.540626736312
EIX11;SUDAN;PYG;9495834.301776113
NNXb3;SAUDI ARABIA;RON;9932.98656450081
NNXb3;LATVIA;DKK;214465.03292540347
NNXb3;ALGERIA;TWD;866047.301674254
NNXb3;ROMANIA;CZK;107439.9554105999
CMMcc;MOROCCO;PYG;38669486.063872
CMMcc;ROMANIA;GBP;2088.477886251215
CMMcc;CROATIA;VES;163309.6797719186
CMMcc;KOREA, REPUBLIC OF;AOA;3278077.0617111563
CMMcc;AUSTRALIA;AOA;747077.6836306145
CMMcc;BULGARIA;JPY;431050.0193970935
CMMcc;LAO PEOPLE'S DEMOCRATIC REP;PKR;1687563.8796479984
CMMcc;AZERBAIJAN;GNF;56955850.22927284
CMMcc;MALAWI;MZN;218999.9111106844
CMMcc;SWEDEN;DOP;363526.7044721213
DDEGM;IRAQ;SVC;5712.251277503531
DDEGM;SAO TOME AND PRINCIPE;ZWL;422923.7342710491
DDEGM;SIERRA LEONE;XCD;3846.7272868752493
GGHaa;URUGUAY;SRD;215413.98318312972
GGHaa;ETHIOPIA;THB;241809.1093514344
GGHaa;VIET NAM;DZD;581756.8513046758
GGHaa;PAPUA NEW GUINEA;ZMW;102357.93038328127
GGHaa;BOLIVIA;NIO;34077.83919820318
GGHaa;LEBANON;NPR;351677.14837905474
GGHaa;DOMINICAN REPUBLIC;GBP;3151.098805483627
GGHaa;UKRAINE;STD;15577216.032509292
GGHaa;NEPAL;ARS;491129.0607071687
GGHaa;MALDIVES;VND;73991147.1035018
GGHaa;TAIWAN, PROVINCE OF CHINA;ZAR;74054.92350646123
GGHaa;URUGUAY;AZN;1474.6522042009483
GGHaa;SEYCHELLES;COP;10285862.598926554
GGHaa;HAITI;MWK;46785.07285129935
GGHaa;UKRAINE;LKR;-13351.67982274465
GGHaa;UNITED ARAB EMIRATES;BZD;6259.844911313473
GGHaa;SAO TOME AND PRINCIPE;AED;19298.136003053507
GGHaa;JAPAN;RSD;646932.824302478
GGHaa;NEPAL;MYR;11456.83464187233
GGHaa;MALAYSIA;GTQ;41344.39403653405
AEVXY;SERBIA;RON;9134.121512875814
AEVXY;ISRAEL;UGX;6125270.57248648
AEVXY;CAMBODIA;BBD;793.9981356382025
AEVXY;MALDIVES;NIO;31582.944372420123
AEVXY;PHILIPPINES;TND;7528.00339611061
AEVXY;TRINIDAD AND TOBAGO;CYP;1382.5705678759298
AEVXY;SAO TOME AND PRINCIPE;JPY;191173.0136230432
AEVXY;CZECH REPUBLIC;VUV;208128.32322746946
AEVXY;ETHIOPIA;MGA;2760224.976316404
AEVXY;MAURITIUS;GTQ;10049.759923493375
AEVXY;ROMANIA;GHS;9981.321923155201
AEVXY;MOZAMBIQUE;SDG;728604.2250459619
AEVXY;PAKISTAN;GMD;80967.36455505216
AEVXY;FIJI;TND;2075.903966806259
AEVXY;SWITZERLAND;MAD;21461.853186547818
AEVXY;TANZANIA, UNITED REPUBLIC OF;COP;-38016.3266037443
AEVXY;PAKISTAN;NPR;232470.3359319106
AEVXY;MALDIVES;GBP;2252.904585052401
AEVXY;QATAR;RWF;1931166.936220278
AEVXY;ARUBA;PAB;1675.9769128450703
LMab1;CENTRAL AFRICAN REPUBLIC;BOB;9498.985576999774
LMab1;INDIA;ETB;42691.59070378687
LMab1;NEW ZEALAND;UYU;24996.371400346863
LMab1;UNITED ARAB EMIRATES;PKR;273010.5510788608
LMab1;VIET NAM;AWG;995.8266119148371
LMab1;UKRAINE;GHS;3605.631638065136
LMab1;LEBANON;BSD;1460.403642214598
EEGH1;MEXICO;ZMW;94711.61211040223
EEGH1;ARGENTINA;SZL;76626.84527516036
EEGH1;PERU;RSD;478159.3713340372
EEGH1;EURO;BIF;7368921.404038224
EEGH1;MOZAMBIQUE;YER;1061697.6864049414
EEGH1;BERMUDA;JPY;878715.8256952519
EEGH1;BOLIVIA;PGK;17580.658235883788
EEGH1;SWITZERLAND;IQD;4871923.403970691
EEGH1;BAHAMAS;IRR;255072133.93203625
EEGH1;CHINA;ALL;840441.7720385696
EEGH1;MALAWI;PES;37488.69127742762
EEGH1;JAPAN;SBD;3378.716483463656
EEGH1;COLOMBIA;SBD;46727.33319840671
EEGH1;SAUDI ARABIA;XOF;1210404.2302971447
EEGH1;TONGA;LAK;109100931.04529575
EEGH1;MALAYSIA;AUD;10641.171398991473
EEGH1;POLAND;BND;6309.452116314752
EEGH1;SWEDEN;IDR;60186.432656258854
EEGH1;TUNISIA;AED;27419.626973800106
FFJbb;TUNISIA;BBD;22213.59535408237
FFJbb;SWAZILAND;SZL;225600.77015309152
FFJbb;DOMINICAN REPUBLIC;ZWL;851023.7692917191
FFJbb;MADAGASCAR;BWP;37826.70088206135
FFJbb;SIERRA LEONE;PKR;3841640.8816203135
FFJbb;UKRAINE;LBP;4478174.4488889435
FFJbb;NEW ZEALAND;BRL;86084.96173438143
FFJbb;MALAYSIA;XCD;4884.231529943336
FFJbb;EURO;GNF;45874742.06277336
AAEa3;ETHIOPIA;BND;7696.461224343858
AAEa3;CYPRUS;BTN;2471260.9211472394
AAEa3;FIJI;GBP;41460.63563732365
AAEa3;MACAU;NZD;63319.43062633613
AAEa3;GHANA;TRY;619277.5959370349
AAEa3;CENTRAL AFRICAN REPUBLIC;ZAR;919680.2499501259
CFKLX;COLOMBIA;VES;7717.908397716855
CFKLX;ARUBA;JMD;198869.1417693388
CFKLX;LAO PEOPLE'S DEMOCRATIC REP;SZL;5982.2649018104
CFKLX;JORDAN;INR;10132.468768676561
CFKLX;ROMANIA;CAD;51.50985967647713
CFKLX;UKRAINE;COP;5941069.722375624
CFKLX;TANZANIA, UNITED REPUBLIC OF;HRK;7860.442014018838
CFKLX;SERBIA;FJD;2985.984955958339
CFKLX;NIGERIA;PEN;1913.285874538796
CFKLX;KAZAKHSTAN;NPR;13005.978555037134
CFKLX;NICARAGUA;RON;3637.73236504733
CFKLX;CENTRAL AFRICAN REPUBLIC;RSD;19806.799998454753
CFKLX;PANAMA;ZMW;2646.6416860327968
CFKLX;TUNISIA;BBD;2496.5142379163663
CFKLX;CZECH REPUBLIC;GNF;12612308.429645725
CFKLX;BANGLADESH;PEN;4388.548876542619
BFIZ1;ANGOLA;DZD;69424.79622468322
BFIZ1;CAMBODIA;AED;10104.255697794248
BFIZ1;BRUNEI DARUSSALAM;COP;1388577.0053477816
BFIZ1;BULGARIA;PLN;18124.53737198239
BFIZ1;EGYPT;PES;46954.83332166926
BFIZ1;PHILIPPINES;EUR;5499.054905874349
BFIZ1;SINGAPORE;CYP;3048.5133923861454
BFIZ1;MACAU;SAR;15355.067272016762
EGHKV;MALDIVES;NIO;-849.615782392945
EGHKV;SOMALIA;PKR;2079558.8945591738
EGHKV;MEXICO;PLN;6540.860190246132
EGHKV;BAHAMAS;GTQ;81281.81778663649
EGHKV;LAO PEOPLE'S DEMOCRATIC REP;GTQ;28760.315750657137
EGHKV;SEYCHELLES;PAB;2634.434109932077
EGHKV;HONG KONG;IQD;16169481.831450129
EGHKV;NICARAGUA;GBP;4284.17475070663
EGHKV;NIGERIA;BRL;3895.6805817234144
EGHKV;UKRAINE;IDR;115957926.50461064
EGHKV;BRAZIL;PLN;16571.210017053832
EGHKV;BOTSWANA;BGN;10681.68530574578
EGHKV;BRAZIL;UAH;251125.22413639666
EGHKV;JAMAICA;RWF;2362420.8121442813
CIXYc;LEBANON;UAH;15346.213436608212
CIXYc;PANAMA;HTG;93220.33542872794
CIXYc;MADAGASCAR;UGX;9606081.593772752
CIXYc;UKRAINE;ETB;207921.8365267396
CIXYc;ARGENTINA;LRD;40820.81021288949
CIXYc;URUGUAY;HKD;-226.0668283444654
DDDIY;MYANMAR;AZN;29965.023240009556
DDDIY;ISRAEL;BOB;150807.12909723952
DDDIY;QATAR;SZL;165428.8223956719
DDDIY;CHILE;SLL;147296358.38977605
DDDIY;ETHIOPIA;AED;97484.5751236125
DDDIY;DOMINICA;IDR;126753589.84027655
DWa33;MALDIVES;GNF;42998713.9118908
DWa33;CENTRAL AFRICAN REPUBLIC;DZD;134526.7920375378
DWa33;MOZAMBIQUE;NPR;221450.988687579
DWa33;TRINIDAD AND TOBAGO;BZD;3938.898208437852
DWa33;BERMUDA;BOB;34434.55666665544
DWa33;CAMBODIA;MVR;104139.69140707061
DWa33;BANGLADESH;LYD;24413.723028095388
DWa33;TOGO;WST;3052.0497340051047
HNYYZ;CHILE;LBP;3061838.329813702
HNYYZ;PERU;CYP;2650.416688770793
HNYYZ;EGYPT;DZD;232340.13838197317
HNYYZ;SOLOMON ISLANDS;NGN;812878.2378062917
HNYYZ;URUGUAY;ETB;259249.477911901
HNYYZ;UGANDA;MWK;2130371.19808115
HNYYZ;ANGOLA;CLP;3510761.2722182265
HNYYZ;BELIZE;MVR;68920.10350419067
HNYYZ;SINGAPORE;ARS;52342.113905702565
HNYYZ;PAKISTAN;RSD;248036.7707527232
HNYYZ;MAURITANIA;KHR;13388998.488621617
HNYYZ;NORWAY;PHP;274796.4022010521
HNYYZ;DENMARK;MVR;28491.63287881576
HNYYZ;EL SALVADOR;NGN;906078.7396389077
BBKWc;VIET NAM;PLN;114490.0135203526
BBKWc;GHANA;RSD;3517338.6695113843
BBKWc;FIJI;SEK;35712.90681748882
BBKWc;CZECH REPUBLIC;ARS;6607707.995380564
BBKWc;MAURITANIA;TND;93034.34127113523
BBKWc;SIERRA LEONE;LRD;1094076.2559316477
BBKWc;SEYCHELLES;KES;1389914.5374070974
BBKWc;ANGOLA;VND;55560478.46482741
BBKWc;AZERBAIJAN;XCD;4807.302714097801
BBKWc;CAMBODIA;NGN;3147753.8102081446
BBKWc;NIGERIA;CYP;16808.414828721547
BBKWc;TONGA;JOD;6908.760491997061
BBKWc;PAKISTAN;GBP;2547.743048771526
BBKWc;COLOMBIA;DJF;3381346.8815844585
BBKWc;AZERBAIJAN;MGA;33555975.057934485
BBKWc;SAO TOME AND PRINCIPE;LKR;5753909.845594687
BBKWc;ZAMBIA;BHD;8758.248030382169
GLMVW;MALAWI;STD;549593834.945347
GLMVW;ISRAEL;XOF;12531136.459492657
GLMVW;POLAND;JPY;477682.12772171287
GLMVW;LIBYAN ARAB JAMAHIRIYA;TRY;335121.48908516415
GLMVW;MAURITANIA;LBP;38722685.28712144
GLMVW;BELIZE;PGK;59618.65187992865
GLMVW;NORWAY;IQD;11401898.934961883
GLMVW;DOMINICAN REPUBLIC;EGP;276814.32477941527
GLMVW;VENEZUELA;TWD;902511.7627026935
GLMVW;BRUNEI DARUSSALAM;PYG;135936423.1927225
GLMVW;TURKEY;MUR;495204.44569093303
GLMVW;NEPAL;PLN;79483.23251617725
GLMVW;SOMALIA;SEK;103193.01943893252
GLMVW;VIET NAM;SEK;22078.506484608817
GLMVW;BOLIVIA;INR;981835.426701415
GLMVW;DJIBOUTI;LRD;4530009.5898709465
GLMVW;GUATEMALA;MVR;136353.38035947093
AKYab;SAO TOME AND PRINCIPE;STD;20832373.258297347
AKYab;HUNGARY;SZL;2133.843737795325
AKYab;GUINEA;IQD;27475.34316190794
AKYab;BAHAMAS;IDR;11059379.10145383
AKYab;SERBIA;BZD;1766.7261955582085
AKYab;SWITZERLAND;IQD;621756.8397009538
AKYab;BULGARIA;BWP;4715.562141716706
AKYab;FIJI;PLN;3647.798358988121
AKYab;UNITED KINGDOM;TWD;10114.96049619711
AKYab;VANUATU;HRK;9648.456358034284
AKYab;MAURITANIA;AWG;2070.282757458644
AKYab;BULGARIA;BHD;39.72474237740826
AKYab;SAMOA;CNY;8395.13404409385
AKYab;QATAR;CRC;69494.94282717747
AKYab;ANGOLA;JOD;115.32049446013934
AKYab;BULGARIA;OMR;481.4744992505815
AKYab;MAURITANIA;MVR;18407.456407942187
AKYab;MEXICO;BWP;17994.64321515759
AKYab;EURO;VND;34297298.55585953
AKYab;LIBYAN ARAB JAMAHIRIYA;SZL;12322.162195943785
CEJVY;BRUNEI DARUSSALAM;RWF;5390371.178126859
CEJVY;PAPUA NEW GUINEA;PAB;4293.958167351034
CEJVY;UGANDA;VES;730.0688771467557
CEJVY;PERU;SGD;3014.142581411676
CEJVY;PAPUA NEW GUINEA;MUR;68930.61984035658
CEJVY;COLOMBIA;TND;3713.3329751318624
CEJVY;SAO TOME AND PRINCIPE;JOD;399.64070390516747
CEJVY;MOROCCO;LVL;5408.313455040576
CEJVY;SEYCHELLES;TTD;22410.731989041346
CEJVY;CHILE;PHP;131468.09544381304
CEJVY;SWEDEN;PAB;4492.194592811413
CEJVY;KENYA;SRD;145304.97035968947
CEJVY;PERU;PYG;62708724.70548461
CEJVY;MALAWI;VND;16069197.155559119
CEJVY;GAMBIA;AED;21782.727606064287
CEJVY;PAKISTAN;ZWL;699197.9108078582
CEJVY;GUINEA;GMD;530116.1863336852
CEJVY;MADAGASCAR;XCD;12494.396532270977
CEJVY;CAPE VERDE;VND;86699932.8312083
AEVa2;SAUDI ARABIA;YER;6583536.600227266
AEVa2;KOREA, REPUBLIC OF;SAR;131194.33619379898
AEVa2;LIBYAN ARAB JAMAHIRIYA;BOB;99291.80267289479
AEVa2;LATVIA;SGD;19657.03066887489
AEVa2;URUGUAY;DZD;1577859.203483787
AEVa2;KAZAKHSTAN;UAH;134845.49687509192
EGIK2;BARBADOS;LBP;9492883.706423227
EGIK2;COSTA RICA;DJF;1278394.1407300495
EGIK2;PAPUA NEW GUINEA;LKR;1915115.1781593438
EGIK2;SOUTH AFRICA;TTD;19999.137041221664
EGIK2;TONGA;GMD;342427.3794314873
EGIK2;PAPUA NEW GUINEA;PAB;4465.443794152689
EGIK2;PERU;BWP;39503.94479630405
EGIK2;EGYPT;THB;242752.47354517865
FKMMN;BANGLADESH;ILS;24971.69940304415
FKMMN;CROATIA;GHS;103637.5180440655
FKMMN;ROMANIA;CYP;4994.36632782301
FKMMN;BAHAMAS;ETB;269320.96356718475
FKMMN;CAYMAN ISLANDS;RON;47413.0297542165
FKMMN;POLAND;GYD;448637.4382138309
FKMMN;BRAZIL;KWD;1569.5854903556144
FKMMN;CAYMAN ISLANDS;GMD;708987.6891364559
FKMMN;PARAGUAY;RON;66418.02113985717
FKMMN;KENYA;AUD;1198.2399878850015
FKMMN;CAPE VERDE;PLN;26007.745046092838
FKMMN;ARUBA;FJD;13030.383061564247
FKMMN;ISRAEL;MVR;56426.22318500598
FKMMN;SRI LANKA;RWF;3736859.182122099
FKMMN;ANGOLA;AZN;23366.271639968974
FKMMN;VANUATU;CNY;98696.5802493833
FKMMN;MAURITIUS;EUR;100.40267355109197
FKMMN;MALAYSIA;TND;3534.18839692759
FKMMN;FRENCH POLYNESIA;CNY;35905.4163794483
FKMMN;NORWAY;VES;103107.67860357977
FLb33;PERU;SRD;144702.2817374487
FLb33;PARAGUAY;DZD;619967.4727325116
FLb33;SURINAME;SBD;10753.651629743785
FLb33;MACAU;IDR;9099435.547118757
FLb33;BRUNEI DARUSSALAM;HRK;1629.115038381452
FLb33;CAMBODIA;ZAR;84134.0576412925
FLb33;SWITZERLAND;KHR;12731484.964404784
FLb33;RWANDA;XPF;233893.5151041227
FLb33;COLOMBIA;KES;162782.15256170282
FLb33;ZAMBIA;INR;41021.198782383704
FLb33;ZAMBIA;BOB;41690.83759729786
FLb33;BOTSWANA;GBP;6088.321703374131
FLb33;YEMEN;BGN;4416.2896978810095
FLb33;BHUTAN;BWP;21491.51041136349
FLb33;BULGARIA;GNF;26004054.054096863
FLb33;OMAN;AUD;3787.989621019468
FLb33;BARBADOS;PES;1180460.39463805
FLb33;MYANMAR;SZL;15708.251525092921
EIWYb;PARAGUAY;DJF;1415682.102308481
EIWYb;JAMAICA;LKR;5222587.380222103
EIWYb;HONG KONG;HKD;110241.21149777743
EIWYb;NETHERLANDS ANTILLES;WST;25326.792004806764
EIWYb;BULGARIA;ETB;598181.0150033672
BCGH3;SWEDEN;RON;53525.78235997472
BCGH3;MACAU;SEK;64638.00422788946
BCGH3;LAO PEOPLE'S DEMOCRATIC REP;MGA;11582085.74202081
BCGH3;HAITI;LKR;3655409.331646803
BCGH3;BULGARIA;OMR;2210.9532437105486
EFHH1;ZIMBABWE;RUB;488067.34390412463
EFHH1;THAILAND;XPF;1088065.7886816158
EFHH1;MALDIVES;HNL;6356.730210098423
EFHH1;UKRAINE;THB;385451.28514544567
EFHH1;PERU;DKK;56086.02823070195
EJJLb;FIJI;TOP;162996.0146397321
EJJLb;MADAGASCAR;COP;676790322.160682
EJJLb;CZECH REPUBLIC;SEK;367672.594562265
EJJLb;POLAND;TND;-4864.369334082149
EJJLb;EL SALVADOR;BWP;1307693.1790395458
EJJLb;NEW ZEALAND;XCD;405667.7130281066
EJJLb;MAURITANIA;SVC;1125104.6743519385
EJJLb;CAMBODIA;BOB;32569.06878945979
EJJLb;OMAN;ANG;5389.632619571096
EJJLb;ARGENTINA;SLL;1261196870.5826418
EJJLb;SURINAME;EGP;2552112.26107991
EJJLb;SIERRA LEONE;GHS;1443367.6510147818
BDKc1;NICARAGUA;HKD;13109.661078556266
BDKc1;DJIBOUTI;RWF;935613.3040192537
BDKc1;SRI LANKA;BWP;19222.27027028476
BDKc1;MACAU;GBP;1014.6459333284674
BDKc1;URUGUAY;HUF;424671.2420615051
BDKc1;HUNGARY;CZK;13813.836401027937
BDKc1;MALAWI;SZL;9769.052661968944
BDKc1;CYPRUS;JMD;19451.86858089758
BDKc1;DJIBOUTI;PES;453801.2101905112
BDKc1;ANGOLA;STD;4650978.700060969
BDKc1;TUNISIA;RUB;19471.878772748114
BDKc1;UGANDA;KWD;85.45201734003214
BDKc1;BAHRAIN;NZD;3375.142287600383
BDKc1;MALAYSIA;PHP;128317.46665828812
BDKc1;POLAND;SVC;3562.575642751952
BDKc1;CANADA;RON;9534.541228909913
BDKc1;CHINA;PYG;8646605.4283422
BDKc1;RUSSIAN FEDERATION;COP;3567926.139392633
DEJVY;VENEZUELA;JPY;432232.90196962387
DEJVY;SERBIA;ILS;13264.025365810785
DEJVY;SOMALIA;BSD;8912.644094262436
DLVa2;INDIA;EGP;91258.12125142828
DLVa2;CHILE;GYD;5654362.477859513
DLVa2;ANGOLA;DZD;1335880.7429721924
DLVa2;COLOMBIA;BOB;22392.602230928627
DLVa2;LAO PEOPLE'S DEMOCRATIC REP;VND;651824480.7189041
DLVa2;IRAN (ISLAMIC REPUBLIC OF);NPR;3047880.67760279
DLVa2;KENYA;HRK;188074.05026827185
DLVa2;SOMALIA;ETB;1430050.7664479553
DLVa2;BURUNDI;GNF;118744762.45746274
DLVa2;TURKEY;UGX;37149378.33010894
DLVa2;VANUATU;RUB;212635.14442612923
DLVa2;SEYCHELLES;CVE;2031511.3813440406
DLVa2;HAITI;VUV;2606468.939744472
DLVa2;PARAGUAY;TRY;285499.6598115384
DLVa2;SOUTH AFRICA;BTN;2148856.8832949023
BBFHI;KAZAKHSTAN;MMK;9780556.753547704
BBFHI;KENYA;TND;35310.646669328984
BBFHI;SWAZILAND;PYG;54959358.492956415
BBFHI;MOZAMBIQUE;TTD;43353.53676459033
BBFHI;TRINIDAD AND TOBAGO;MOP;74840.73671582923
BBFHI;DOMINICAN REPUBLIC;NIO;398095.19070339133
BBFHI;GUATEMALA;AZN;4089.797610520754
BBFHI;DOMINICAN REPUBLIC;RSD;19351.449831423728
BBFHI;MOROCCO;KYD;1758.2831676538542
BBFHI;ANGOLA;FJD;24930.413927193327
BBFHI;MOZAMBIQUE;ZWL;6213576.379665857
BBFHI;MADAGASCAR;MGA;49336513.98776263
GXc23;ISRAEL;GNF;38787754.84043437
GXc23;BELIZE;AUD;9023.695707862313
GXc23;IRAQ;TND;13142.252190564755
GXc23;MALAYSIA;DZD;159808.3170512484
GXc23;PANAMA;PES;1603534.482124373
GXc23;MYANMAR;SEK;69473.62421041138
GXc23;KAZAKHSTAN;HTG;1008702.2308125277
GXc23;DENMARK;YER;7440.130108016848
GXc23;MAURITIUS;JPY;1091211.1101925666
GXc23;CHINA;EGP;315569.3249392377
GXc23;HONDURAS;NAD;125016.65409540718
GXc23;GUATEMALA;KRW;9196157.722344149
BEKbc;COLOMBIA;LRD;189925.87171056357
BEKbc;COLOMBIA;PKR;195877.15000911785
BEKbc;SERBIA;SLL;24336046.885228932
BEKbc;BHUTAN;SRD;129867.95249873906
BEKbc;COLOMBIA;HRK;8066.45146365161
BEKbc;ALGERIA;BIF;4209223.805194601
BEKbc;CZECH REPUBLIC;MGA;23499637.658473343
BEKbc;SAO TOME AND PRINCIPE;UYU;17751.061560485337
BEKbc;CENTRAL AFRICAN REPUBLIC;SOS;2536439.439494381
BEKbc;VENEZUELA;ILS;7890.272483113378
NNb11;HONG KONG;ARS;1459054.7584803195
NNb11;CENTRAL AFRICAN REPUBLIC;BMD;1535.1202481394785
NNb11;ZAMBIA;CHF;4010.4678975540546
NNb11;SOUTH AFRICA;CZK;104061.07822502052
NNb11;GHANA;PKR;1480080.6752708023
NNb11;GUINEA;WST;4303.232817462854
NNb11;GAMBIA;AUD;2652.066447503032
NNb11;DJIBOUTI;ZMW;95989.85814589354
NNb11;COSTA RICA;PKR;375043.0670369454
NNb11;LIBERIA;HUF;2755213.598672549
NNb11;TANZANIA, UNITED REPUBLIC OF;VUV;172825.6376055118
NNb11;UNITED KINGDOM;BBD;14014.27684187674
NNb11;YEMEN;SYP;2055246.0995789743
NNb11;DJIBOUTI;CRC;314317.53253321577
NNb11;CROATIA;ETB;349007.4455011397
NNb11;HUNGARY;BRL;11208.366581044655
NNb11;ISRAEL;CVE;290182.5161741691
DWabb;CROATIA;AWG;23047.65980845472
DWabb;LIBYAN ARAB JAMAHIRIYA;SEK;118774.56030477941
DWabb;ANGOLA;NGN;4547963.56491786
DWabb;INDONESIA;TRY;108116.12472660441
DWabb;KENYA;SYP;535053.2118015516
DWabb;ETHIOPIA;VES;241792.2201360913
DWabb;CAYMAN ISLANDS;SDG;5186161.102901636
DWabb;SAMOA;BTN;108173.7202776154
DWabb;MOROCCO;DZD;1790779.0417149859
DWabb;ISRAEL;ILS;34770.08310514804
DWabb;SINGAPORE;BIF;4732783.850537238
DWabb;TURKEY;UYU;345744.07352677576
DWabb;JAMAICA;TTD;90518.7024907184
DWabb;KUWAIT;ISK;216008.68466779133
DWabb;CAPE VERDE;AWG;1890.5687869338822
DWabb;CHILE;MMK;14932663.524337916
DWabb;HUNGARY;VND;81961112.79060318
DWabb;IRAN (ISLAMIC REPUBLIC OF);MAD;125513.06426705254
DWabb;MALAWI;DZD;1016061.6961947273
AIKK3;HONDURAS;RWF;1977636.3571032654
AFGKa;SIERRA LEONE;DKK;105067.64759129779
AFGKa;ALGERIA;MOP;52735.60321775548
NNNYc;MAURITANIA;JPY;510645.8856886217
NNNYc;TOGO;NAD;106061.3448682744
BMNX3;UNITED ARAB EMIRATES;KES;2097612.783844719
BMNX3;EURO;AUD;348.9431245799348
AFKYc;CHILE;CNY;103178.81045396283
AFKYc;GUINEA;ZWL;14958593.21583865
AFKYc;GUYANA;KES;2775841.2903526546
AFKYc;LATVIA;IRR;285834596.55707127
AFKYc;OMAN;MWK;6052448.540887193
AFKYc;MALAWI;ETB;185073.33865865823
AFKYc;BARBADOS;JMD;1609011.277632263
AFKYc;SUDAN;IRR;741304901.261466
AFKYc;SYRIAN ARAB REPUBLIC;BND;23425.935892373753
AFKYc;HAITI;XOF;8097835.363463678
AFKYc;INDIA;TTD;94056.38446678543
AFKYc;SINGAPORE;NIO;823696.8625877515
AFKYc;NEW ZEALAND;JOD;9768.831453759252
AFKYc;SAUDI ARABIA;SEK;247665.84763928418
AFKYc;BOLIVIA;INR;1472213.0191414703
AFKYc;LAO PEOPLE'S DEMOCRATIC REP;NPR;1724884.7466045718
AFKYc;POLAND;MUR;666248.8843685294
AFKYc;THAILAND;CVE;409471.09485520975
AFKYc;TURKEY;VES;107574.30068036653
AFKYc;MALDIVES;IQD;9936375.606301177
BZZZc;DOMINICAN REPUBLIC;EUR;14971.932170455586
BZZZc;TONGA;BHD;6856.624904479174
BZZZc;MAURITIUS;NAD;494961.27119421883
DEGVY;BOTSWANA;LKR;2472011.118467915
DEGVY;DENMARK;UAH;171020.20729541595
DEGVY;RUSSIAN FEDERATION;MUR;65970.10991494746
DEGVY;BURUNDI;CHF;1216.9412247731948
DEGVY;UGANDA;LKR;2714095.7081889594
DEGVY;PHILIPPINES;GMD;69419.18782922246
DEGVY;JAPAN;DZD;665453.9000009786
DEGVY;MEXICO;GBP;4225.631102894238
DEGVY;SIERRA LEONE;NPR;148621.85054988164
DEGVY;NAMIBIA;CAD;6700.543132841405
DEGVY;SUDAN;TWD;28787.339138883126
DEGVY;BURUNDI;SEK;3289.138639336426
DEGVY;HUNGARY;XAF;2022728.626086145
ZZZZ2;MEXICO;BIF;462497.8787900783
ZZZZ2;OMAN;STD;59451805.64935663
ZZZZ2;OMAN;ZWL;476145.3317235501
ZZZZ2;HAITI;BRL;374.2855949346318
ZZZZ2;CENTRAL AFRICAN REPUBLIC;LRD;-5508.7652404317105
ZZZZ2;MALAWI;RUB;24375.49413719137
ZZZZ2;BHUTAN;BMD;3999.7187125297164
ZZZZ2;UKRAINE;PES;410107.3071529773
ZZZZ2;HAITI;TTD;21138.12923083362
ZZZZ2;CYPRUS;LVL;2200.183515055161
ZZZZ2;LAO PEOPLE'S DEMOCRATIC REP;MUR;14361.664269764533
ZZZZ2;MADAGASCAR;XAF;3514662.7961197216
ZZZZ2;BOTSWANA;UYU;97112.69807360898
ZZZZ2;VIET NAM;UGX;404368.94284798007
ZZZZ2;AUSTRALIA;BRL;24049.684207858594
ZZZZ2;MALAWI;SOS;959855.9529281028
ZZZZ2;ZIMBABWE;MMK;12892095.673885893
DDEKc;SAO TOME AND PRINCIPE;BSD;9174.062487588608
DDEKc;SERBIA;BHD;2403.8570785378183
DDEKc;MOROCCO;BHD;6775.685118052863
DDEKc;SERBIA;BRL;52885.94188399285
DDEKc;MAURITIUS;MWK;11370108.889735607
DDEKc;HUNGARY;THB;533179.8320290961
DDEKc;MOZAMBIQUE;PLN;56174.413102301834
DDEKc;PAKISTAN;SLL;85443304.91473706
DDEKc;NORWAY;TZS;38063901.39458045
DDEKc;FRENCH POLYNESIA;PHP;1136640.5166126112
DDEKc;POLAND;RWF;23231742.36225687
DDEKc;KAZAKHSTAN;ANG;12054.485205226785
DDEKc;COSTA RICA;VND;498601458.8706958
DDEKc;TURKEY;ILS;57020.600895071184
DDEKc;LATVIA;PAB;-47.62997541868906
DDEKc;HUNGARY;ARS;1936795.5039041298
DDEKc;KENYA;VUV;2580162.6981496485
GLLXY;NETHERLANDS ANTILLES;COP;2032301.2293806204
GLLXY;VENEZUELA;MAD;36740.17017852803
GLLXY;ARUBA;MWK;1831209.1504994372
GLLXY;MACAU;COP;5659372.378228405
GLLXY;DOMINICAN REPUBLIC;JPY;691938.874180276
GLLXY;ARGENTINA;CLP;3104764.8784940676
GLLXY;EGYPT;AED;2673.762718397442
GLLXY;SEYCHELLES;MAD;48565.37844064031
GLLXY;ICELAND;LYD;11276.906494657238
EGJNN;NEW ZEALAND;BMD;4762.399482217886
EGJNN;BULGARIA;DZD;668317.5316096119
EGJNN;TAIWAN, PROVINCE OF CHINA;GBP;10921.79780154786
EGJNN;MADAGASCAR;MYR;70544.96894359557
EGJNN;PAPUA NEW GUINEA;HUF;4343495.362653662
EGJNN;SRI LANKA;MWK;11257499.564344648
EGJNN;MALAYSIA;ILS;37780.77745808657
EGJNN;VANUATU;HKD;-366.7439133393314
EGJNN;MALDIVES;IRR;216757948.29154342
EGJNN;LIBERIA;GTQ;92040.74074752555
EGJNN;VIET NAM;AED;9647.613540526952
EGJNN;MALAWI;LVL;5764.399740227194
EGJNN;SIERRA LEONE;ETB;304851.8778842576
EGJNN;EGYPT;TOP;14692.9905567733
EGJNN;CYPRUS;IQD;19352338.33660276
EGJNN;RUSSIAN FEDERATION;RWF;16017565.959565548
EGJNN;GAMBIA;BIF;23394855.57999121
EGJNN;MEXICO;LRD;164330.71028188875
EGJNN;EGYPT;TND;3520.744152029869
FLVY2;OMAN;MYR;87744.47246743145
FLVY2;EL SALVADOR;JMD;154583.68386611025
FLVY2;POLAND;HNL;653478.7782532054
FLVY2;LEBANON;ALL;3028838.023460914
FLVY2;GAMBIA;MGA;74671124.64238869
FLVY2;ZAMBIA;HKD;-702.3883101049107
Gaaa3;YEMEN;LKR;10947317.146382786
Gaaa3;ANGOLA;MGA;20491277.547224842
Gaaa3;COLOMBIA;ILS;64585.21527355952
Gaaa3;MAURITIUS;ZMW;318180.9095170768
Gaaa3;BOLIVIA;MWK;32436254.27664202
Gaaa3;SURINAME;SGD;5900.672759911372
Gaaa3;GHANA;GTQ;108504.7714539142
Gaaa3;DOMINICAN REPUBLIC;SBD;130210.76805136491
Gaaa3;SOLOMON ISLANDS;UAH;505688.1709147255
EIXb1;LIBYAN ARAB JAMAHIRIYA;WST;80639.42028388612
EIXb1;ANGOLA;DJF;2166689.474443176
EIXb1;ANGOLA;MMK;19382694.657602515
EIXb1;PHILIPPINES;AZN;55096.31992952709
EIXb1;VIET NAM;ZWL;17373112.11879846
EIXb1;MALAWI;XPF;830356.5262399234
EIXb1;HONG KONG;LVL;17040.755038465508
EIXb1;ALBANIA;XPF;878100.1167550986
IIXab;SOUTH AFRICA;KYD;12698.525597409001
IIXab;MEXICO;TOP;23220.02400001241
IIXab;ISRAEL;AWG;59740.16014893128
IIXab;CROATIA;JPY;1645495.0810276985
IIXab;CYPRUS;BYR;594876599.0936781
IIXab;PAPUA NEW GUINEA;VES;1133205.807727084
IIXab;BRUNEI DARUSSALAM;RSD;154002.5858012296
IIXab;BRAZIL;BGN;64491.08515937951
IIXab;TUNISIA;DJF;1424909.0497926015
IIXab;UKRAINE;NPR;487613.48154896835
IIXab;ISRAEL;FJD;88190.97082864794
IIXab;HONDURAS;COP;5992716.674019202
IIXab;VENEZUELA;LYD;16087.083692519063
IIXab;PANAMA;CNY;353027.8202233419
IIXab;YEMEN;RON;120257.13731387153
MMVVY;MALDIVES;DJF;177882.78239197415
MMVVY;PAKISTAN;BGN;3872.3029100481635
MMVVY;NAMIBIA;SDG;2059741.1702050345
HNNVW;LAO PEOPLE'S DEMOCRATIC REP;LAK;175100990.28035796
HNNVW;POLAND;GYD;452730.45729787246
HNNVW;ETHIOPIA;BDT;373571.0193397987
HNNVW;PANAMA;SEK;22706.76102024247
HNNVW;MALAWI;NIO;294198.9507969379
HNNVW;SINGAPORE;SZL;149459.80570731804
DKLW2;MADAGASCAR;UAH;167413.8066954622
DKLW2;MALAWI;SAR;36347.91522189032
DKLW2;GUINEA;SYP;6014919.116084908
ACEWZ;ALBANIA;LVL;2714.040077339345
ACEWZ;ZAMBIA;DKK;36760.3527143291
ACEWZ;INDIA;RON;5162.812801675539
ACEWZ;BURUNDI;LRD;1121007.5019465624
ACEWZ;EL SALVADOR;XAF;5733154.022274074
ACEWZ;ISRAEL;AZN;1930.0228181231885
ACEWZ;BHUTAN;LAK;82706972.58509329
ACEWZ;SWITZERLAND;RSD;686482.2580427928
ACEWZ;MADAGASCAR;RWF;1002663.6447189557
ACEWZ;HONG KONG;AED;14803.548237831561
ACEWZ;PERU;MUR;49399.16009930874
ACEWZ;BANGLADESH;BBD;8279.833167849985
ACEWZ;BRUNEI DARUSSALAM;PYG;21739227.575070478
ACEWZ;EURO;CZK;125356.35106778501
ACEWZ;NIGERIA;XCD;10529.638743937388
ACEWZ;ZIMBABWE;LKR;1935011.4576564494
ACEWZ;BRAZIL;BMD;4238.032416447835
ACEWZ;NORWAY;AOA;2621456.926605613
ACEWZ;HONDURAS;AED;33266.87228676495
ACEWZ;TONGA;GHS;121507.88049114091
EEJXW;KOREA, REPUBLIC OF;CHF;3348.230650478036
EEJXW;SOUTH AFRICA;SZL;37105.556736793755
EEJXW;CHINA;BHD;309.54929074684856
EEJXW;JAMAICA;BWP;32978.34523052529
EEJXW;TONGA;CAD;153.15466788483656
EEJXW;MACAU;HKD;16222.842872918854
EEJXW;PERU;NPR;198301.3793391902
EEJXW;JORDAN;MXN;48405.97943524576
EEJXW;HAITI;PAB;3992.6383580845463
EEJXW;RUSSIAN FEDERATION;MWK;11335.263008259402
EEJXW;SOLOMON ISLANDS;DJF;402165.94524112775
EEJXW;NETHERLANDS ANTILLES;NIO;167305.0751612785
EEJXW;FRENCH POLYNESIA;RSD;13204.98766498715
EEJXW;RWANDA;BDT;377289.2094627708
EEJXW;BAHAMAS;SOS;2558244.892800767
EEJXW;SEYCHELLES;EUR;2377.142154500662
EEJXW;MACAU;QAR;17156.079148840483
EEJXW;NICARAGUA;XOF;904581.0658089791
EEJXW;UKRAINE;RUB;61601.66964053602
ACHYZ;EL SALVADOR;AUD;55.753970884311414
ACHYZ;KOREA, REPUBLIC OF;AWG;38.839429447637045
ACHYZ;BANGLADESH;IDR;961113.702361729
ACHYZ;ARGENTINA;NGN;34312.38092252057
ACHYZ;VENEZUELA;MVR;1211.3867444415225
EIVX1;UNITED KINGDOM;BRL;11684.868445076965
EHNY3;BRAZIL;VND;616714138.0604783
EHNY3;VANUATU;SCR;303178.64875522966
EHNY3;AUSTRALIA;ANG;39057.27537491804
EHNY3;CENTRAL AFRICAN REPUBLIC;LAK;331144947.3630153
EHNY3;ANGOLA;PLN;40026.94241285157
EHNY3;OMAN;SDG;11095121.387395147
Z1223;BRUNEI DARUSSALAM;GTQ;7426.5895036749735
Z1223;SRI LANKA;MVR;18804.815415555597
Z1223;SAO TOME AND PRINCIPE;XCD;7480.168371492734
Z1223;TAIWAN, PROVINCE OF CHINA;MMK;7146024.5098654
Z1223;RWANDA;CVE;266153.2286754924
Z1223;KOREA, REPUBLIC OF;BMD;1853.7724193453794
Z1223;MADAGASCAR;SZL;7227.373356470089
Z1223;CAYMAN ISLANDS;GMD;55923.653360973694
Z1223;PARAGUAY;ISK;252807.54677916487
Z1223;AZERBAIJAN;SCR;35359.80008978677
Z1223;SINGAPORE;LBP;7211347.016163534
Z1223;TRINIDAD AND TOBAGO;DKK;37095.9752187764
Z1223;EL SALVADOR;DKK;17232.243903599552
Z1223;RUSSIAN FEDERATION;TZS;1180922.2854983266
Z1223;CROATIA;HTG;686251.3495608285
Z1223;UKRAINE;XOF;2335294.9575715195
Z1223;GAMBIA;VND;77599469.82253884
BJJLY;SOUTH AFRICA;BTN;13429.477580437915
BJJLY;PHILIPPINES;GYD;103327.44907462703
BJJLY;ROMANIA;CRC;239301.3902034051
BJJLY;RUSSIAN FEDERATION;MRO;12464.813366796763
BJJLY;CROATIA;QAR;305.0674190036788
BJJLY;URUGUAY;XPF;32273.95895436641
BJJLY;VENEZUELA;SRD;3947.7318003114697
BJJLY;KOREA, REPUBLIC OF;VND;11614116.943296734
BJJLY;OMAN;VES;4042.9566525007044
BJJLY;BARBADOS;CLP;418018.57124528795
BJJLY;CHILE;KWD;7.9605602764866
BJJLY;JORDAN;KZT;172322.4882696672
BJJLY;CROATIA;BSD;180.265470197844
FGMMY;JAMAICA;PEN;3367.2093912821615
FGMMY;BERMUDA;ISK;673816.0795154083
FGMMY;LIBERIA;AED;16136.747304900364
FGMMY;COLOMBIA;GBP;3652.9708806733393
FGMMY;VANUATU;SLL;111577302.21799219
FGMMY;TUNISIA;PYG;3799002.7568253903
FGMMY;MOROCCO;TOP;10402.993926383071
FGMMY;NEPAL;UAH;115621.40097984539
FGMMY;INDONESIA;TRY;101874.36073813926
FGMMY;SERBIA;PYG;42862194.94565144
FGMMY;JORDAN;MGA;20628317.71599683
FGMMY;SOMALIA;KYD;5619.579411423138
FGMMY;SOUTH AFRICA;COP;18541293.73368912
FGMMY;LIBERIA;KHR;1579409.4181881926
FGMMY;MOZAMBIQUE;SRD;85339.74127829359
FGMMY;RUSSIAN FEDERATION;QAR;12212.464206506544
FGMMY;MACAU;TND;13433.358207568055
FGMMY;CAPE VERDE;ISK;646983.6456385603
FGMMY;CAMBODIA;HNL;68113.62736654267
CHVYc;JAPAN;KHR;4581376.713813575
CHVYc;ALGERIA;GNF;23381324.86930374
CHVYc;KOREA, REPUBLIC OF;BRL;3613.8369262673464
CHVYc;KUWAIT;KES;337104.6121138561
CHVYc;TRINIDAD AND TOBAGO;BDT;120396.97496595002
CHVYc;SYRIAN ARAB REPUBLIC;YER;275739.7590038203
CHVYc;LEBANON;BND;2268.837012369742
CHVYc;SWAZILAND;CYP;442.87156780726013
EKNWZ;LIBERIA;XAF;4494003.765554545
EKNWZ;LEBANON;NOK;141678.73168218424
EKNWZ;SERBIA;TND;71351.93762657252
EKNWZ;EGYPT;KES;3636459.256135785
EKNWZ;BELIZE;AED;91757.56493977708
EKNWZ;SRI LANKA;NAD;391280.0309566625
EKNWZ;BOLIVIA;TWD;133849.48877249565
EKNWZ;JAPAN;SGD;41975.490635745926
EKNWZ;MYANMAR;BRL;19814.636020742273
EKNWZ;SAUDI ARABIA;KRW;28297058.425572626
EKNWZ;YEMEN;NOK;155095.8048984068
EKNWZ;GUINEA;VUV;1949825.6037881637
EKNWZ;MYANMAR;JPY;4450524.539909248
EKNWZ;BANGLADESH;LKR;8026491.529395026
EKNWZ;MOZAMBIQUE;SAR;2837.937350414377
EKNWZ;GUATEMALA;MZN;93404.81102255693
EKK22;GAMBIA;UAH;53615.648550526144
EKK22;YEMEN;NZD;2979.228802828549
EKK22;MOROCCO;MUR;16156.593206523441
EKK22;FRENCH POLYNESIA;CNY;17488.596845656997
EKK22;TOGO;GMD;136492.0494180492
EKK22;ZIMBABWE;BYR;8696549.365615522
EKK22;EL SALVADOR;BBD;3024.5039048713566
EKK22;ANGOLA;TWD;24591.10327224062
EKK22;BRAZIL;IRR;80734029.57545674
EKK22;PHILIPPINES;EGP;30798.92606642025
EKK22;QATAR;ETB;83819.16845009084
EKK22;MALDIVES;XAF;1446945.4403752403
EKK22;KENYA;ARS;170869.25924184814
EKK22;NORWAY;GMD;1607.8287378035593
EKK22;BOTSWANA;INR;45901.87801363632
EKK22;NEPAL;MMK;230885.32137224934
EKK22;SWAZILAND;OMR;558.5786410232596
EKK22;CYPRUS;HRK;4284.543436134658
CJNX2;CENTRAL AFRICAN REPUBLIC;RSD;248097.1280361462
CJNX2;YEMEN;AZN;2413.324259085315
CJNX2;DENMARK;CRC;2294858.8047439237
CJNX2;ETHIOPIA;UGX;35655147.70187918
CJNX2;BERMUDA;ANG;16730.628442987065
CJNX2;BANGLADESH;MVR;86476.14651907669
CJNX2;TONGA;ZMW;66995.87228946376
AEFHW;CROATIA;MWK;17079414.74850252
AEFHW;BHUTAN;MGA;82653772.28548375
AEFHW;MOZAMBIQUE;NPR;1403836.5530858128
AEFHW;EURO;HTG;906971.5653447087
AEFHW;ETHIOPIA;SDG;11756575.361099727
AEFHW;PAPUA NEW GUINEA;GNF;98772132.5328198
AEFHW;IRAQ;SCR;157982.58413611268
AEFHW;CAPE VERDE;PHP;631049.3379307449
AEFHW;MAURITIUS;NGN;9059254.255958308
AEFHW;GUINEA;TOP;21059.203242122785
AEFHW;DOMINICAN REPUBLIC;KHR;63077987.778903745
AEFHW;LATVIA;SYP;438356.64177071734
AEFHW;NORWAY;BBD;35337.486859231
AEFHW;EL SALVADOR;ZMW;16700.049127969596
AEFHW;CHINA;BTN;17238.118847960563
AEFHW;ISRAEL;PYG;20428566.103009153
AADHV;CYPRUS;PYG;726164.609947093
AADHV;ANGOLA;XCD;821.2101729703149
AADHV;SURINAME;PAB;107.83022309638906
AADHV;BELIZE;CLP;100443.30328298747
AADHV;LATVIA;IDR;4237517.061238847
AADHV;SOMALIA;KRW;309519.24960701074
AADHV;BAHAMAS;SDG;86558.67985692411
AADHV;BERMUDA;BBD;210.19224687682026
AADHV;NETHERLANDS ANTILLES;BDT;20670.983985993575
AADHV;KENYA;SBD;1094.563452644336
AADHV;GAMBIA;AOA;119407.12173333908
AADHV;SURINAME;TRY;780.4344106037055
AADHV;TONGA;MMK;287500.869340982
AADHV;SOLOMON ISLANDS;ZWL;78775.891491512
AADHV;TANZANIA, UNITED REPUBLIC OF;EGP;2198.338123615062
AADHV;NICARAGUA;NOK;1906.614821163969
AADHV;BRUNEI DARUSSALAM;LKR;26212.200457479932
AADHV;BRUNEI DARUSSALAM;IRR;8676658.44482106
AADHV;VENEZUELA;SOS;58720.12516382183
AAHHV;ZAMBIA;MRO;1964643.9274641385
AAHHV;MOZAMBIQUE;BND;1665.0738152235986
AAHHV;COLOMBIA;BZD;1165.195418707791
AAHHV;KENYA;LKR;1185816.0973280836
AAHHV;TRINIDAD AND TOBAGO;ZMW;74132.72004101821
AAHHV;LATVIA;SEK;18674.00332338798
AAHHV;UNITED KINGDOM;KRW;4665057.462598207
AAHHV;ETHIOPIA;IRR;-1835146.08154314
AAHHV;AUSTRALIA;XOF;2500846.176637097
AAHHV;SWEDEN;SCR;22377.848791124954
AAHHV;SYRIAN ARAB REPUBLIC;JOD;20.667653737986047
AAHHV;CZECH REPUBLIC;HNL;22389.144279929562
AAHHV;ALGERIA;BBD;6286.989193984211
AAHHV;MYANMAR;SEK;37721.07972443174
AAHHV;MAURITIUS;BDT;281924.6447791867
AAHHV;SWEDEN;RWF;259512.88500712192
AAHHV;SIERRA LEONE;RUB;271688.69285391655
AAHHV;GHANA;BWP;77244.32944445332
AAHHV;CAPE VERDE;UAH;232893.99812444183
AAHHV;JAMAICA;KES;549873.4132760116
LLNWZ;CROATIA;BRL;27512.247301044772
LLNWZ;SRI LANKA;LBP;8699001.12727694
LLNWZ;COLOMBIA;HTG;238338.7533729967
LLNWZ;PERU;MVR;72672.8140094701
CCDJJ;GUYANA;PKR;1210751.80252215
CCDJJ;NIGERIA;AWG;1112.905500041973
CCDJJ;JAMAICA;HNL;127880.52788768224
CCDJJ;ICELAND;NIO;6079.06162422356
CCDJJ;MALAWI;PKR;132177.5244076128
CCDJJ;MOROCCO;RUB;172294.9898156158
CCDJJ;PERU;LRD;309882.3981197263
CCDJJ;ARUBA;UAH;202243.49056214612
CCDJJ;PANAMA;XOF;2618113.146457749
CCDJJ;HONDURAS;ETB;5015.211734884631
CCDJJ;MYANMAR;ZMW;32654.615271498576
CCDJJ;MALAWI;AED;16.261878461934234
CCDJJ;BOTSWANA;TOP;13421.43534564059
CCDJJ;PARAGUAY;MVR;62108.045915222385
CCDJJ;KENYA;BYR;158025920.43281546
CCDJJ;ISRAEL;VND;93184667.58276881
CCDJJ;CHILE;NPR;323443.234926248
CCDJJ;UNITED KINGDOM;UAH;146555.28526067277
CCDJJ;ARUBA;TZS;3269885.624995673
CCDJJ;THAILAND;GMD;129601.55155399036
EGKNa;OMAN;NPR;379577.73617488996
EGKNa;UNITED KINGDOM;RSD;354511.948339397
EGKNa;NETHERLANDS ANTILLES;GNF;10399719.164035337
EGKNa;UGANDA;MVR;61765.24520446414
EGKNa;MACAU;IQD;3162080.5673490576
EGKNa;SUDAN;LBP;2087922.3433658986
EGKNa;PAPUA NEW GUINEA;SVC;4560.426164253694
EGKNa;ICELAND;CAD;2122.3888176773135
EGKNa;GUYANA;HTG;485277.4300137738
EGKNa;SWAZILAND;SEK;37898.32075131398
EGKNa;LEBANON;MMK;6135956.727268641
BLLac;CAYMAN ISLANDS;THB;171875.84617537554
BLLac;AZERBAIJAN;TTD;7764.753396687793
BLLac;ALGERIA;XCD;4937.652118096278
BLLac;CANADA;AWG;9724.00670917481
BLLac;CAMBODIA;SVC;47264.18369080538
BLLac;SAUDI ARABIA;GMD;137371.390145395
BCY33;SAUDI ARABIA;OMR;542.5741574057737
BCY33;OMAN;VND;35448748.27221511
BCY33;UGANDA;PHP;47940.396131176916
BCY33;GUATEMALA;HUF;263918.3912049553
BCY33;GUATEMALA;SGD;1237.0413044423155
BCY33;GUATEMALA;BYR;546521.1499073263
BCY33;LIBERIA;IRR;8469140.646566669
BCY33;EGYPT;MRO;311458.59084224666
BCY33;CHILE;SAR;4687.021954217365
BCY33;GUATEMALA;AWG;677.9904918064735
BCY33;NIGERIA;BDT;84150.5181928916
BCY33;GUINEA;BYR;946325.2125912092
FVW22;ARUBA;NOK;14055.549711650054
FVW22;ZIMBABWE;EUR;794.5258165781459
FVW22;UGANDA;TTD;5489.306206659955
FVW22;EL SALVADOR;SLL;2218787.62221786
FVW22;TANZANIA, UNITED REPUBLIC OF;DJF;87537.18152614743
FVW22;NIGERIA;EUR;2672.3960948761824
FVW22;BERMUDA;LAK;3929282.947193497
Laaa3;NICARAGUA;IRR;25209673.92384755
Laaa3;UNITED ARAB EMIRATES;XOF;2097795.796540192
EIVc3;HONDURAS;NZD;2533.474855503291
EIVc3;LIBERIA;MWK;62299323.48658258
EIVc3;BULGARIA;LAK;377547596.82121575
EIVc3;BHUTAN;PKR;1299734.9659038351
EIVc3;SERBIA;BZD;43342.91360912914
EIVc3;ANGOLA;NAD;1301045.8916218034
EIVc3;SYRIAN ARAB REPUBLIC;BTN;1645934.6708041378
EIVc3;UGANDA;BYR;745830012.0745376
EIVc3;SWEDEN;CVE;4916741.298973528
EIVc3;ZIMBABWE;ARS;7761208.348534115
EIVc3;BHUTAN;AZN;37711.99868326608
EIVc3;PHILIPPINES;CYP;23987.815954640195
EIVc3;GUINEA;LYD;306637.33553252113
EIVc3;CHINA;SVC;69234.94127903783
EIVc3;EL SALVADOR;BTN;463431.22750239965
EIVc3;LATVIA;TTD;66591.36422707728
EIVc3;OMAN;AOA;8221915.439250149
EIVc3;CHINA;ANG;18722.184492899592
EIVc3;AZERBAIJAN;TTD;108726.12807434035
EIVc3;CZECH REPUBLIC;BND;92784.86469206483
CELX1;NICARAGUA;CAD;3588.282821141424
CELX1;MEXICO;EGP;19356.568622544186
CELX1;CROATIA;VND;19155504.08151401
BBBZc;SOLOMON ISLANDS;NAD;82619.17717462846
BBBZc;TURKEY;RSD;1078700.5591637483
BBBZc;NORWAY;KZT;9050557.972086456
BBBZc;EL SALVADOR;LKR;10727244.960601853
CKMNa;ROMANIA;KRW;3566974.4295709515
CKMNa;DENMARK;MVR;15174.481378809054
CKMNa;HUNGARY;PES;493813.3239635901
NYYY2;UGANDA;NZD;3344.313992760554
NYYY2;BULGARIA;BRL;4759.550822596625
NYYY2;LIBERIA;TWD;77610.57352585743
NYYY2;HUNGARY;VND;15173322.252612224
NYYY2;IRAQ;SVC;21658.315821245018
NYYY2;CANADA;XCD;5027.802237281233
NYYY2;SAO TOME AND PRINCIPE;DOP;44241.32715663734
NYYY2;SRI LANKA;YER;231114.42000040982
NYYY2;TANZANIA, UNITED REPUBLIC OF;AOA;870475.6140959488
NYYY2;BELARUS;CVE;37788.26801504398
NYYY2;MALDIVES;TZS;1534344.3775986761
NYYY2;HONG KONG;ISK;258345.74400422824
NYYY2;CAMBODIA;HRK;5602.487482948207
NYYY2;AZERBAIJAN;MOP;988.0423625162298
NYYY2;BANGLADESH;SCR;7669.646220855778
NYYY2;SOUTH AFRICA;ALL;240469.95198249567
CILaa;HONG KONG;PAB;5761.663952764431
CILaa;VIET NAM;MGA;29826916.366011728
CILaa;NORWAY;JMD;1241412.1666371962
CILaa;UKRAINE;TZS;28999787.849976934
CILaa;UGANDA;FJD;22957.35616199925
CILaa;INDIA;BDT;529792.0936018201
CILaa;SAO TOME AND PRINCIPE;STD;449745637.4276657
CILaa;NEW ZEALAND;VUV;1245726.384594457
CILaa;BERMUDA;UYU;116835.1537321376
CILaa;CHINA;SYP;1890260.74012683
CILaa;BURUNDI;KES;844138.9081754325
CILaa;GUYANA;NPR;682769.9044142794
CILaa;ARGENTINA;TTD;35722.99750912328
CILaa;NICARAGUA;AWG;46400.74982068735
CILaa;DOMINICAN REPUBLIC;UAH;493359.03614296776
CILaa;RWANDA;SYP;1215941.3643509264
CILaa;JORDAN;JMD;2152051.9916564943
CILaa;LIBYAN ARAB JAMAHIRIYA;GNF;75855587.4124473
ABLNV;UKRAINE;BZD;11705.213876080703
ABLNV;BULGARIA;YER;857726.1078487076
ABLNV;BRAZIL;DZD;768411.2597425905
ABLNV;NICARAGUA;HNL;131985.54511966056
ABLNV;GUYANA;GMD;297387.0617096211
ABLNV;SWAZILAND;NPR;159665.76395668671
ABLNV;GUATEMALA;CYP;1617.521937663319
ABLNV;UNITED KINGDOM;TZS;1349725.402182963
ABLNV;NETHERLANDS ANTILLES;LYD;21776.0323893388
ABLNV;INDIA;TND;3039.2344256692345
ABLNV;NIGERIA;HRK;4175.21443296917
ABLNV;CENTRAL AFRICAN REPUBLIC;ALL;454705.3297469901
