;Client;Country;Currency;Transaction
0;DVVY1;DENMARK;MOP;11848.29165522685
1;DVVY1;BELIZE;INR;510496.31036629184
2;DVVY1;PANAMA;KYD;5785.422657867417
3;DVVY1;INDONESIA;FJD;447.48020067348733
4;DVVY1;HONG KONG;DJF;940031.1076765592
5;DVVY1;JORDAN;LAK;59375228.436349995
6;DVVY1;ARGENTINA;HRK;36987.82448047683
7;DVVY1;GHANA;JPY;1197771.3840063359
8;DVVY1;EGYPT;HUF;4505336.147383218
9;DVVY1;ALGERIA;ALL;381166.92336439784
10;DVVY1;MACAU;CAD;8584.74117874922
11;DVVY1;KENYA;LRD;1396711.5243103825
12;DVVY1;MYANMAR;TZS;22668067.03262789
13;DVVY1;TANZANIA, UNITED REPUBLIC OF;ZWL;4303574.875438277
14;AFIV2;LATVIA;WST;1369.646340211905
15;AFIV2;BRAZIL;JPY;59411.61343468828
16;AFIV2;TRINIDAD AND TOBAGO;BGN;2770.823560838766
17;AFIV2;IRAN (ISLAMIC REPUBLIC OF);AOA;920760.08863328
18;AFIV2;URUGUAY;MOP;15593.91691247662
19;AFIV2;SURINAME;GTQ;8413.314686787717
20;AFIV2;KENYA;ZWL;811425.3341479694
21;AFIV2;MOZAMBIQUE;THB;8911.227910552972
22;AFIV2;MALDIVES;KYD;502.5919599437746
23;AFIV2;MALAWI;PLN;5318.331871377387
24;AFIV2;LEBANON;ANG;2254.701644428895
25;AHLVc;CHILE;UAH;23442.112439360055
26;AHLVc;GAMBIA;JOD;263.33702637134087
27;AHLVc;BRAZIL;HTG;78223.20974823445
28;AHLVc;QATAR;BSD;149.71811319320818
29;AHLVc;FRENCH POLYNESIA;SAR;3001.1020937661933
30;AHLVc;NETHERLANDS ANTILLES;ALL;94967.62253757103
31;AHLVc;FIJI;BTN;76359.8676455106
32;AHLVc;SOUTH AFRICA;SCR;12818.273895576875
33;AHLVc;NETHERLANDS ANTILLES;PEN;536.326049012318
34;AHLVc;DOMINICA;LRD;31318.422473101473
35;AHLVc;BANGLADESH;SCR;8923.78299211598
36;JZZaa;CAPE VERDE;ETB;22383.67837456547
37;JZZaa;KENYA;XAF;1279606.1463067424
38;JZZaa;CYPRUS;TTD;25702.69533379963
39;JZZaa;BELIZE;LRD;1049017.6969577575
40;JZZaa;TAIWAN, PROVINCE OF CHINA;IQD;6675717.419587383
41;JZZaa;GAMBIA;MOP;47537.4819341185
42;JZZaa;JAPAN;WST;14453.610274941086
43;CDFW2;HONDURAS;MVR;443267.0795026716
44;CDFW2;GAMBIA;AZN;32941.312068914056
45;CDFW2;HUNGARY;KRW;53001916.344753906
46;CDFW2;MEXICO;GTQ;110129.3016088271
47;CDFW2;TANZANIA, UNITED REPUBLIC OF;JOD;9747.14787082249
48;CDFW2;SOLOMON ISLANDS;MZN;2130919.0378794945
49;CDFW2;TONGA;HTG;4805339.06176223
50;CDFW2;BURUNDI;IQD;15343766.409747504
51;CDFW2;ISRAEL;MYR;88817.26386638111
52;CXZa3;LIBYAN ARAB JAMAHIRIYA;NPR;168616.78452849094
53;CXZa3;SEYCHELLES;NAD;47239.947083526786
54;CXZa3;MOZAMBIQUE;RWF;649233.4468306494
55;CXZa3;BRUNEI DARUSSALAM;SCR;24600.665981706006
56;CXZa3;CAPE VERDE;QAR;9560.939493996057
57;ELLZc;CAPE VERDE;SDG;1716531.3523619
58;ELLZc;SRI LANKA;SGD;1121.748819591212
59;ELLZc;NEPAL;VES;68372.64675460856
60;ELLZc;TURKEY;PHP;91555.30324324663
61;ELLZc;CZECH REPUBLIC;BWP;13414.03762350846
62;ELLZc;GAMBIA;IRR;109999992.95470509
63;ELLZc;INDIA;ISK;92669.55062862992
64;ELLZc;SERBIA;AED;6602.267904377137
65;ELLZc;CENTRAL AFRICAN REPUBLIC;ISK;403568.223161195
66;ELLZc;SOUTH AFRICA;SRD;94176.26666912579
67;ELLZc;MAURITIUS;RUB;80845.34503292391
68;ELLZc;PAKISTAN;DJF;490756.21060033026
69;ELLZc;PERU;UGX;8749837.277213736
70;ELLZc;LEBANON;PHP;20635.475107094495
71;HKXXY;PERU;GMD;29808.870116140042
72;HKXXY;NIGERIA;DOP;284219.72657405725
73;HKXXY;BANGLADESH;BOB;38575.34018348949
74;HKXXY;JORDAN;MWK;1094909.9654752128
75;HKXXY;YEMEN;BTN;105532.15371067022
76;HKXXY;BULGARIA;BMD;5336.445388881647
77;HKXXY;SUDAN;JMD;381215.25239831256
78;HKXXY;DOMINICA;PGK;19090.108986009825
79;HKXXY;SUDAN;STD;168787891.3269878
80;HKXXY;UNITED KINGDOM;DZD;1265778.500910433
81;HKXXY;HUNGARY;AZN;12994.69165004872
82;HKXXY;MACAU;NPR;1225473.481763497
83;HKXXY;UNITED KINGDOM;DJF;1271414.3583955388
84;HKXXY;GAMBIA;BYR;134411362.98933372
85;HKXXY;CHILE;COP;11486367.408549853
86;HKXXY;SUDAN;ZWL;4796415.55060645
87;CEGbc;KOREA, REPUBLIC OF;BGN;3748.3580632733688
88;CEGbc;ROMANIA;HKD;49564.56295861667
89;CEGbc;LEBANON;ANG;19458.182135216844
90;CEGbc;SIERRA LEONE;ETB;480716.3000662402
91;CEGbc;CAYMAN ISLANDS;BWP;38634.17695748539
92;CEGbc;SAUDI ARABIA;BOB;14250.22059025231
93;CEGbc;BHUTAN;TZS;18748702.444921516
94;CEGbc;TANZANIA, UNITED REPUBLIC OF;KYD;3288.6707884311404
95;CEGbc;BRUNEI DARUSSALAM;GNF;9509494.063858718
96;CEGbc;SOMALIA;GMD;314353.9340244493
97;CEGbc;BHUTAN;GHS;149113.0926816394
98;CEGbc;VANUATU;BZD;22541.209634030067
99;CEGbc;HAITI;PAB;1777.752367768068
100;CEGbc;MADAGASCAR;CAD;3691.547043586993
101;GVXWZ;TURKEY;ISK;156823.16818112502
102;GVXWZ;PAKISTAN;ANG;147.60611294703037
103;GVXWZ;VENEZUELA;GYD;684838.2901992588
104;GVXWZ;ARUBA;QAR;26185.105500160225
105;GVXWZ;BERMUDA;GBP;39.35138986112188
106;GVXWZ;CENTRAL AFRICAN REPUBLIC;EGP;36347.104076956915
107;GVXWZ;BOTSWANA;LRD;429731.8207048148
108;IJJVY;TUNISIA;AWG;165.920938561969
109;IJJVY;PERU;YER;981.9416757674069
110;IJJVY;PANAMA;NAD;4411.155721800816
111;IJJVY;UGANDA;ARS;16018.13871822705
112;IJJVY;ANGOLA;KHR;6323.100238323684
113;IJJVY;MAURITANIA;AED;-8.27790817927811
114;IJJVY;ANGOLA;MXN;4980.9665214269135
115;IJJVY;SWITZERLAND;CYP;8.205807330205634
116;IJJVY;HUNGARY;LKR;34762.2185771248
117;IJJVY;FIJI;MRO;33023.197982164595
118;IJJVY;AZERBAIJAN;DKK;1921.7443656440578
119;IJJVY;MALAWI;PHP;5382.669154273234
120;IJJVY;SWEDEN;MRO;28066.98004288451
121;IJJVY;MALAWI;RSD;21702.30499772273
122;IJJVY;SWEDEN;BRL;536.3559164788691
123;IJJVY;INDONESIA;SAR;711.8456459078393
124;IJJVY;MYANMAR;PAB;117.77496833905097
125;IJJVY;GUYANA;LAK;2687085.748096075
126;GGNVc;MADAGASCAR;AWG;4031.7164435909367
127;GGNVc;ROMANIA;COP;17645681.731500898
128;GGNVc;PAPUA NEW GUINEA;CNY;11677.249221973907
129;GGNVc;BULGARIA;NGN;161472.98545412222
130;GGNVc;PANAMA;ZMW;25403.99137879156
131;GGNVc;BARBADOS;LVL;439.43457451825327
132;GGNVc;SRI LANKA;LBP;4937328.13108098
133;GGNVc;ZAMBIA;HRK;9898.697014217296
134;GGNVc;CROATIA;JPY;318813.38387307466
135;GGNVc;AUSTRALIA;BBD;906.1491479332224
136;FHJJ1;BARBADOS;CLP;15349550.991871882
137;FHJJ1;DENMARK;JOD;5171.208298670775
138;FHJJ1;MEXICO;AED;34280.71941367072
139;FHJJ1;MAURITANIA;SCR;205919.8336518342
140;FHJJ1;CAYMAN ISLANDS;XPF;1637261.7353016967
141;FHJJ1;EURO;ISK;1300214.572022535
142;JNNYb;PAKISTAN;TRY;217949.2050461274
143;JNNYb;ALGERIA;RSD;382010.09778455633
144;JNNYb;TAIWAN, PROVINCE OF CHINA;HKD;87881.13893584102
145;JNNYb;LIBERIA;SLL;254773301.25834477
146;JNNYb;RWANDA;BND;35322.26861878659
147;JNNYb;SWITZERLAND;UYU;882710.0406806695
148;JNNYb;MOROCCO;CVE;1297266.289904856
149;JNNYb;ALBANIA;UYU;272750.0619462879
150;JNNYb;TAIWAN, PROVINCE OF CHINA;BND;25216.502701349946
151;JNNYb;THAILAND;SCR;79961.97272731253
152;JNNYb;THAILAND;GNF;197364450.884781
153;JNNYb;CZECH REPUBLIC;VND;77432076.85891613
154;JNNYb;BELARUS;PYG;86822810.25792871
155;JNNYb;IRAQ;SOS;3417389.629583946
156;JNNYb;MEXICO;NZD;1941.1986092509724
157;ADHWY;KUWAIT;IQD;3169416.1774111786
158;ADHWY;TUNISIA;LYD;88910.66009776281
159;ADHWY;VIET NAM;AED;61537.573990172
160;ADHWY;BRAZIL;PLN;68634.78474036159
161;ADHWY;OMAN;HNL;191195.42475590203
162;ADHWY;SEYCHELLES;LBP;19505633.782910403
163;ADHWY;CANADA;ZMW;198756.88864087028
164;ADHWY;BRUNEI DARUSSALAM;PHP;161448.17760418964
165;ADHWY;BAHRAIN;KES;1475973.7465964549
166;ADHWY;EURO;ZWL;8887265.18627258
167;ADHWY;MADAGASCAR;BRL;92967.74835365504
168;ADHWY;TRINIDAD AND TOBAGO;BND;2881.6473869825836
169;JWZZZ;MACAU;ISK;495980.6159922307
170;JWZZZ;SAO TOME AND PRINCIPE;BOB;25125.958168589335
171;JWZZZ;GHANA;XPF;388262.3308423482
172;JWZZZ;CAYMAN ISLANDS;LYD;10402.288288017262
173;JWZZZ;TANZANIA, UNITED REPUBLIC OF;PKR;770140.1900495709
174;JWZZZ;SAMOA;PHP;22541.281929512515
175;JWZZZ;TONGA;ZAR;6172.363739001522
176;JWZZZ;EGYPT;TTD;5264.268301664032
177;JWZZZ;SYRIAN ARAB REPUBLIC;ZWL;518806.25686737505
178;JWZZZ;SOUTH AFRICA;MWK;186493.34377817778
179;JWZZZ;MADAGASCAR;TWD;123359.03501461564
180;JWZZZ;VIET NAM;TZS;5817452.782015443
181;JWZZZ;NAMIBIA;TZS;6282772.408753348
182;JWZZZ;POLAND;TND;10207.632266401988
183;JWZZZ;SOMALIA;INR;234342.7838176593
184;JWZZZ;UNITED ARAB EMIRATES;ZWL;561583.6455683552
185;JWZZZ;ARUBA;CLP;1369378.245602338
186;JWZZZ;LATVIA;IRR;115709090.05694295
187;JWZZZ;SEYCHELLES;MWK;1849743.934668623
188;JWZZZ;PARAGUAY;KES;361619.43913339503
189;Fa223;HONG KONG;CZK;513597.4637322075
190;Fa223;PERU;KHR;123070701.55232969
191;Fa223;CENTRAL AFRICAN REPUBLIC;CVE;1363935.9806179972
192;Fa223;BOLIVIA;KES;4219482.701881258
193;Fa223;ARGENTINA;MGA;31125107.660484128
194;Fa223;SINGAPORE;HRK;210880.5458986527
195;Fa223;CHINA;PLN;-334.40267151990133
196;Fa223;UGANDA;NIO;322024.15049425774
197;Fa223;HUNGARY;AED;5342.355276471087
198;Fa223;KENYA;HKD;56630.91477331084
199;Fa223;MALAYSIA;NIO;462521.17368287203
200;Fa223;BAHAMAS;RUB;1428444.1721791946
201;Fa223;YEMEN;BHD;11312.618149695096
202;Fa223;IRAQ;DZD;3576934.6115566455
203;IWZc2;SEYCHELLES;HTG;1215489.5797377725
204;IWZc2;LAO PEOPLE'S DEMOCRATIC REP;ANG;21724.136469391477
205;IWZc2;MAURITANIA;KHR;55068862.871309035
206;IWZc2;INDIA;KYD;6982.045784967779
207;IWZc2;CAYMAN ISLANDS;SEK;100648.49133653809
208;IWZc2;SRI LANKA;MXN;134530.13791912832
209;IWZc2;CHINA;OMR;2660.1443796228164
210;IWZc2;PARAGUAY;CAD;16315.549040410648
211;IWZc2;COLOMBIA;TOP;1305.9188478622798
212;IWZc2;COLOMBIA;RWF;5735111.229544135
213;ABJVW;GUYANA;JPY;110552.96313330668
214;ABJVW;UNITED ARAB EMIRATES;BGN;1934.2512847787395
215;ABJVW;VIET NAM;LVL;425.9210589197099
216;ABJVW;MADAGASCAR;MXN;8162.956917999591
217;ABJVW;ALGERIA;LKR;591691.3276857104
218;ABJVW;MACAU;GNF;26401732.885952093
219;ABJVW;PANAMA;GYD;525711.7112338189
220;ABJVW;VENEZUELA;GNF;15330504.19900685
221;ABJVW;JORDAN;AOA;1349032.9700045858
222;ABJVW;ALGERIA;SBD;5199.438256331175
223;ABJVW;CZECH REPUBLIC;LVL;1474.130865395944
224;ABJVW;LAO PEOPLE'S DEMOCRATIC REP;ZWL;233391.14572209006
225;ABJVW;CROATIA;CAD;2452.294948291522
226;ABJVW;MAURITANIA;BGN;6046.047891473354
227;ABJVW;CHILE;BMD;2018.8142948513785
228;ABJVW;MALAWI;GHS;26434.02579990573
229;AJMb1;POLAND;TND;3023.3515939319614
230;AJMb1;NORWAY;JMD;664796.6720020123
231;AJMb1;EL SALVADOR;KWD;260.92636940232836
232;AJMb1;COLOMBIA;MGA;12016223.21568515
233;AJMb1;ZAMBIA;CNY;5886.494800499336
234;AJMb1;KUWAIT;BMD;7816.5583609634305
235;AJMb1;MOROCCO;CVE;484448.4789776182
236;AJMb1;TONGA;XOF;1236867.4989706548
237;AJMb1;EURO;AOA;1594027.3815858096
238;FMXaa;HONG KONG;SAR;5440.271930646663
239;FMXaa;BRAZIL;GHS;20599.202326567778
240;FMXaa;SWEDEN;ZWL;2276435.0678004813
241;FMXaa;LIBERIA;KHR;14688751.916377261
242;FMXaa;CANADA;RON;13976.888530785827
243;FMXaa;BAHAMAS;BDT;290756.65945334284
244;FMXaa;MAURITANIA;SOS;1620179.3711990893
245;FMXaa;ICELAND;AOA;895159.3620573336
246;FMXaa;EGYPT;KES;506920.6597888764
247;FMXaa;PAPUA NEW GUINEA;BOB;13550.68040074018
248;FMXaa;BERMUDA;PYG;10363937.05936547
249;FMXaa;SOUTH AFRICA;DZD;144046.81706524853
250;FMXaa;QATAR;SLL;70856158.49366193
251;FMXaa;ETHIOPIA;DZD;42547.430070781666
252;FMXaa;SRI LANKA;ISK;79622.09692661869
253;FMXaa;ARGENTINA;SGD;3270.5278068515054
254;FMXaa;BERMUDA;CLP;2681046.7753994167
255;IINWW;SAUDI ARABIA;ETB;8142.697138039967
256;IINWW;CENTRAL AFRICAN REPUBLIC;KES;121205.97533789296
257;IINWW;CAPE VERDE;DOP;47906.04114591876
258;IINWW;RUSSIAN FEDERATION;PLN;2903.206422535409
259;IINWW;KAZAKHSTAN;HTG;158595.8167577035
260;IINWW;NAMIBIA;EGP;4133.340399490507
261;IINWW;HONDURAS;PAB;1215.339593871347
262;IINWW;SINGAPORE;GYD;93213.60225679202
263;IINWW;BRUNEI DARUSSALAM;NZD;958.7814745431948
264;LLWY1;GUINEA;BTN;1754121.2985752188
265;LLWY1;PAPUA NEW GUINEA;AUD;13824.99559055615
266;LLWY1;UKRAINE;TWD;324258.0578154587
267;LLWY1;CYPRUS;MYR;42535.872915064756
268;LLWY1;GUINEA;BWP;248361.91243667025
269;LLWY1;SUDAN;BGN;25041.27447078298
270;LLWY1;SIERRA LEONE;BYR;363870600.97446597
271;LLWY1;CAYMAN ISLANDS;OMR;1798.2778315648957
272;XWZ23;PERU;CNY;15505.081368780373
273;XWZ23;DJIBOUTI;SZL;38308.630985432246
274;XWZ23;SEYCHELLES;NPR;93733.35215894636
275;XWZ23;BRUNEI DARUSSALAM;YER;458474.14662711933
276;XWZ23;DOMINICA;XOF;2449427.2744680056
277;ADKKL;EURO;SBD;7331.72649695218
278;ADKKL;HUNGARY;KRW;81843.11641116314
279;ADKKL;HONG KONG;DJF;184569.87649269143
280;CDK11;QATAR;UAH;4475.398496263102
281;ABJKZ;SWEDEN;XOF;7924761.368643365
282;ABJKZ;SINGAPORE;ILS;20166.69029743677
283;ABJKZ;POLAND;OMR;3955.9095727574395
284;ABJKZ;PARAGUAY;CLP;10778019.66013165
285;ABJKZ;COSTA RICA;CRC;8581362.378819251
286;ABJKZ;MYANMAR;BBD;10666.194439468636
287;ABJKZ;BELIZE;JMD;1225632.99455437
288;ABJKZ;FIJI;CYP;3739.999862450853
289;ABJKZ;BOTSWANA;DKK;77342.7339385213
290;ABJKZ;TOGO;HKD;26034.42231302487
291;ABJKZ;KENYA;SVC;84952.53655414276
292;ABJKZ;MAURITIUS;MZN;97718.5423754809
293;ABJKZ;QATAR;BWP;83934.13503308939
294;ABJKZ;EL SALVADOR;MAD;97135.46773219561
295;ABJKZ;CAMBODIA;JOD;10048.279649391447
296;ABJKZ;SAO TOME AND PRINCIPE;AOA;4322823.923112383
297;ABJKZ;VENEZUELA;OMR;-25.5005381651965
298;ABJKZ;VENEZUELA;DKK;64181.80033073448
299;IIKNZ;TURKEY;XPF;22986.851400284555
300;IIKNZ;URUGUAY;JOD;1308.0145640723247
301;IIKNZ;TURKEY;BRL;13838.505794614284
302;IIKNZ;UKRAINE;NIO;9063.180719915852
303;IIKNZ;URUGUAY;AED;11482.707503183605
304;IIKNZ;CAYMAN ISLANDS;CLP;-42942.2249354005
305;IIKNZ;NICARAGUA;GHS;42553.80809826812
306;IIKNZ;ARGENTINA;VUV;284710.6172651493
307;IIKNZ;COLOMBIA;UYU;46063.17916855605
308;IIKNZ;SOMALIA;CLP;999214.7823678139
309;IIKNZ;SOMALIA;SEK;46856.529805382284
310;IIKNZ;CZECH REPUBLIC;TWD;56587.161187683494
311;IIKNZ;MALAWI;CAD;3438.4467540494707
312;GHHMY;SINGAPORE;SYP;303096.1836016102
313;GHHMY;JAPAN;LVL;2643.143387848259
314;GHHMY;NORWAY;EUR;3509.5164745352804
315;GHHMY;MOZAMBIQUE;SAR;11155.562508656112
316;GHHMY;DOMINICA;SDG;877460.7604165672
317;GHHMY;DJIBOUTI;CHF;3092.6537304186345
318;GHHMY;NIGERIA;BIF;36923.984443124056
319;GHHMY;SRI LANKA;BOB;2359.1074625837246
320;GHHMY;VENEZUELA;ARS;755437.1922907251
321;GHHMY;FRENCH POLYNESIA;MAD;16318.344650441104
322;GHHMY;TONGA;MOP;9431.217648306912
323;GHHMY;EL SALVADOR;XCD;4903.584912768556
324;GHHMY;EURO;XAF;913157.0222399397
325;GHHMY;MAURITIUS;MGA;9149612.89506953
326;GHHMY;RUSSIAN FEDERATION;RSD;82779.51161802256
327;GHHMY;BRAZIL;BHD;765.02865005304
328;ACDEN;IRAN (ISLAMIC REPUBLIC OF);PES;27271.49574741132
329;ACDEN;BERMUDA;PYG;43821152.00061218
330;ACDEN;LIBYAN ARAB JAMAHIRIYA;PGK;59958.58345063072
331;ACDEN;COLOMBIA;KHR;39003875.807322465
332;ACDEN;SINGAPORE;RON;24514.876850868746
333;BBE12;RUSSIAN FEDERATION;PES;21805.63130229137
334;BBE12;PERU;XCD;380.1950087314784
335;BBE12;CENTRAL AFRICAN REPUBLIC;ARS;15261.469595669838
336;BBE12;ZAMBIA;PEN;551.7381302865905
337;BBE12;TONGA;MUR;7409.243231701428
338;BBE12;KOREA, REPUBLIC OF;KRW;127438.87728151443
339;BBE12;HUNGARY;PEN;960.3605477296434
340;BBE12;LEBANON;IRR;11965869.226554338
341;BBE12;QATAR;RWF;63582.48793798442
342;BBE12;NETHERLANDS ANTILLES;INR;14422.98294247964
343;BBE12;MACAU;PHP;5077.804686506532
344;BBE12;SWITZERLAND;JOD;84.03852812208092
345;BBE12;IRAN (ISLAMIC REPUBLIC OF);THB;3682.0249900329272
346;BBE12;JORDAN;THB;7163.440218974389
347;BBE12;CHINA;SLL;1949503.4308124215
348;AGKVc;VIET NAM;MUR;74067.5726859758
349;AGKVc;VENEZUELA;NGN;8582238.407971138
350;EIMZc;PAKISTAN;GMD;8998.68183496688
351;EIMZc;LATVIA;LKR;180207.6030648429
352;FHLZb;PERU;AUD;791.9559080388025
353;FHLZb;SOUTH AFRICA;LVL;1657.3751780837215
354;FHLZb;BOLIVIA;DJF;26042.99829501722
355;FHLZb;KAZAKHSTAN;CAD;2511.1359893295057
356;FHLZb;LAO PEOPLE'S DEMOCRATIC REP;CHF;4330.197771167624
357;FHLZb;NICARAGUA;MMK;5930313.085260003
358;FHLZb;QATAR;XCD;17117.058270511025
359;FHLZb;SWITZERLAND;PEN;77.72355380009064
360;FHLZb;CAMBODIA;GYD;19114.362736871448
361;FHLZb;SINGAPORE;LKR;1476370.5501921636
362;FHLZb;TOGO;ZWL;1072083.591675213
363;FHLZb;UKRAINE;AWG;2287.4495183840763
364;FHLZb;SOUTH AFRICA;CNY;13254.51919363261
365;FHLZb;CROATIA;VND;6224446.511181831
366;FHLZb;HAITI;AOA;1696214.4882227124
367;FHLZb;EGYPT;MZN;398472.8974086772
368;FHLZb;POLAND;WST;3033.852088579546
369;FHLZb;COSTA RICA;MRO;1337835.41631261
370;FHLZb;MADAGASCAR;PAB;2505.936913771256
371;FHLZb;IRAQ;AZN;5153.566504936048
372;CDFG3;URUGUAY;KYD;11947.86834726553
373;CDFG3;CHILE;XPF;1374263.9373912446
374;CDFG3;KENYA;RSD;678772.5683941407
375;CDFG3;HUNGARY;XAF;2216201.8655282888
376;CDFG3;SURINAME;WST;32099.206547235073
377;CDFG3;RWANDA;FJD;13845.74516042143
378;CDFG3;SOUTH AFRICA;SEK;188653.67620223385
379;CDFG3;BAHRAIN;EUR;3072.941461243628
380;FFVZ1;MOZAMBIQUE;ANG;6480.821687456811
381;FFVZ1;AZERBAIJAN;RSD;126141.32236997102
382;FFVZ1;FRENCH POLYNESIA;XAF;2986367.3462196467
383;FFVZ1;TONGA;CNY;7781.593214993402
384;FFVZ1;RWANDA;ALL;380972.01755031844
385;FFVZ1;VANUATU;IQD;4267245.881914676
386;FFVZ1;MALDIVES;AOA;928287.9167844637
387;FFVZ1;BANGLADESH;PLN;11513.393196740435
388;FFVZ1;CAPE VERDE;SEK;10567.466380427335
389;FFVZ1;IRAQ;BND;7097.09419188318
390;FFVZ1;MEXICO;SOS;726112.3624396847
391;FNV13;HONG KONG;MMK;65529062.60504404
392;FNV13;BULGARIA;SAR;148409.15606463118
393;FNV13;JAMAICA;CZK;1199680.1430592267
394;FNV13;SIERRA LEONE;PHP;261282.13475484433
395;ACEHV;SOLOMON ISLANDS;KES;455741.9501824484
396;ACEHV;RUSSIAN FEDERATION;NGN;833830.4032198511
397;ACEHV;VIET NAM;CYP;1073.022870741319
398;ACEHV;SINGAPORE;EGP;57703.13487829157
399;ACEHV;OMAN;BOB;33924.76328986971
400;ACEHV;DJIBOUTI;UYU;184743.2007811585
401;ACEHV;KUWAIT;GMD;309181.9398489914
402;ACEHV;CZECH REPUBLIC;INR;72561.14297563914
403;ACEHV;SWEDEN;GMD;52991.95589445598
404;ACEHV;AZERBAIJAN;PAB;1126.3342003656821
405;ACEHV;LIBERIA;BDT;344023.8990542918
406;ACEHV;VENEZUELA;QAR;3817.9959306679343
407;HKLXY;VIET NAM;KZT;255639.7252807516
408;HKLXY;SYRIAN ARAB REPUBLIC;ETB;139888.73781721812
409;HKLXY;MOZAMBIQUE;KZT;376878.9166162019
410;HKLXY;HONG KONG;DJF;476469.34731621237
411;HKLXY;POLAND;JOD;1582.033272469405
412;HKLXY;DOMINICA;JMD;182649.61255674815
413;HKLXY;KAZAKHSTAN;PAB;87.85524451444117
414;HKLXY;MOROCCO;AZN;2982.19812869974
415;HKLXY;SIERRA LEONE;FJD;2446.2370700857227
416;HKLXY;TOGO;AOA;317731.0778951239
417;HKLXY;HUNGARY;NGN;628460.5055585536
418;KLLN1;TONGA;BWP;116570.51784931227
419;KLLN1;SWEDEN;LAK;334288370.5048573
420;KLLN1;JAMAICA;TWD;350694.85826984176
421;KLLN1;ZAMBIA;JOD;474.54887384094246
422;KLLN1;CANADA;LBP;28583100.449620266
423;KLLN1;NICARAGUA;MYR;4072.6466795409315
424;KLLN1;LEBANON;BTN;180382.17783729904
425;AIK12;NORWAY;KYD;960.7215975392384
426;AIK12;CYPRUS;ZMW;73502.16436739994
427;AIK12;RWANDA;AED;8149.163542709613
428;AIK12;EGYPT;ZMW;47846.88015021892
429;AIK12;DOMINICA;CLP;312209.83585307526
430;AIK12;FIJI;TWD;44809.979443687116
431;AIK12;URUGUAY;BYR;1556143.7920816005
432;AIK12;CHINA;ETB;204680.38451845798
433;AIK12;TOGO;SEK;46784.07284548402
434;BFZb1;KOREA, REPUBLIC OF;SRD;1056004.1662011493
435;BFZb1;MALAYSIA;KRW;22848156.168351814
436;BFZb1;INDIA;AWG;64953.456983343174
437;BFZb1;BHUTAN;NZD;2807.114965623382
438;BFZb1;MYANMAR;ISK;1964620.028955691
439;BFZb1;ZAMBIA;SOS;11634002.99045444
440;AVa22;PANAMA;PES;1317904.129258004
441;AVa22;CAYMAN ISLANDS;DKK;77726.20669125907
442;AVa22;BHUTAN;GNF;23231418.012526173
443;AVa22;TAIWAN, PROVINCE OF CHINA;NAD;123607.95007226846
444;AVa22;MALAWI;DOP;449940.6965539584
445;AVa22;AZERBAIJAN;BGN;9284.548833411294
446;Z2223;PAKISTAN;ZWL;1764044.4217913176
447;JWWc3;GUINEA;INR;381596.3458379075
448;FY123;HAITI;SRD;215128.2409537495
449;FY123;CHILE;KWD;2823.9597131485207
450;FY123;BURUNDI;NIO;196889.73560291005
451;FY123;HONDURAS;BSD;2661.878528700636
452;FY123;BERMUDA;BWP;88214.83936935727
453;FY123;BOTSWANA;BMD;375.295501594491
454;FY123;LIBYAN ARAB JAMAHIRIYA;UYU;361154.30617388623
455;FY123;ETHIOPIA;INR;677554.8948128965
456;FY123;HONG KONG;BDT;380658.5248550699
457;FY123;LATVIA;AUD;15013.46826536767
458;FY123;KAZAKHSTAN;MVR;70983.58047948712
459;FY123;MAURITANIA;XAF;797044.9274510164
460;FY123;GHANA;CHF;3265.638695849872
461;FY123;DJIBOUTI;ARS;2195034.8760129274
462;IKNNc;CAMBODIA;LRD;915191.3370380326
463;IKNNc;URUGUAY;PGK;4634.7663005945715
464;IKNNc;JAMAICA;GNF;41781777.29387107
465;BGIKb;YEMEN;ZWL;1013094.6525398138
466;BGIKb;GUATEMALA;IRR;377046170.66887593
467;BGIKb;LATVIA;NAD;112133.04731505836
468;BGIKb;HONG KONG;CHF;5193.741062367055
469;BGIKb;CROATIA;RWF;990862.5439555659
470;BGIKb;TAIWAN, PROVINCE OF CHINA;SEK;25208.670061283578
471;BGIKb;TONGA;JMD;639227.5206401235
472;BGIKb;ICELAND;DZD;867606.5260809971
473;BGIKb;BRUNEI DARUSSALAM;LYD;32375.86985259225
474;BGIKb;SEYCHELLES;NGN;3600958.3387573147
475;BGIKb;BELARUS;PGK;14387.793939449415
476;BGIKb;NEPAL;BOB;14119.30626401396
477;BGIKb;BOTSWANA;GHS;127264.87267576958
478;BGIKb;SWEDEN;XOF;4409672.740598993
479;BGIKb;SWAZILAND;BRL;36449.20612929924
480;BGIKb;BRUNEI DARUSSALAM;GMD;384123.3422008807
481;BGIKb;THAILAND;BTN;193020.17901462282
482;BGIKb;POLAND;NGN;2589851.810140729
483;BGIKb;ANGOLA;EGP;20230.152964303765
484;CDGGW;CHILE;SAR;25462.865307347933
485;CDGGW;BOLIVIA;SBD;10843.03163536075
486;CDGGW;FRENCH POLYNESIA;SZL;18935.69213694557
487;CDGGW;NEW ZEALAND;AOA;1012983.39585654
488;CDGGW;INDONESIA;GNF;26822971.510878764
489;CDGGW;POLAND;ALL;-2818.0272506254696
490;CDGGW;BARBADOS;GMD;160836.78771282235
491;CDGGW;FRENCH POLYNESIA;ETB;166619.28763264915
492;CDGGW;PERU;CAD;77.76028852689878
493;CDGGW;MALAYSIA;SGD;3096.499250098683
494;CDGGW;SYRIAN ARAB REPUBLIC;KYD;7690.380037265034
495;AAE23;ICELAND;XAF;34304.653769092045
496;AAE23;SAUDI ARABIA;MOP;4003.1150505288665
497;AAE23;RWANDA;RON;2286.3122471816982
498;BCLZa;EURO;GTQ;8297.49122778458
499;BCLZa;DOMINICAN REPUBLIC;TND;8859.01544840616
500;BCLZa;BULGARIA;CRC;142448.3176899963
501;BCLZa;IRAQ;GHS;5188.534758103548
502;BCLZa;BURUNDI;COP;12429979.34135712
503;IKVcc;GUYANA;CNY;4206.4633204804195
504;IKVcc;ARUBA;COP;2165045.191238572
505;IKVcc;NEPAL;LYD;1793.6990037585708
506;IKVcc;MEXICO;BYR;8828977.465433948
507;IKVcc;THAILAND;COP;2889359.0499785314
508;IKVcc;MEXICO;EGP;13831.186552918301
509;AJK33;GUYANA;SVC;1645.1909642943292
510;AJK33;TONGA;HUF;2303817.94910098
511;AJK33;TUNISIA;SOS;1638429.5345551798
512;AJK33;SEYCHELLES;UAH;324441.92252273567
513;AJK33;TUNISIA;STD;300301330.9220821
514;AJK33;IRAN (ISLAMIC REPUBLIC OF);UGX;4614704.117874189
515;AJK33;MALAWI;XAF;2409582.340523727
516;HZac1;SOUTH AFRICA;FJD;72.89008123522227
517;HZac1;LIBYAN ARAB JAMAHIRIYA;KWD;171.43820997439636
518;HZac1;SURINAME;KRW;6345574.599361694
519;HZac1;AZERBAIJAN;LYD;10111.066401846934
520;HZac1;TANZANIA, UNITED REPUBLIC OF;EGP;79587.11059330596
521;HZac1;JORDAN;NZD;3534.238214632005
522;HZac1;GAMBIA;RWF;139960.95542929915
523;HZac1;BURUNDI;YER;1017116.8435754998
524;HZac1;HUNGARY;ZAR;57960.42784535738
525;HZac1;CHILE;THB;7249.103414026812
526;HZac1;CHINA;SEK;9119.778807592284
527;HZac1;CAYMAN ISLANDS;QAR;10426.739269661699
528;EFKNX;MAURITIUS;IDR;19920754.56671722
529;EFKNX;SERBIA;DJF;140855.05636093428
530;EFKNX;IRAQ;COP;1992189.2895549594
531;EFKNX;SERBIA;CLP;1006415.3366845435
532;EFKNX;THAILAND;PHP;71393.27428302696
533;EFKNX;VANUATU;LVL;1123.8300198699194
534;EFKNX;TUNISIA;LYD;5552.380754400508
535;EFKNX;BELIZE;IRR;47310066.57719043
536;EFKNX;GUYANA;TTD;4410.641503559528
537;EFKNX;PERU;KES;188780.37222447962
538;EFKNX;DOMINICAN REPUBLIC;TRY;16154.147219312732
539;EFKNX;NORWAY;BRL;5998.6788305929695
540;ENVVY;URUGUAY;IDR;307223451.51774585
541;ENVVY;SWAZILAND;DZD;3760727.5455949167
542;ENVVY;NEW ZEALAND;XOF;647232.6760760404
543;BILWY;ALBANIA;ISK;31681.307542178172
544;BILWY;BERMUDA;ZWL;35970.14251851936
545;BILWY;ISRAEL;PLN;1010.2470290044253
546;BILWY;BELIZE;ZMW;3294.8873550927647
547;BMXc3;BRAZIL;SVC;300236.36560736207
548;BMXc3;DOMINICA;ISK;747182.9934105936
549;BMXc3;URUGUAY;ZMW;550743.3976137749
550;BMXc3;FRENCH POLYNESIA;WST;74471.63415387884
551;BMXc3;TOGO;BWP;494785.7741240919
552;BMXc3;DJIBOUTI;CZK;130445.17664066912
553;BMXc3;THAILAND;MMK;42829725.40350498
554;BMXc3;TRINIDAD AND TOBAGO;LRD;714151.9660035504
555;BMXc3;AUSTRALIA;HKD;73327.42499697552
556;BMXc3;ZIMBABWE;DKK;194600.6322773805
557;HJJXb;JAMAICA;TZS;6623857.007350808
558;HJJXb;GUYANA;VND;152831004.04618388
559;HJJXb;ISRAEL;MGA;15885870.6931507
560;HJJXb;NORWAY;AWG;12842.454441588894
561;HJJXb;HUNGARY;VUV;955803.5398786459
562;HJJXb;MALAWI;PYG;77531347.912265
563;HJJXb;INDONESIA;KRW;12401211.787865454
564;HJJXb;UNITED KINGDOM;AUD;12330.307031364922
565;HJJXb;SOUTH AFRICA;TRY;98374.9346922826
566;HJJXb;SOUTH AFRICA;PKR;2005933.775572806
567;HJJXb;LIBYAN ARAB JAMAHIRIYA;BYR;-685263.886721749
568;GLMNc;SOLOMON ISLANDS;SOS;3533791.1109813806
569;GLMNc;BAHAMAS;BGN;2659.6351401961588
570;GLMNc;ALGERIA;BTN;1032624.177677258
571;GLMNc;KOREA, REPUBLIC OF;KWD;1176.2222841514865
572;GLMNc;CAPE VERDE;PLN;8076.005402938777
573;GLMNc;MYANMAR;GHS;136533.73955646373
574;GLMNc;MALDIVES;NAD;215891.5355531234
575;GLMNc;ICELAND;PYG;91498334.0578054
576;GLMNc;IRAQ;ZMW;127171.81940614329
577;FMXYY;COLOMBIA;MMK;9992465.40305484
578;FMXYY;INDIA;NZD;19625.388011737305
579;M2333;PARAGUAY;AUD;627.1672972450581
580;M2333;KUWAIT;XPF;139975.90197014823
581;M2333;CZECH REPUBLIC;BRL;4472.010103900326
582;M2333;SERBIA;ARS;192011.55028462855
583;M2333;RUSSIAN FEDERATION;MWK;1404897.2244829491
584;M2333;BOTSWANA;NOK;5741.783134530437
585;M2333;SOMALIA;NGN;552438.1376028375
586;M2333;LATVIA;TTD;941.6401671422485
587;M2333;INDIA;GBP;847.4132255734962
588;M2333;SOLOMON ISLANDS;PYG;23527.30229377117
589;M2333;FRENCH POLYNESIA;AED;4004.414615126096
590;M2333;SYRIAN ARAB REPUBLIC;LKR;479900.7079836486
591;M2333;MEXICO;SGD;707.5626731482802
592;M2333;MAURITIUS;INR;20196.03368296001
593;M2333;OMAN;THB;47985.80818154539
594;M2333;NIGERIA;PGK;2748.5408972261516
595;M2333;MALDIVES;SDG;840462.8981492529
596;M2333;PHILIPPINES;MUR;50739.8448859875
597;M2333;NEPAL;JMD;116802.27631221524
598;M2333;JORDAN;ZAR;9553.196471965368
599;ACCJ1;THAILAND;CRC;2494264.283855502
600;ACCJ1;PAPUA NEW GUINEA;INR;337753.40843261156
601;ACCJ1;KUWAIT;AED;12892.118845673285
602;ACCJ1;NEPAL;COP;14360848.244713692
603;ACCJ1;HUNGARY;CAD;5466.5204978211505
604;BXZc1;TAIWAN, PROVINCE OF CHINA;KWD;2123.519570359727
605;BXZc1;SYRIAN ARAB REPUBLIC;THB;202862.2464308103
606;BXZc1;CAMBODIA;CLP;2996963.107282645
607;BXZc1;BARBADOS;BOB;93655.01185426704
608;BXZc1;PAKISTAN;LRD;1490357.217388069
609;BXZc1;SAUDI ARABIA;GTQ;72931.30593422691
610;DDVWZ;MACAU;PEN;42999.02122016925
611;DDVWZ;UNITED KINGDOM;SRD;272048.40505016793
612;DDVWZ;TURKEY;SBD;69974.62079966921
613;DDVWZ;LATVIA;LRD;990668.1063354823
614;DDVWZ;MALDIVES;KWD;1649.4687426459845
615;DDVWZ;PANAMA;MAD;78061.60496388705
616;DDVWZ;GUATEMALA;BZD;7532.851739163685
617;DDVWZ;ALBANIA;MOP;10317.86773844611
618;DDVWZ;NAMIBIA;JMD;1137923.082276051
619;DDVWZ;IRAN (ISLAMIC REPUBLIC OF);LVL;3129.827913310523
620;DDVWZ;SUDAN;BYR;57368018.16325641
621;DDVWZ;MOROCCO;GTQ;84132.69834438639
622;DDVWZ;SWEDEN;NAD;134265.97027886918
623;DDVWZ;HAITI;DJF;1134694.7089639553
624;DDVWZ;LEBANON;GYD;2242563.230086735
625;DDVWZ;VENEZUELA;OMR;2751.4356485335475
626;DDVWZ;BOTSWANA;VES;55805.08340516064
627;DDVWZ;MEXICO;KHR;14506751.558518529
628;DDVWZ;SINGAPORE;PGK;23547.640004515844
629;DDVWZ;VENEZUELA;MYR;21911.11591754471
630;EJLVX;BERMUDA;UGX;698236.181791481
631;ACKWb;NICARAGUA;LVL;522.5080272074231
632;ACKWb;SWEDEN;TRY;5925.735003178048
633;ACKWb;MOZAMBIQUE;RWF;1150990.9438460597
634;ACKWb;ISRAEL;GYD;69970.47359954017
635;ACKWb;BERMUDA;AZN;167.6071072483922
636;ACKWb;MOROCCO;IQD;1361698.5056662413
637;ACKWb;IRAQ;IRR;28885927.959080927
638;ACKWb;ETHIOPIA;GBP;26.035500764271507
639;IVWYc;PERU;VND;63164800.74600079
640;IVWYc;NIGERIA;DJF;941505.1846152758
641;IVWYc;FIJI;INR;206822.78721802725
642;IVWYc;BAHAMAS;XAF;2885546.687499575
643;IVWYc;MOZAMBIQUE;ANG;-123.98186916906772
644;IVWYc;ARGENTINA;SRD;65185.81582600996
645;IVWYc;BELIZE;VES;87066.74289925535
646;IVWYc;KAZAKHSTAN;AUD;4348.577666988871
647;IVWYc;BANGLADESH;ZWL;1429910.7566058426
648;IVWYc;MALAWI;OMR;2294.6255250668273
649;IVWYc;LEBANON;ANG;8570.424841181302
650;IVWYc;MYANMAR;CZK;40538.437178053384
651;IVWYc;UKRAINE;SGD;3312.1531560472213
652;IVWYc;JAPAN;LYD;38124.62751284468
653;IVWYc;ZAMBIA;SZL;88040.9790068357
654;IVWYc;SAO TOME AND PRINCIPE;SEK;29642.57588613743
655;IVWYc;TAIWAN, PROVINCE OF CHINA;LYD;21120.410381615897
