;Client;Country;Currency;Transaction
0;ADIKX;KENYA;FJD;694.0697799507658
1;ADIKX;ZAMBIA;XAF;213933.27392341508
2;ADIKX;BELARUS;ZWL;227634.77912512948
3;ADIKX;HONG KONG;DKK;2238.367395347925
4;ADIKX;BRUNEI DARUSSALAM;BBD;368.76774714749325
5;ADIKX;CAPE VERDE;KRW;20220.946082702507
6;ABCN2;SWEDEN;BZD;12055.969571167429
7;ABCN2;MAURITANIA;LRD;611557.322668583
8;ABCN2;JAPAN;ETB;46346.91712424989
9;ABCN2;PERU;ALL;480698.6095222853
10;MNWZ3;BOTSWANA;ISK;103197.48294326405
11;MNWZ3;NEW ZEALAND;PEN;2073.7453805625078
12;MNWZ3;VANUATU;AOA;46179.9034183415
13;BBGab;SEYCHELLES;HKD;9980.789120920379
14;BBGab;JAMAICA;SOS;128497.14864879442
15;BBGab;ALGERIA;BHD;63.63403132109635
16;BBGab;BELARUS;TOP;2475.9131412092115
17;HKXW3;AUSTRALIA;RON;4925.213088601409
18;HKXW3;URUGUAY;CYP;711.8034902215738
19;HKXW3;FRENCH POLYNESIA;BZD;1074.5915036666916
20;HKXW3;GUINEA;KZT;621499.3774967091
21;HKXW3;SAUDI ARABIA;AED;4183.181602717397
22;HKXW3;ISRAEL;IQD;1715918.5768353865
23;HKXW3;MACAU;SCR;2574.144347818216
24;HKXW3;MAURITANIA;AWG;396.76780519782164
25;HKXW3;GHANA;ZAR;18666.248974703776
26;HKXW3;HUNGARY;AOA;217326.23765064
27;HKXW3;CAPE VERDE;SRD;18147.165857840195
28;HKXW3;IRAQ;SZL;19099.1569933191
29;HKXW3;BRUNEI DARUSSALAM;JMD;102167.84263201144
30;HKXW3;BOTSWANA;KHR;2844720.802137135
31;HKXW3;VIET NAM;FJD;2903.4473315495793
32;HKXW3;FIJI;PYG;1575403.4598174386
33;HKXW3;AZERBAIJAN;ANG;1607.4983942872375
34;HKXW3;DJIBOUTI;NIO;41340.82235512674
35;AJJWY;MADAGASCAR;KRW;784747.2854177982
36;AJJWY;BARBADOS;PAB;502.15371077669374
37;AJJWY;INDIA;TWD;984.8159474810723
38;AJJWY;LAO PEOPLE'S DEMOCRATIC REP;GYD;170212.49329474792
39;AJJWY;BOTSWANA;PKR;23876.204229681793
40;AJJWY;AZERBAIJAN;PEN;2331.84022015844
41;AJJWY;LIBYAN ARAB JAMAHIRIYA;PES;95160.63120132056
42;AJJWY;SWAZILAND;IQD;985439.0700573601
43;AJJWY;JAPAN;JOD;310.31208738231305
44;AJJWY;BELIZE;INR;35035.78343511573
45;AJJWY;MADAGASCAR;VUV;119352.87696504476
46;AJJWY;BRAZIL;IQD;486700.2736932512
47;AJJWY;JORDAN;BDT;16844.854470442453
48;HIVbc;VIET NAM;BIF;35684797.07721563
49;HIVbc;NAMIBIA;GTQ;150112.29131819448
50;HIVbc;CAYMAN ISLANDS;GMD;1249228.9399336628
51;HIVbc;BAHAMAS;SBD;163978.14466417686
52;HIVbc;EL SALVADOR;CNY;97747.97832945178
53;HIVbc;VENEZUELA;BZD;37684.367140082504
54;HIVbc;ARGENTINA;PLN;46716.842819737845
55;HIVbc;BAHRAIN;XCD;18876.47387314743
56;HIVbc;SOMALIA;HNL;210098.04423069
57;HIVbc;BANGLADESH;KYD;12474.143870171354
58;BLXXa;CENTRAL AFRICAN REPUBLIC;VUV;714630.501774909
59;BLXXa;PAPUA NEW GUINEA;CZK;64815.84670348646
60;BLXXa;GUINEA;SGD;7175.791387211841
61;BLXXa;HONG KONG;RUB;322844.82788798836
62;BLXXa;DENMARK;PHP;369911.39051452494
63;ELWZ3;CAMBODIA;STD;178334667.98880765
64;ELWZ3;TRINIDAD AND TOBAGO;LVL;928.608988174421
65;ELWZ3;LATVIA;RSD;1471443.999444822
66;ELWZ3;RUSSIAN FEDERATION;GNF;19665809.91216443
67;ELWZ3;NORWAY;GYD;886863.4198778484
68;ELWZ3;BELIZE;CNY;17925.719526815737
69;ELWZ3;SAMOA;DKK;41028.19612808049
70;ELWZ3;ANGOLA;BYR;139265954.50416523
71;ELWZ3;BAHRAIN;ANG;2350.724118890098
72;ELWZ3;IRAN (ISLAMIC REPUBLIC OF);MZN;818203.2588234155
73;ELWZ3;HUNGARY;KES;193957.16299456268
74;ELWZ3;TUNISIA;GMD;745322.7458448416
75;ELWZ3;BAHAMAS;LBP;14767874.928369818
76;ELWZ3;HUNGARY;RSD;1010346.3406326199
77;ELWZ3;TAIWAN, PROVINCE OF CHINA;BRL;83395.76693951731
78;ELWZ3;GAMBIA;CVE;937576.1246737654
79;ELWZ3;SIERRA LEONE;TTD;19690.583537428713
80;ELWZ3;QATAR;ARS;2639658.5778561863
81;ELWZ3;SOLOMON ISLANDS;BOB;3825.308290551609
82;ELWZ3;EURO;BDT;1018714.6146973954
83;HKLLa;QATAR;SYP;1380197.2489902817
84;HKLLa;BURUNDI;ZWL;819706.8432941068
85;HKLLa;SWAZILAND;SOS;312216.95855641126
86;HKLLa;FRENCH POLYNESIA;JOD;813.0243803638072
87;HKLLa;MALAYSIA;MZN;275894.65732343274
88;HKLLa;AZERBAIJAN;IDR;18976951.593404554
89;HKLLa;UNITED KINGDOM;MMK;3818903.777963042
90;HKLLa;COSTA RICA;IDR;68504431.5749457
91;HKLLa;CYPRUS;BMD;535.0811506257334
92;BDVWY;PERU;XCD;14050.272527795498
93;BDVWY;ANGOLA;GBP;14200.002432596197
94;BDVWY;UGANDA;XPF;1302634.611633604
95;BDVWY;SRI LANKA;BOB;28154.049794934563
96;BDVWY;EGYPT;PLN;78421.0879983748
97;BDVWY;SOMALIA;EUR;3701.6922952556924
98;EHVa3;BOLIVIA;BRL;4937.191204039925
99;EHVa3;SEYCHELLES;BDT;159214.45027096276
100;EHVa3;INDIA;FJD;11503.813972014372
101;EHVa3;GHANA;BGN;16178.066885057198
102;EHVa3;CAPE VERDE;UYU;83699.39177171353
103;EHVa3;INDIA;GNF;18770950.466895513
104;EHVa3;UKRAINE;EGP;204844.76480084524
105;EHVa3;AZERBAIJAN;INR;430991.17924121855
106;EHVa3;GUATEMALA;AOA;3916039.2222804176
107;EHVa3;LAO PEOPLE'S DEMOCRATIC REP;SGD;5937.384999211953
108;EHVa3;RUSSIAN FEDERATION;RSD;98763.7970033189
109;EHVa3;UGANDA;DZD;-8661.233400554327
110;EHVa3;ARUBA;TND;24615.429087650915
111;EHVa3;QATAR;BOB;26048.95265945016
112;EHVa3;GUYANA;UGX;7464565.761704067
113;EHVa3;ICELAND;PHP;443712.7440490198
114;EHVa3;THAILAND;CLP;7318390.263508736
115;EHVa3;BARBADOS;HUF;1202915.5238784687
116;EHVa3;UGANDA;CZK;78082.82865981795
117;EHVa3;MALDIVES;UAH;320659.25227318594
118;CMMWb;UKRAINE;SCR;91.07135741805568
119;CMMWb;NETHERLANDS ANTILLES;BHD;1082.4889663967708
120;CMMWb;CHINA;SAR;4438.530472892077
121;CMMWb;TOGO;ARS;609084.357060728
122;CMMWb;VIET NAM;GYD;299638.6215197108
123;CMMWb;VENEZUELA;MXN;32655.888753270054
124;CMMWb;KUWAIT;MMK;6326443.300811489
125;CMMWb;SINGAPORE;CZK;19372.535449379207
126;CMMWb;AUSTRALIA;AOA;848936.6036027271
127;CMMWb;KOREA, REPUBLIC OF;LBP;2730567.0597016555
128;CMMWb;MOZAMBIQUE;SDG;1224096.7669932456
129;CMMWb;ARGENTINA;BHD;488.87389758186356
130;CMMWb;SOMALIA;UAH;29897.26164910664
131;CMMWb;SAO TOME AND PRINCIPE;FJD;4449.054097070989
132;EMWYb;NETHERLANDS ANTILLES;PYG;43825591.514599524
133;EMWYb;AZERBAIJAN;XOF;2220264.3028827948
134;EMWYb;BRUNEI DARUSSALAM;PLN;9847.03817185712
135;EMWYb;MADAGASCAR;NZD;10032.958442622628
136;EMWYb;HUNGARY;TTD;7593.944444746784
137;EMWYb;CROATIA;CLP;1966782.945484626
138;EMWYb;SWITZERLAND;IQD;6045273.916766623
139;EMWYb;RWANDA;MMK;12254470.362050183
140;EMWYb;LIBERIA;STD;122354772.33888192
141;EMWYb;SOLOMON ISLANDS;RSD;275067.34641752637
142;EMWYb;GAMBIA;HRK;2003.6154443830671
143;EMWYb;VIET NAM;SLL;81644300.38716276
144;DHKNN;PAPUA NEW GUINEA;FJD;13383.010496055696
145;DHKNN;BAHRAIN;TWD;42919.05722349149
146;DHKNN;ZAMBIA;SYP;2435510.622083057
147;DHKNN;OMAN;LBP;882690.5167854213
148;DHKNN;PERU;SRD;230846.47330581798
149;DHKNN;BAHRAIN;IRR;280083489.54465187
150;DHKNN;DOMINICA;BBD;6569.005523673251
151;DHKNN;SOUTH AFRICA;DOP;-510.8132498323958
152;DHKNN;JAPAN;GTQ;3586.1271637532095
153;DHKNN;DOMINICAN REPUBLIC;DKK;25476.96381160098
154;DHKNN;MAURITANIA;LRD;496089.15830283024
155;DHKNN;HAITI;BHD;2832.369983594661
156;FIVZZ;CHINA;QAR;2138.589715428455
157;FIVZZ;UGANDA;KWD;1518.902738535006
158;FIVZZ;COSTA RICA;PAB;8601.602057718417
159;FIVZZ;BHUTAN;SBD;129344.60045249676
160;FIVZZ;TANZANIA, UNITED REPUBLIC OF;JPY;465081.2435131891
161;FIVZZ;ICELAND;CNY;34058.116693593045
162;FIVZZ;ALBANIA;MWK;1179562.0586221672
163;FIVZZ;MALAYSIA;ARS;3240971.9574341406
164;BGHLM;ICELAND;IRR;147468952.68524268
165;BGHLM;LAO PEOPLE'S DEMOCRATIC REP;MUR;106541.0679521913
166;BGHLM;SOUTH AFRICA;CNY;1213.7086362091263
167;BGHLM;TONGA;BRL;15981.550916204482
168;BGHLM;GUYANA;KWD;1064.0176641132969
169;BGHLM;SERBIA;FJD;4935.94813646786
170;BGHLM;PERU;PYG;25160314.86757442
171;BGHLM;MEXICO;CRC;253992.99763878892
172;BGHLM;HONDURAS;PYG;2687987.57834626
173;BGHLM;SOLOMON ISLANDS;BHD;400.4012580120003
174;BGHLM;CENTRAL AFRICAN REPUBLIC;CVE;193394.4038666927
175;BGHLM;DOMINICA;SYP;-12818.645530619011
176;BGHLM;ANGOLA;BSD;1130.863415043395
177;BGHLM;VIET NAM;BOB;724.6284880582438
178;BGHLM;GAMBIA;CLP;2207127.0854189224
179;BGHLM;PANAMA;PEN;5812.884198738401
180;BGHLM;BAHRAIN;BZD;2874.355575550747
181;BGHLM;ROMANIA;SBD;29155.865648796836
182;BGHLM;COLOMBIA;QAR;10301.360318896952
183;ADKLV;SAMOA;NGN;1242310.0660175758
184;ADKLV;UNITED ARAB EMIRATES;LKR;695510.3952995186
185;ADKLV;KAZAKHSTAN;HTG;173897.55039504828
186;ADKLV;GUYANA;EGP;47636.874833033246
187;ADKLV;UGANDA;SCR;25533.882518375714
188;ADKLV;CAPE VERDE;COP;17862413.79892064
189;ADKLV;MOROCCO;CRC;154840.50346140293
190;ILZc2;BARBADOS;AWG;556.020544750748
191;ILZc2;OMAN;TRY;9538.889564119505
192;ILZc2;KENYA;BGN;478.380531326872
193;ILZc2;MAURITIUS;HRK;665.4639472431211
194;ILZc2;CENTRAL AFRICAN REPUBLIC;THB;13331.14009014132
195;ILZc2;BAHAMAS;SCR;1296.7561429175164
196;ILZc2;BAHAMAS;VES;2115.0186862244655
197;ILZc2;DOMINICA;BRL;265.54427732172917
198;ILZc2;BERMUDA;ETB;287.7119336481627
199;GM122;ZIMBABWE;MWK;1734174.3839178204
200;GM122;SURINAME;DOP;106394.56411670076
201;GM122;CZECH REPUBLIC;WST;24004.521741194447
202;GM122;SIERRA LEONE;JPY;1162177.239142172
203;GM122;SYRIAN ARAB REPUBLIC;UAH;501336.4202422449
204;GM122;BAHRAIN;PGK;36784.34091208702
205;GM122;NEPAL;FJD;15503.185596455836
206;GM122;PAPUA NEW GUINEA;KHR;24141336.91677439
207;GM122;UGANDA;NOK;52461.633524341705
208;GM122;SOUTH AFRICA;IDR;163038577.31976923
209;GM122;NIGERIA;MGA;32477912.57670219
210;GM122;SWEDEN;NPR;1129856.5630872757
211;GM122;PANAMA;CVE;178673.22332776105
212;GM122;MACAU;ALL;1479958.6001538718
213;GM122;EURO;TRY;154629.1688734334
214;GM122;JAPAN;VUV;931375.6896479035
215;GM122;LEBANON;EGP;65180.57962519981
216;GM122;PERU;MAD;136144.38493369124
217;GM122;DENMARK;ZAR;198988.20059651628
218;BEJJV;ARGENTINA;PLN;898.2145095436987
219;BEJJV;BRUNEI DARUSSALAM;IRR;12512794.372343058
220;BEJJV;RWANDA;PAB;2855.206646044919
221;BEJJV;UNITED KINGDOM;SAR;8532.532555789117
222;BEJJV;ANGOLA;GMD;17193.748355379834
223;BEJJV;SIERRA LEONE;BRL;456.12968641725246
224;BEJJV;KAZAKHSTAN;UYU;23224.315531160773
225;BEJJV;THAILAND;DOP;86783.22925390201
226;BEJJV;MEXICO;PLN;2723.4912939011124
227;BEJJV;ISRAEL;AWG;3072.83822766911
228;BEJJV;ARGENTINA;GBP;1886.5936842177132
229;BEJJV;NETHERLANDS ANTILLES;BMD;1429.8906906539794
230;BEJJV;SOUTH AFRICA;WST;4458.481688361223
231;BEJJV;ZAMBIA;JPY;64578.21333083251
232;BEJJV;SEYCHELLES;CNY;17289.058445916147
233;BEJJV;KUWAIT;TRY;51510.71780529572
234;BEJJV;NEW ZEALAND;KES;13057.76006046433
235;BEJJV;ARGENTINA;MWK;701583.5069790838
236;AFHb3;SIERRA LEONE;TOP;6246.513180083469
237;AFHb3;JORDAN;HUF;336575.38460169116
238;AFHb3;SOMALIA;TND;1349.7257757202908
239;AFHb3;BULGARIA;BTN;223100.7960299781
240;AFHb3;NAMIBIA;JOD;2233.340384731883
241;AFHb3;OMAN;KZT;1780578.6700285457
242;AFHb3;DOMINICA;KZT;1524607.1265280435
243;AFHb3;SERBIA;PGK;9048.061747603406
244;AFHb3;SAMOA;UYU;63107.392055403565
245;AFHb3;CROATIA;BZD;6519.96187393562
246;AFHb3;CANADA;CAD;762.8790166032722
247;AFHb3;GHANA;TRY;52953.900766693136
248;AFHb3;CAPE VERDE;GTQ;5035.239439346122
249;FJWb2;GAMBIA;BDT;228925.50250654583
250;FJWb2;FRENCH POLYNESIA;CVE;65741.72384382568
251;FJWb2;ALGERIA;XOF;1350067.0439875324
252;FJWb2;QATAR;KYD;536.1041135694321
253;FJWb2;NIGERIA;LBP;122313.55639319679
254;FJWb2;UNITED KINGDOM;MMK;13232639.111489411
255;FJWb2;BOTSWANA;KHR;11916537.102511063
256;FJWb2;SUDAN;MZN;464575.36084113416
257;FJWb2;RWANDA;HRK;13651.114866738026
258;FJWb2;VENEZUELA;QAR;18097.097433005027
259;FJWb2;SOMALIA;NAD;48078.09410954084
260;FJWb2;IRAN (ISLAMIC REPUBLIC OF);BHD;864.4471412409858
261;CWZab;TONGA;THB;117929.14141158368
262;CWZab;UNITED ARAB EMIRATES;QAR;301.5815653773333
263;CWZab;CANADA;KRW;6058154.669711857
264;CWZab;LIBYAN ARAB JAMAHIRIYA;DOP;43528.40472950292
265;CWZab;QATAR;UYU;75743.65631431657
266;CWZab;SYRIAN ARAB REPUBLIC;SDG;2154311.57374168
267;CWZab;VANUATU;ISK;374256.762605239
268;CWZab;BARBADOS;STD;59052996.42292568
269;CWZab;TAIWAN, PROVINCE OF CHINA;HTG;552628.3241747265
270;CWZab;DOMINICA;BRL;37242.77480467548
271;CWZab;TAIWAN, PROVINCE OF CHINA;TZS;14961325.40178885
272;CWZab;FIJI;DOP;324168.68113331293
273;CWZab;HAITI;HUF;1406343.512353544
274;CWZab;INDIA;KYD;2987.5488687271272
275;CWZab;MACAU;STD;140167775.5070478
276;CWZab;GUYANA;STD;27361640.873780288
277;CWZab;DOMINICA;HKD;44309.92065635373
278;CWZab;LATVIA;CYP;1897.6161811977136
279;CWZab;GUYANA;GYD;776572.913009421
280;GGWWZ;BANGLADESH;XOF;45638.1667278025
281;EELac;NETHERLANDS ANTILLES;ANG;25200.262460192964
282;EELac;UNITED ARAB EMIRATES;SGD;26449.333819584903
283;EELac;FIJI;LYD;44677.94930513634
284;EELac;OMAN;UGX;35203135.521761276
285;EELac;AUSTRALIA;RWF;11844501.874182703
286;EELac;PAKISTAN;BMD;6747.697968204528
287;EELac;TANZANIA, UNITED REPUBLIC OF;NZD;13435.787709976157
288;EELac;PANAMA;PHP;616462.3479187674
289;EELac;BAHRAIN;NAD;296070.0633401368
290;EELac;ROMANIA;BRL;98702.38083602488
291;EELac;NAMIBIA;AWG;13888.53901503311
292;EELac;CZECH REPUBLIC;KHR;45939782.87115029
293;EELac;NEW ZEALAND;FJD;37680.74249543893
294;EELac;SURINAME;IRR;680137696.3544208
295;EELac;EL SALVADOR;EUR;3816.04786767889
296;EELac;CAMBODIA;BTN;1485303.7033409234
297;EELac;PERU;NZD;24690.778721018116
298;FFGK2;RWANDA;BMD;3518.443916305624
299;FFGK2;NICARAGUA;BRL;34236.227823852685
300;FFGK2;SAO TOME AND PRINCIPE;PAB;7683.72459546051
301;FFGK2;PERU;LRD;451815.8362951208
302;FFGK2;DJIBOUTI;AOA;9651008.562849054
303;FFGK2;MACAU;MUR;283259.70951062173
304;FFGK2;VIET NAM;ANG;11578.378011003946
305;FFGK2;MEXICO;ANG;51417.34414483052
306;FFGK2;FRENCH POLYNESIA;JMD;542347.5896724539
307;FFGK2;GAMBIA;BBD;3834.6107645144557
308;BEWY3;SWITZERLAND;GNF;13676025.571687056
309;BEWY3;IRAN (ISLAMIC REPUBLIC OF);SCR;76212.09678662232
310;BEWY3;NORWAY;MAD;61712.02563261122
311;BEWY3;ISRAEL;TTD;6690.937949028139
312;BEWY3;QATAR;ILS;2526.3378887674994
313;BEWY3;GUATEMALA;BZD;11870.017178204376
314;BEWY3;ZIMBABWE;MOP;24615.407864263536
315;BEWY3;THAILAND;LVL;934.6716096753848
316;BEWY3;MAURITANIA;MMK;12445203.852470864
317;BEWY3;PAKISTAN;BSD;5327.477453129167
318;BEWY3;INDONESIA;ARS;1210444.9031473054
319;BEWY3;ANGOLA;TND;9942.943562181199
320;BEWY3;ALBANIA;GTQ;25963.770184596153
321;BEWY3;OMAN;NZD;6509.492059387771
322;BEWY3;OMAN;MRO;1895576.4777903114
323;BEWY3;BRAZIL;LAK;41812981.62807199
324;HV111;ISRAEL;PKR;66480.4004202096
325;HV111;THAILAND;ALL;703487.3357652492
326;HV111;TAIWAN, PROVINCE OF CHINA;BWP;103765.76675496931
327;HV111;GUYANA;VES;104495.06172235595
328;HV111;JAMAICA;YER;710255.675942425
329;HV111;OMAN;SBD;20553.165384611606
330;HV111;GUYANA;NPR;198009.3826606109
331;HV111;BAHAMAS;INR;413766.4373040078
332;HV111;SINGAPORE;STD;180346250.8723337
333;HV111;SOUTH AFRICA;SEK;55841.52423052785
334;HV111;TOGO;ILS;17126.86960377461
335;HV111;BULGARIA;BDT;427410.8303537706
336;GNVY1;CYPRUS;ISK;1714923.8982150673
337;GNVY1;TUNISIA;SDG;5978758.786044885
338;GNVY1;MAURITANIA;SRD;91335.88934047255
339;GNVY1;FIJI;KWD;2756.309844512042
340;GNVY1;IRAQ;SGD;4358.115878813873
341;GNVY1;SUDAN;TZS;43390134.35566355
342;GNVY1;EURO;HUF;7467795.74737443
343;GNVY1;EGYPT;MRO;3437318.982796034
344;AAABM;CHINA;PHP;27934.92390713013
345;AAABM;PARAGUAY;NOK;6214.914045745123
346;AAABM;KAZAKHSTAN;SVC;4106.7304421238
347;AAABM;SINGAPORE;LVL;196.98587747345033
348;AAABM;ARGENTINA;IQD;456664.3517537298
349;ACMMM;VANUATU;GBP;278.00895150081453
350;ACMMM;ARUBA;SLL;538489.3511999102
351;ACMMM;KUWAIT;ZAR;2366.2125502592144
352;CEMX1;UNITED ARAB EMIRATES;JOD;379.71654282732203
353;CEMX1;DOMINICA;HTG;72954.0166474571
354;CEMX1;MALAWI;TWD;12727.564278016427
355;CEMX1;INDIA;GNF;4323789.101958258
356;CEMX1;DOMINICAN REPUBLIC;LYD;1655.458633723134
357;CEMX1;SEYCHELLES;KWD;119.95689964053182
358;CEMX1;BURUNDI;VES;7874.081806872351
359;CEMX1;GHANA;MOP;6070.309862985076
360;CEMX1;MAURITANIA;ZAR;725.3429466528289
361;CEMX1;URUGUAY;YER;113205.78301850909
362;CEMX1;SEYCHELLES;MYR;2257.3348813652265
363;CEMX1;PERU;MWK;683918.2649168852
364;DEYZ3;TRINIDAD AND TOBAGO;COP;5076164.31504634
365;DEYZ3;YEMEN;KHR;9269412.125459729
366;DEYZ3;TURKEY;SOS;847777.5430638142
367;DEYZ3;MACAU;CVE;228286.9766394109
368;DEYZ3;ALBANIA;ARS;987951.7312178252
369;DEYZ3;TANZANIA, UNITED REPUBLIC OF;DKK;23222.441689684423
370;DEYZ3;JAPAN;AZN;5903.640403634619
371;DEYZ3;BOTSWANA;SDG;3419355.7964335876
372;DEYZ3;EL SALVADOR;ARS;630615.9639184746
373;DEYZ3;SOLOMON ISLANDS;WST;7203.243713188545
374;DEYZ3;NEW ZEALAND;NPR;52550.325772717304
375;DEYZ3;KUWAIT;CAD;3828.697383235454
376;DEYZ3;HUNGARY;GNF;49112623.32803713
377;DEYZ3;LIBYAN ARAB JAMAHIRIYA;XAF;3351283.6893447987
378;DEYZ3;CHILE;SBD;33886.443224036055
379;DEYZ3;INDIA;CLP;3372787.291766841
380;EIN33;SWEDEN;UGX;47512689.12296625
381;EIN33;TOGO;CAD;15944.215063207797
382;EIN33;RWANDA;NGN;489130.8753125084
383;EIN33;MALAYSIA;TWD;108658.85082058121
384;JKN23;PAPUA NEW GUINEA;TWD;219748.19789927462
385;JKN23;IRAN (ISLAMIC REPUBLIC OF);DZD;619111.8073415238
386;JKN23;POLAND;MGA;47603717.45556737
387;CCH33;SIERRA LEONE;IQD;3326706.92561568
388;CCH33;TANZANIA, UNITED REPUBLIC OF;RUB;340667.5903747155
389;CCH33;NIGERIA;VND;123219311.35875672
390;CCH33;JORDAN;JOD;2427.1298996964033
391;CCH33;MACAU;MRO;103723.02288707049
392;CCH33;BURUNDI;LAK;142206148.88879558
393;CCH33;BAHRAIN;YER;1501846.5094558385
394;CJWZZ;CAPE VERDE;VES;61329.42401556397
395;CJWZZ;SWITZERLAND;BRL;17764.107049321512
396;CJWZZ;COSTA RICA;BWP;23648.291564191804
397;BZ113;HONDURAS;BDT;150346.52998587347
398;BZ113;SINGAPORE;BTN;140654.42298356962
399;BZ113;VENEZUELA;MXN;32922.63916808412
400;BZ113;ZAMBIA;PHP;112871.46491647753
401;BZ113;UGANDA;BZD;3622.0149313035604
402;BZ113;MACAU;ZMW;8798.902870032396
403;BZ113;PHILIPPINES;HRK;16441.465961474918
404;BZ113;NORWAY;SEK;17883.010430082624
405;BZ113;IRAQ;RWF;1984877.1683919285
406;CEHLM;EURO;CRC;623796.2361116017
407;CEHLM;THAILAND;LYD;4197.808177778092
408;CEHLM;INDONESIA;HKD;64.27368052012753
409;CEHLM;CROATIA;CHF;97.63117578695362
410;CEHLM;BHUTAN;SCR;17567.288050463005
411;CEHLM;KAZAKHSTAN;KWD;194.17778893175696
412;CEHLM;TURKEY;LAK;1059397.2288798231
413;CEHLM;BELIZE;JMD;40095.9317973012
414;CEHLM;PANAMA;RSD;50627.94249896492
415;CEHLM;MOZAMBIQUE;THB;20509.850652861496
416;CEHLM;COSTA RICA;TND;3744.0082957683485
417;CEHLM;THAILAND;MXN;23600.456515708236
418;CEHLM;EURO;LBP;416.3517348594984
419;CMYbc;MOZAMBIQUE;CRC;2541966.884013586
420;CMYbc;SUDAN;BBD;7126.662111465564
421;CMYbc;IRAN (ISLAMIC REPUBLIC OF);IDR;60576054.86529988
422;CMYbc;URUGUAY;CAD;3810.224773696463
423;CMYbc;MOROCCO;HKD;25954.442589933864
424;CMYbc;SWITZERLAND;PEN;3485.344075048006
425;CMYbc;HONDURAS;ETB;206615.41833712274
426;CMYbc;IRAQ;DJF;632083.7036079874
427;CMYbc;CAYMAN ISLANDS;CZK;17949.94275350626
428;CMYbc;SWEDEN;FJD;2595.9180576758017
429;CMYbc;PAKISTAN;CAD;1984.8037876981232
430;CMYbc;HAITI;SYP;960037.4019537244
431;CMYbc;LIBYAN ARAB JAMAHIRIYA;BGN;8585.189234375528
432;CMYbc;MAURITANIA;SBD;4758.449606681028
433;CMYbc;CZECH REPUBLIC;MYR;9299.743777253741
434;FIKM1;SUDAN;KHR;39430778.09723863
435;FIKM1;SWEDEN;ARS;536949.5674067871
436;FIKM1;NICARAGUA;JMD;1576007.2721586372
437;FIKM1;NEPAL;VES;245248.92768031041
438;FIKM1;TAIWAN, PROVINCE OF CHINA;RSD;78493.25015500201
439;FIKM1;UNITED ARAB EMIRATES;PES;1234147.0362924114
440;FIKM1;POLAND;DJF;1540169.6526523046
441;FIKM1;GHANA;VND;320271879.0716023
442;FIKM1;PAPUA NEW GUINEA;SBD;43309.45024854231
443;FIKM1;ETHIOPIA;MGA;19284922.91712086
444;FIKM1;SRI LANKA;DJF;1955487.445734906
445;FIKM1;SERBIA;VES;225369.1470524495
446;FIKM1;LIBERIA;SRD;113708.14802858536
447;FIKM1;BARBADOS;SOS;7191345.832619391
448;FIKM1;CYPRUS;NAD;141856.88303825047
449;FIKM1;ZIMBABWE;IQD;12246616.793956878
450;FIKM1;SYRIAN ARAB REPUBLIC;KYD;6930.352879606568
451;FIKM1;CHINA;MGA;58919072.164171286
452;FIKM1;SWITZERLAND;CZK;294419.30376031226
453;FIKM1;CANADA;DOP;641300.9992526919
454;FFIY3;BARBADOS;HTG;-440.83823614998806
455;FFIY3;HAITI;ANG;764.8969051560306
456;FFIY3;JAMAICA;MRO;19680.1577083449
457;FFIY3;CAYMAN ISLANDS;AZN;863.251907285733
458;FFIY3;LEBANON;MYR;646.075988620464
459;EFKLa;BRAZIL;MOP;126446.00444247562
460;EFKLa;NICARAGUA;BHD;8607.69277428218
461;EFKLa;IRAQ;ARS;5604342.668369822
462;EFKLa;VENEZUELA;EUR;13136.535620960425
463;EFKLa;SOLOMON ISLANDS;NPR;1637450.2943427556
464;EFKLa;PERU;ALL;1447065.425647383
465;EFKLa;SINGAPORE;HNL;-7126.058753250549
466;EFKLa;BOTSWANA;NOK;238435.25684387685
467;EFKLa;MOROCCO;CHF;21206.278380678574
468;EFKLa;LAO PEOPLE'S DEMOCRATIC REP;BOB;31353.82298337785
469;EFKLa;GUATEMALA;BND;34146.65212342885
470;EFKLa;VANUATU;BTN;1385989.0479220648
471;CCHKc;NEPAL;BZD;1820.6151482380333
472;CCHKc;UGANDA;XCD;13001.598270736007
473;CCHKc;ARGENTINA;BMD;2112.5551984400795
474;CCHKc;CYPRUS;PYG;19918193.44621537
475;CCHKc;GUINEA;MAD;47256.828409467766
476;CCHKc;FIJI;EUR;776.8712820502622
477;CCHKc;SERBIA;NIO;20065.53031630441
478;CCHKc;TRINIDAD AND TOBAGO;JOD;371.0157021274368
479;CCHKc;MACAU;HNL;151742.66450949217
480;CCHKc;MAURITANIA;PLN;14547.296586198598
481;CCHKc;CZECH REPUBLIC;TRY;106065.36887739623
482;CCHKc;ANGOLA;MOP;53164.29795535556
483;CCHKc;CAYMAN ISLANDS;CZK;176174.6419258076
484;CCHKc;POLAND;DZD;767443.8801916514
485;CCHKc;MACAU;LKR;791164.904492906
486;CMNVb;NETHERLANDS ANTILLES;TND;17978.313226951057
487;CMNVb;NEW ZEALAND;DJF;123282.01055415749
488;CMNVb;GUINEA;SAR;2638.92547956333
489;CMNVb;SAUDI ARABIA;CNY;23151.428534992865
490;CMNVb;SAUDI ARABIA;LKR;1019474.6543847757
491;CMNVb;CENTRAL AFRICAN REPUBLIC;LRD;173467.2927094235
492;CMNVb;SAMOA;AUD;10727.298740626618
493;CMNVb;HAITI;SAR;22499.322934099968
494;CMNVb;TANZANIA, UNITED REPUBLIC OF;BGN;8358.09147182377
495;CMNVb;ZAMBIA;WST;16726.610329126495
496;CMNVb;KAZAKHSTAN;LVL;3363.2666209448803
497;CMNVb;CYPRUS;MUR;313490.8588101189
498;CMNVb;BOLIVIA;MAD;76158.04293951731
499;CMNVb;BAHAMAS;UYU;250160.98654190905
500;CMNVb;CHILE;SEK;51650.066201433794
501;CMNVb;KOREA, REPUBLIC OF;RON;9555.237583884276
502;CMNVb;ETHIOPIA;BRL;28032.323961168193
503;CMNVb;CROATIA;SEK;41243.53434455232
504;CMNVb;COSTA RICA;AUD;3066.334106769772
505;CMNVb;RUSSIAN FEDERATION;TOP;13026.356785377551
506;CFXYc;SYRIAN ARAB REPUBLIC;VND;562648677.3138418
507;CFXYc;BULGARIA;SCR;105195.83227081396
508;CFXYc;ZAMBIA;KRW;20143284.774668217
509;CFXYc;KUWAIT;BND;19500.93925068121
510;CFXYc;PERU;NZD;35109.28425096162
511;CFXYc;RUSSIAN FEDERATION;NAD;34512.469161325316
512;CFXYc;DENMARK;SYP;6409661.19709322
513;CFXYc;CAMBODIA;PAB;7516.618816829187
514;CFXYc;KENYA;AWG;50986.96209058678
515;CFXYc;BRUNEI DARUSSALAM;IRR;221290670.30458254
516;CFXYc;GAMBIA;KRW;29146842.541193135
517;CFXYc;CROATIA;LAK;355144167.69771683
518;CFXYc;LIBERIA;BSD;20667.052902194428
519;CFXYc;YEMEN;NAD;-2125.401326650533
520;FHWZ2;EGYPT;BWP;9008.798340693129
521;FHWZ2;CROATIA;PKR;212449.1657516015
522;FHWZ2;NICARAGUA;NGN;497757.2563711621
523;FHWZ2;FRENCH POLYNESIA;SBD;3057.0347238181766
524;Ya122;BANGLADESH;CHF;5350.886170209439
525;Ya122;ARUBA;ALL;35390.732587949955
526;Ya122;SYRIAN ARAB REPUBLIC;HRK;37590.24242630618
527;Gbb22;SUDAN;OMR;1576.0643334786828
528;Gbb22;HONDURAS;MUR;262365.28048099816
529;Gbb22;CAYMAN ISLANDS;ALL;347459.62614879257
530;Gbb22;BELIZE;LRD;11645.256384866132
531;Gbb22;POLAND;ZMW;50706.523423497914
532;Gbb22;AUSTRALIA;DKK;28304.68188482951
533;Gbb22;SINGAPORE;PES;305935.9991922174
534;Gbb22;PERU;QAR;20490.177422834542
535;Gbb22;MOZAMBIQUE;XAF;1805090.5274237688
536;Gbb22;JAMAICA;CHF;624.3716205336801
537;Gbb22;IRAN (ISLAMIC REPUBLIC OF);DOP;142644.42392130275
538;Gbb22;NETHERLANDS ANTILLES;KYD;3213.7895787705907
539;Gbb22;SAUDI ARABIA;SAR;-49.545127360216405
540;Gbb22;KENYA;BSD;2721.2785371471027
541;Gbb22;KOREA, REPUBLIC OF;JPY;446172.8428012888
542;Gbb22;NETHERLANDS ANTILLES;SZL;103410.70390860901
543;Gbb22;EL SALVADOR;BTN;216451.69369485133
544;Gbb22;ISRAEL;TTD;23912.06962877376
545;Gbb22;MYANMAR;STD;43895467.87050143
546;EEGMZ;PAKISTAN;TTD;76031.99578925758
547;EEGMZ;NEPAL;SVC;200769.950979526
548;EEGMZ;CAMBODIA;CNY;11645.772139278615
549;EEGMZ;AZERBAIJAN;GHS;168428.4479343172
550;EEGMZ;CAYMAN ISLANDS;DZD;268364.65670804196
551;EEGMZ;CAYMAN ISLANDS;HTG;2659480.82941663
552;EEGMZ;BAHRAIN;EUR;10060.545405762774
553;EEGMZ;UNITED ARAB EMIRATES;COP;116408760.73074853
554;EEGMZ;DJIBOUTI;LAK;84337055.10062394
555;EEGMZ;ALBANIA;CHF;17642.005139919736
556;EEGMZ;NEPAL;CZK;187691.53147411466
557;EEGMZ;ZIMBABWE;CNY;3743.9267464759696
558;ADEMY;AZERBAIJAN;BGN;3217.2897295585576
559;ADEMY;YEMEN;BTN;347479.6930258566
560;ADEMY;UKRAINE;BSD;1826.3924291581088
561;ADEMY;BANGLADESH;BGN;3871.0156214156686
562;ADEMY;TONGA;KZT;273051.709608216
563;ADEMY;DENMARK;DZD;670251.2531446555
564;ADEMY;AZERBAIJAN;HNL;16437.1972791335
565;ADEMY;SOLOMON ISLANDS;QAR;9209.514814710694
566;ADEMY;SAO TOME AND PRINCIPE;THB;48513.1279767643
567;ADEMY;IRAQ;ETB;7662.437852493503
568;ADEMY;MALAYSIA;CYP;366.3655382760066
569;ADEMY;NEW ZEALAND;NAD;80620.93864923531
570;ADEMY;GUYANA;HRK;28869.253077352652
571;ADEMY;DOMINICA;LYD;4693.535743235652
572;ADEMY;LATVIA;CAD;2129.0069029387287
573;ADEMY;FRENCH POLYNESIA;MWK;2907461.8163662646
574;CHHZc;LIBERIA;CYP;1658.262762695016
575;CHHZc;MALDIVES;PGK;15505.370413283681
576;CHHZc;INDONESIA;AOA;1749428.633869036
577;CHHZc;CAYMAN ISLANDS;UGX;5140187.267859634
578;CHHZc;TONGA;SYP;370785.2470670344
579;CHHZc;KOREA, REPUBLIC OF;BWP;1505.4210737338908
580;CHHZc;MOROCCO;LAK;76438734.73414926
581;CHHZc;SAMOA;VUV;199957.4427413772
582;CHHZc;PAKISTAN;UYU;-922.1261612138751
583;CHHZc;SAMOA;GHS;24288.054711551395
584;CHHZc;EURO;VUV;402889.2734887306
585;CHHZc;SOUTH AFRICA;NIO;146573.0958802237
586;CHHZc;BARBADOS;ZMW;33779.18671256564
587;ACWWW;CYPRUS;SCR;369158.31788536656
588;ACWWW;BULGARIA;BBD;42812.58639310238
589;ACWWW;ALBANIA;LAK;23722972.050376453
590;FNXcc;SOLOMON ISLANDS;MXN;116457.28918126826
591;FNXcc;CAPE VERDE;VND;34647814.13028254
592;FNXcc;SWITZERLAND;SGD;1251.3349607651637
593;FNXcc;SWAZILAND;LVL;1016.9431701347836
594;FNXcc;AUSTRALIA;UGX;5548374.3177203685
595;FNXcc;DJIBOUTI;LYD;16874.699814669686
596;FNXcc;DENMARK;OMR;274.2633199699947
597;FNXcc;TUNISIA;LYD;5287.429791410175
598;FNXcc;BAHAMAS;TOP;6414.296708918905
599;FNXcc;PHILIPPINES;SBD;46454.95664614536
600;FNXcc;SEYCHELLES;AUD;7394.177979054791
601;FNXcc;JAMAICA;SLL;12310268.745061746
602;FNXcc;MOZAMBIQUE;PAB;5901.653549720351
603;FNXcc;CAMBODIA;MAD;59258.4906240543
604;FNXcc;MYANMAR;PEN;25958.532428325514
605;BHbbc;ROMANIA;VES;20237.41567342531
606;BHbbc;SINGAPORE;SDG;186045.0054655459
607;BHbbc;BOLIVIA;BRL;4116.18454409734
608;BHbbc;ZAMBIA;PES;24123.79678708498
609;GMXc3;ARUBA;TOP;23154.427608861002
610;GMXc3;CAMBODIA;BND;19307.487126389646
611;GMXc3;SIERRA LEONE;BSD;2551.747760408308
612;GMXc3;BAHAMAS;BIF;14545651.700005967
613;GMXc3;BAHRAIN;DZD;1238303.6974930053
614;GMXc3;EL SALVADOR;PYG;26040710.323276795
615;GMXc3;LIBERIA;SVC;36599.82098999739
616;GMXc3;TONGA;LKR;4198977.038430862
617;GMXc3;CAMBODIA;NGN;1947504.2544812458
618;GMXc3;POLAND;BIF;17603188.812115397
619;GMXc3;QATAR;PKR;995870.0969421803
620;GMXc3;RWANDA;SGD;6787.068518801424
621;GMXc3;GUATEMALA;ZAR;163801.98445630356
622;GMXc3;SYRIAN ARAB REPUBLIC;BGN;5393.3230160836065
623;GMXc3;CAMBODIA;OMR;4902.947727586844
624;GMXc3;VANUATU;VND;201150963.06467167
625;GMXc3;NAMIBIA;VES;237727.1769563213
626;GMXc3;SOMALIA;SRD;440629.9431682893
627;GMXc3;CAMBODIA;HRK;31062.44564673623
628;DIIY1;ZAMBIA;NZD;10450.294110264336
629;DIIY1;PAKISTAN;HRK;54586.587170283834
630;DIIY1;PERU;IQD;4198030.625636233
631;AMVXc;UKRAINE;BZD;2201.7300077064847
632;AMVXc;AZERBAIJAN;ILS;6030.444797817876
633;AMVXc;BRUNEI DARUSSALAM;EUR;633.9355265254824
634;AMVXc;SUDAN;ETB;75881.11450180075
635;AMVXc;MOZAMBIQUE;PHP;23152.61992708528
636;AMVXc;IRAQ;AUD;2292.2570348980607
637;AMVXc;JAPAN;SZL;25118.168625137896
638;ABGW2;BOTSWANA;CYP;3537.3398736778727
639;ABGW2;URUGUAY;KRW;11175436.03806146
640;ABGW2;BOTSWANA;MZN;1091615.0756826545
641;ABGW2;UKRAINE;PHP;685918.030900263
642;ABGW2;PARAGUAY;ZWL;7988759.707524104
643;ABGW2;MAURITANIA;MOP;115604.72792173355
644;ABGW2;HUNGARY;VUV;351778.31418649544
645;ABGW2;MALAYSIA;EGP;110003.69803061767
646;ABGW2;JAPAN;SEK;153215.49756591508
647;ABGW2;SIERRA LEONE;XCD;35092.55025660495
648;ABGW2;CAPE VERDE;KHR;43049736.08158571
649;ILMXc;KOREA, REPUBLIC OF;JMD;1546989.2042789701
650;ILMXc;MALAWI;JPY;1953695.5708834932
651;ILMXc;DJIBOUTI;VES;184929.52643338958
652;ILMXc;SAO TOME AND PRINCIPE;MWK;9893544.505257467
653;ILMXc;EL SALVADOR;CHF;13461.711023708585
654;ILMXc;MAURITIUS;CHF;53.078763168977375
655;ILMXc;URUGUAY;ANG;20128.136691642274
656;IIWYY;EURO;PKR;246735.69792478078
657;DEKMZ;DOMINICA;XOF;8497599.889569264
658;DEKMZ;COSTA RICA;BSD;4510.914771609883
659;DEKMZ;QATAR;PAB;2814.2638708126
660;DEKMZ;LEBANON;BOB;14455.909343843412
661;AFFNW;VENEZUELA;IDR;113750673.87246417
662;AFFNW;BULGARIA;BND;3654.358548139803
663;AFFNW;HAITI;BTN;299544.38175159384
664;AFFNW;TAIWAN, PROVINCE OF CHINA;CRC;347620.94690017623
665;AFFNW;MACAU;BHD;2353.550949831441
666;AFFNW;TAIWAN, PROVINCE OF CHINA;CAD;7846.107733295216
667;DIIN3;OMAN;IRR;125988481.6177884
668;DIIN3;GAMBIA;ZWL;783250.6334893885
669;DIIN3;EURO;QAR;20170.869243739668
670;DIIN3;YEMEN;HKD;39986.01362104939
671;DIIN3;YEMEN;XPF;173561.56622280373
672;DIIN3;ISRAEL;PGK;14448.535440625636
673;DIIN3;HONDURAS;PKR;1035303.9277317122
674;DIIN3;EGYPT;BYR;190085501.42732447
675;DIIN3;BULGARIA;CAD;1685.245763750173
676;DIIN3;NAMIBIA;IDR;35247318.85767213
677;DIIN3;ISRAEL;ZAR;59143.301952441674
678;DIIN3;YEMEN;PAB;4187.9081546855305
679;DIIN3;NIGERIA;WST;22053.350311060847
680;GHXZZ;AUSTRALIA;ETB;90272.4925306045
681;GHXZZ;BELARUS;TWD;53473.607395231695
682;GHXZZ;CANADA;CLP;1484808.9146515774
683;GHXZZ;RWANDA;ANG;1216.1491395762498
684;GHXZZ;SAMOA;KZT;138178.994825578
685;GHXZZ;ARGENTINA;ISK;289667.6310668211
686;BEXc2;MAURITANIA;BZD;10685.559267225737
687;BEXc2;CROATIA;MRO;2057742.9666557116
688;BEXc2;RWANDA;NOK;8241.080399097274
689;BEXc2;VIET NAM;MXN;101911.47425034203
690;BEXc2;GAMBIA;ZWL;2904757.3449261333
691;BEXc2;HONDURAS;XPF;33645.50543258821
692;BEXc2;SYRIAN ARAB REPUBLIC;XPF;495969.60199432814
693;BEXc2;SAO TOME AND PRINCIPE;IDR;56301099.18736041
694;BEXc2;BERMUDA;SLL;9369661.472725771
695;BEXc2;MALAYSIA;MOP;42549.59641460714
696;BEXc2;UGANDA;SEK;6999.9636145211625
697;BEXc2;TUNISIA;IRR;5426305.248377367
698;BEXc2;PAKISTAN;KHR;15780725.204295717
699;Aabcc;ALGERIA;BBD;1581.2299212783832
700;Aabcc;VIET NAM;MZN;24408.496617922057
701;Aabcc;TURKEY;XOF;110920.32081027223
702;Aabcc;FRENCH POLYNESIA;XCD;1756.7662729540139
703;Aabcc;COSTA RICA;CYP;282.69916586229937
704;MXWW1;SUDAN;ZMW;2851.9577531471673
705;MXWW1;IRAN (ISLAMIC REPUBLIC OF);SOS;40442.05015189458
706;MXWW1;GUATEMALA;OMR;24.512996054960052
707;MXWW1;TANZANIA, UNITED REPUBLIC OF;SAR;68.58572142584947
708;MXWW1;SRI LANKA;MAD;1371.3391034930994
709;MXWW1;SYRIAN ARAB REPUBLIC;NAD;3111.889728410081
710;MXWW1;BRAZIL;ZWL;110759.13809890172
711;MXWW1;ROMANIA;MGA;736751.6400342219
712;MXWW1;ZIMBABWE;RSD;13427.909339551861
713;MXWW1;KENYA;MOP;1020.0303898021705
714;MXWW1;SWITZERLAND;IQD;77309.42609589596
715;MXWW1;SOMALIA;AED;305.22702637504227
716;MXWW1;AUSTRALIA;AZN;116.29336268533083
717;MXWW1;UNITED KINGDOM;SGD;189.1834949680671
718;MXWW1;BARBADOS;ETB;6098.35309795053
719;MXWW1;KENYA;COP;751957.465081839
720;MXWW1;YEMEN;KRW;135946.35491903304
721;MXWW1;NEW ZEALAND;PLN;161.98894761013725
722;BBINc;SYRIAN ARAB REPUBLIC;MWK;812555.6763077776
723;BBINc;DENMARK;CYP;3336.6311583256465
724;BBINc;CAMBODIA;TWD;246974.87511518179
725;BBINc;MOROCCO;TND;14741.642100847761
726;BBINc;MOROCCO;ARS;1372906.551189725
727;BBINc;LEBANON;MZN;351572.3289958064
728;BBINc;KUWAIT;AZN;11660.090920601166
729;BBINc;FIJI;EGP;51168.70423423109
730;BBINc;SYRIAN ARAB REPUBLIC;INR;233499.62389158516
731;BBINc;BAHRAIN;XOF;1429464.9653363694
732;BBINc;MOZAMBIQUE;PES;352660.78835184977
733;BBINc;PHILIPPINES;HUF;2412701.5795698436
734;BBINc;IRAN (ISLAMIC REPUBLIC OF);XAF;3438256.1851979904
735;BBINc;DENMARK;CRC;3827568.185016868
736;ACKLY;LIBERIA;VES;20833.797301781204
737;ACKLY;GUYANA;SYP;404292.62578645156
738;ACKLY;BRAZIL;AWG;8470.212544642332
739;ACKLY;HUNGARY;ZWL;3724382.2825509897
740;ACKLY;DOMINICAN REPUBLIC;RON;4108.223040648094
741;ACKLY;UNITED ARAB EMIRATES;LBP;4110911.8598606326
742;ACKLY;SWEDEN;SLL;108995759.45427234
743;ACKLY;URUGUAY;SZL;24690.24496983093
744;ACKLY;BRAZIL;CLP;6612302.684322774
745;ACKLY;PANAMA;BHD;579.1569587570541
746;ACKLY;TOGO;STD;55126408.63040093
747;ACKLY;SURINAME;KWD;588.1817509557314
748;ACKLY;CAPE VERDE;GBP;5349.597053291767
749;ACKLY;ETHIOPIA;RON;13872.015640327101
750;ACKLY;ROMANIA;QAR;6686.843771596547
751;ACKLY;OMAN;LKR;2059965.90255471
752;ACKLY;GAMBIA;ISK;587708.9683122194
753;ACKLY;SAMOA;SEK;-168.26030084786154
754;ACKLY;PAKISTAN;ALL;35899.94411060729
755;ACKLY;FIJI;BWP;52965.133907436124
756;DDGKM;YEMEN;BOB;26019.69088921932
757;DDGKM;ALGERIA;KRW;6400408.45259993
758;DDGKM;UNITED KINGDOM;NIO;46795.76846273339
759;DDGKM;BRAZIL;COP;16970586.81053255
760;DDGKM;ROMANIA;THB;152735.55632750294
761;DDGKM;HAITI;MRO;1549098.3563237742
762;DDGKM;JAPAN;EGP;21767.986051742224
763;DDGKM;SYRIAN ARAB REPUBLIC;KHR;13177501.469475036
764;DDGKM;POLAND;HTG;591244.1511385831
765;DDGKM;LIBERIA;RSD;145953.06913939217
766;DDGKM;SEYCHELLES;PES;223311.5707399214
767;DDGKM;PAPUA NEW GUINEA;FJD;492.8059766443661
768;DDGKM;ZAMBIA;IDR;72130379.54033615
769;YYZZ3;HUNGARY;MAD;7033.260709415712
770;YYZZ3;MALAYSIA;MMK;3517482.9359970633
771;YYZZ3;FIJI;DJF;47816.11879866251
772;DEFKY;ARGENTINA;CZK;197277.62583773094
773;DEFKY;BELARUS;GBP;4569.036629734986
774;DEFKY;MOROCCO;NZD;16042.156661203715
775;DEFKY;HONG KONG;DOP;881473.55238272
776;DEFKY;JAMAICA;SRD;612968.9082796249
777;DEFKY;BOLIVIA;PAB;15921.269330149766
778;DEFKY;BELARUS;SBD;151809.60156969287
779;DEFKY;SRI LANKA;XPF;857625.0980471785
780;DEFKY;INDIA;RON;95688.84330665549
781;DEFKY;SWEDEN;BWP;127686.24745356503
782;DEFKY;ARGENTINA;QAR;63630.11071451289
783;DEFKY;EURO;PHP;201173.8417943647
784;DEFKY;SERBIA;KES;2533725.5259535783
785;DEFKY;LIBYAN ARAB JAMAHIRIYA;LYD;28232.747009762046
786;DEFKY;BRUNEI DARUSSALAM;MOP;8087.158793368527
787;DJLN2;IRAN (ISLAMIC REPUBLIC OF);EUR;1754.311856695258
788;DJLN2;COLOMBIA;CVE;91951.5175161532
789;DJLN2;CAYMAN ISLANDS;SBD;6749.518138335232
790;DJLN2;URUGUAY;IQD;2147142.4143631053
791;DJLN2;ANGOLA;XPF;62737.55987554944
792;DJLN2;SAMOA;KZT;688354.6294801603
793;DJLN2;BHUTAN;PHP;1381.6769691970374
794;DJLN2;TAIWAN, PROVINCE OF CHINA;AOA;1035564.2980899087
795;AIIXZ;TRINIDAD AND TOBAGO;ANG;10682.924085969411
796;AIIXZ;ANGOLA;GYD;1471251.921859256
797;AIIXZ;EURO;MZN;502435.09572742117
798;AIIXZ;YEMEN;CNY;20795.911895889178
799;AIIXZ;JAMAICA;AZN;2247.408603428674
800;AIIXZ;MALAYSIA;NZD;6054.206663643103
801;AIIXZ;BOTSWANA;BYR;31775317.967623204
802;AIIXZ;MAURITIUS;ILS;10714.088213311641
803;AIIXZ;BURUNDI;OMR;3604.850688113366
804;AIIXZ;CAYMAN ISLANDS;BDT;864192.0063007935
805;BDKXa;MAURITIUS;XAF;2183593.958765748
806;BDKXa;TUNISIA;PYG;30318604.109303147
807;BDKXa;CANADA;CYP;3972.3997768556915
808;CFFMM;POLAND;EUR;5274.183610758076
809;CFFMM;NAMIBIA;ARS;230450.8426048132
810;CFFMM;UGANDA;BRL;23891.494755067
811;CFFMM;BULGARIA;XAF;3329228.0306880656
812;CFFMM;KAZAKHSTAN;HTG;676904.8713735354
813;CFFMM;KENYA;ARS;1100289.807338667
814;CFFMM;MAURITANIA;SRD;562.5015854813095
815;CFFMM;COLOMBIA;EGP;84025.93321421245
816;CHIL3;SEYCHELLES;SRD;21381.43723516333
817;CHIL3;VIET NAM;UGX;6521950.344736082
818;CHIL3;COLOMBIA;EUR;1045.8822935379192
819;CHIL3;CAMBODIA;CLP;3028650.485879726
820;CHIL3;NEPAL;FJD;4621.040873744467
821;CHIL3;DENMARK;HNL;4583.88570453764
822;CHIL3;SIERRA LEONE;SRD;92792.91719543377
823;DDEK2;UKRAINE;SCR;74582.14747520567
824;DDEK2;DOMINICA;ILS;42962.98061089752
825;DDEK2;LAO PEOPLE'S DEMOCRATIC REP;SZL;51222.27967047802
826;DDEK2;IRAQ;BMD;7700.653160135879
827;DDEK2;LAO PEOPLE'S DEMOCRATIC REP;LVL;18219.28070757921
828;DDEK2;VANUATU;LBP;18766794.413664352
829;DDEK2;ZAMBIA;BMD;8530.824037909415
830;DDEK2;SWAZILAND;LBP;31595358.13524352
831;DDEK2;ETHIOPIA;SAR;4562.2620613350255
832;DDEK2;POLAND;BZD;28184.152524268564
833;DDEK2;CROATIA;LAK;199539255.40728512
834;DDEK2;QATAR;COP;10444085.23650577
835;DDEK2;PAKISTAN;CVE;1843806.5563342345
836;FMM33;PHILIPPINES;ZMW;71210.70992812279
837;FMM33;LAO PEOPLE'S DEMOCRATIC REP;BYR;68388577.09637433
838;FMM33;NICARAGUA;HUF;396226.49224287545
839;FMM33;SAUDI ARABIA;OMR;2108.8201989313725
840;FMM33;HAITI;SBD;10310.25105758839
841;FMM33;MOROCCO;CAD;1513.4169898708221
842;LLNN3;VENEZUELA;SBD;2134.9349245262333
843;LLNN3;LATVIA;CHF;3285.3574041349193
844;LLNN3;JAPAN;MXN;69846.81542858673
845;LLNN3;MALAWI;CZK;66777.26592270381
846;LLNN3;RUSSIAN FEDERATION;HRK;20757.145948527992
847;LLNN3;BAHRAIN;DZD;59575.26448718992
848;LLNN3;CAPE VERDE;BRL;21213.036079321173
849;LLNN3;SOUTH AFRICA;CVE;519591.0452779051
850;LLNN3;ANGOLA;NAD;14890.704294110164
851;LLNN3;OMAN;SOS;2905289.897100256
852;LLNN3;NAMIBIA;ETB;33457.678042140455
853;LLNN3;ISRAEL;MVR;44563.84586715457
854;LLNN3;KOREA, REPUBLIC OF;TWD;42345.46835839433
855;LLNN3;SOMALIA;KES;395187.6303341888
856;EIKXX;DENMARK;GNF;81963901.33764088
857;EIKXX;DENMARK;RSD;156266.61505133208
858;EIKXX;EGYPT;XAF;609015.1678935786
859;EIKXX;INDONESIA;ZAR;5973.424807235442
860;EIKXX;ZIMBABWE;BYR;272749158.8621829
861;EIKXX;QATAR;DZD;5852.924925989758
862;EIKXX;PERU;NOK;74963.57408623991
863;EIKXX;UKRAINE;KZT;4047655.1828062157
864;EIKXX;TONGA;MAD;17012.07628605584
865;EIKXX;ICELAND;PGK;1916.4528076469746
866;EIKXX;PERU;PLN;32379.53881890555
867;EIKXX;LATVIA;SZL;119066.43870576032
868;EIKXX;INDONESIA;THB;12226.91567347762
869;EIKXX;PHILIPPINES;THB;39887.80686921388
870;EIKXX;URUGUAY;MGA;22919142.14991622
871;EIKXX;MALDIVES;SGD;4597.643920827562
872;EIKXX;MAURITANIA;LRD;1585748.4001821738
873;EIKXX;LAO PEOPLE'S DEMOCRATIC REP;CLP;3852559.661332394
874;IJLLa;UGANDA;LYD;9186.247138730883
875;IJLLa;VENEZUELA;LRD;389926.63112588134
876;IJLLa;SWEDEN;SYP;247050.83952915657
877;IJLLa;LIBYAN ARAB JAMAHIRIYA;KWD;610.8566912106273
878;IJLLa;HONDURAS;XPF;313071.7540829632
879;IJLLa;KOREA, REPUBLIC OF;UYU;-210.72724827488295
880;ILL13;TANZANIA, UNITED REPUBLIC OF;HTG;152445.64862884
881;ILL13;DJIBOUTI;AED;4357.255478684339
882;ILL13;SOUTH AFRICA;BGN;3614.607522020386
883;ILL13;LIBERIA;CAD;3877.795436916314
884;ILL13;SAUDI ARABIA;RSD;140301.00202086903
885;ILL13;TOGO;TND;9672.299099941662
886;ILL13;TONGA;WST;1151.5703979019665
887;ILL13;EGYPT;THB;18062.723538666876
888;ILL13;MADAGASCAR;BRL;11954.45441522985
889;ILL13;BHUTAN;XPF;123410.42071755599
890;ILL13;CANADA;NZD;743.6227808846895
891;ILL13;MOZAMBIQUE;NGN;-6552.370846492967
892;ILL13;SOMALIA;RUB;36404.33764035171
893;ILL13;TONGA;CZK;-119.2234606901956
894;AJJLL;HONG KONG;ZWL;1125856.0137924834
895;AJJLL;BURUNDI;LAK;4486397.679693051
896;AJJLL;BELARUS;SVC;52454.932622741704
897;AJJLL;BULGARIA;BGN;7556.715563796056
898;AJJLL;TONGA;THB;146519.81485326696
899;AJJLL;HUNGARY;JPY;486627.5797552372
900;AJJLL;VANUATU;SCR;76052.56988815834
901;AJJLL;BARBADOS;RSD;328979.6488562747
902;AJJLL;CAMBODIA;ZWL;5203540.692725449
903;AJJLL;GUINEA;FJD;17100.341363426356
904;AJJLL;KUWAIT;STD;140924115.2795199
905;AJJLL;LIBERIA;KWD;200.35074398991304
906;AJJLL;YEMEN;VES;179144.0503013742
907;FIKc2;DOMINICAN REPUBLIC;RWF;5585974.462020068
908;FIKc2;ISRAEL;HTG;57994.29013112727
909;FIKc2;GAMBIA;PEN;17604.621508679462
