Client;Country;Currency;Transaction
CCHIY;SWAZILAND;SYP;159749.07101942014
CCHIY;TUNISIA;ZAR;4902.192723264639
CCHIY;SWEDEN;THB;85184.61407297572
CCHIY;DJIBOUTI;BGN;3902.0281552609276
CCHIY;EURO;XCD;2300.9204905330344
CCHIY;AZERBAIJAN;CZK;866.2312594217932
CCHIY;OMAN;MWK;2646591.331046767
CCHIY;THAILAND;ZMW;42697.90027558411
CCHIY;ALGERIA;AUD;429.75023896835285
CCHIY;PAKISTAN;TWD;73958.79390167943
CCHIY;COLOMBIA;EUR;486.31343229701656
CCHIY;TANZANIA, UNITED REPUBLIC OF;VND;90615027.13128652
CCHIY;IRAN (ISLAMIC REPUBLIC OF);DKK;18481.736671744307
BCJK2;TOGO;JMD;140258.09763817725
BCJK2;SOLOMON ISLANDS;HRK;20967.558974974305
BCJK2;GUYANA;NIO;95101.67343290061
BCJWZ;JAMAICA;SLL;4064152.3043593667
BCJWZ;KENYA;ZMW;2976.459507812576
BCJWZ;INDONESIA;BMD;355.3577736708522
BCJWZ;POLAND;LAK;6151305.915442134
BCJWZ;SURINAME;GBP;196.0494880510158
BCJWZ;THAILAND;GMD;11731.049046295468
BCJWZ;RUSSIAN FEDERATION;GBP;334.9735615624331
BCJWZ;EGYPT;BBD;263.16208364245637
DGIc2;GUINEA;BYR;29545094.36993578
DGIc2;EL SALVADOR;BGN;9100.171224444974
DGIc2;GUINEA;IRR;299863936.4998683
DGIc2;MOROCCO;UAH;102937.14817159796
DGIc2;SINGAPORE;YER;1572199.022717496
DGIc2;COLOMBIA;CRC;1644120.497829942
DGIc2;MACAU;MAD;3138.3618801812886
DGIc2;DOMINICAN REPUBLIC;PEN;18678.058194726393
DGIc2;BURUNDI;BHD;1278.9378174584022
DGIc2;ARUBA;SOS;1167607.423562163
DGIc2;RUSSIAN FEDERATION;MMK;9521464.213112691
DGIc2;SWAZILAND;GYD;1433754.2977585369
DGIc2;TURKEY;ILS;16955.914877644398
CGHNb;TOGO;XOF;1511150.0881145785
CGHNb;BULGARIA;FJD;5875.2307619718495
CGHNb;CAPE VERDE;VND;52236079.01391158
CGHNb;SIERRA LEONE;HUF;392048.59487630014
CGHNb;UNITED ARAB EMIRATES;SCR;34035.58239532502
CGHNb;SAO TOME AND PRINCIPE;PLN;7605.239878431428
CGHNb;CAPE VERDE;YER;24957.86475698886
CGHNb;MAURITIUS;LBP;3526787.969740255
CGHNb;YEMEN;SYP;581647.4137350487
CGHNb;COSTA RICA;XCD;2464.3083407780555
CGHNb;INDIA;CVE;204025.3542026451
CGHNb;THAILAND;MRO;384901.50020854146
FXbc1;CAMBODIA;AED;6207.910881711465
FXbc1;SERBIA;SOS;1438167.142798872
FXbc1;NORWAY;HUF;218165.26928122193
FXbc1;BOLIVIA;SOS;688681.3413008691
FXbc1;LEBANON;MUR;53773.91902040742
FXbc1;ALGERIA;GBP;1129.298206241452
FXbc1;PERU;DOP;137432.6962241635
FXbc1;ZAMBIA;UGX;12407306.930655722
FXbc1;ZAMBIA;BBD;2434.4252525550555
FXbc1;KAZAKHSTAN;CAD;2348.7215178741694
FXbc1;TUNISIA;NPR;189365.97235036906
FXbc1;SERBIA;MGA;4894883.676786019
FXbc1;CAPE VERDE;BHD;445.97070605477745
FXbc1;DOMINICA;LRD;572171.3383636331
FXbc1;YEMEN;IRR;105269923.62731817
FXbc1;PERU;AZN;1912.0072451308554
FXbc1;CZECH REPUBLIC;ETB;77462.61936562035
FXbc1;EURO;PHP;189815.66529012995
EGJKW;SAMOA;COP;12811069.731199086
EGJKW;IRAQ;RON;3765.366187624904
EGJKW;NAMIBIA;LAK;37685326.15778739
EGJKW;MALAYSIA;LAK;77922611.56915495
EGJKW;UKRAINE;MUR;129552.39038528936
EGJKW;ARGENTINA;SZL;44621.72422661171
EGJKW;BERMUDA;SOS;116226.6350951701
EGJKW;NEPAL;MOP;9180.973550426743
EGJKW;SYRIAN ARAB REPUBLIC;PEN;9581.897803533486
EGJKW;KENYA;SGD;1078.2780095680587
DIMc3;PAPUA NEW GUINEA;IDR;63113388.99852521
DIMc3;KOREA, REPUBLIC OF;TWD;28421.236188729672
DIMc3;RUSSIAN FEDERATION;GHS;19616.883585857213
DIMc3;BELIZE;XCD;118.01569889887357
DIMc3;ETHIOPIA;LKR;455226.411208336
DIMc3;BANGLADESH;GNF;40583990.01869588
ELWZc;ALGERIA;GNF;45842591.58878022
ELWZc;RWANDA;GHS;16044.789468894793
ELWZc;TAIWAN, PROVINCE OF CHINA;BND;7679.41460658459
ELWZc;HUNGARY;JMD;627367.5935343966
ELWZc;SOUTH AFRICA;ZAR;80623.78964701979
ELWZc;LAO PEOPLE'S DEMOCRATIC REP;SEK;52168.29752562297
ELWZc;KOREA, REPUBLIC OF;CYP;839.7059994693099
ELWZc;UNITED ARAB EMIRATES;BND;3744.2114897903907
ELWZc;ALGERIA;DZD;48635.97725003336
ELWZc;IRAQ;BND;1187.638289744492
ELWZc;UNITED ARAB EMIRATES;SCR;43315.90669862729
ELWZc;IRAN (ISLAMIC REPUBLIC OF);ZAR;102044.80557466038
ELWZc;MADAGASCAR;CVE;180185.40657950356
ELWZc;GAMBIA;RWF;2305595.605118492
ELWZc;SOUTH AFRICA;CAD;6971.209322132767
ELWZc;NEW ZEALAND;SZL;94709.84100659264
ELWZc;CROATIA;DZD;881319.1370499003
ELWZc;SEYCHELLES;COP;14854403.019405263
ELWZc;MOZAMBIQUE;PGK;18143.206140291546
CIKNa;HONG KONG;NOK;20935.273273595107
CIKNa;SAMOA;PGK;118167.1999819042
CIKNa;BURUNDI;XOF;9669231.709303144
CIKNa;URUGUAY;BBD;10353.545773770176
CIKNa;CAMBODIA;DZD;443437.1821512523
CIKNa;CAMBODIA;TZS;63096917.531073384
CIKNa;BOLIVIA;SCR;326978.4293817321
CIKNa;PAKISTAN;GHS;539375.9061520861
CIKNa;ICELAND;IQD;43780615.74315016
CIKNa;PHILIPPINES;ARS;4741061.984601421
CIKNa;CENTRAL AFRICAN REPUBLIC;GHS;668465.4924035033
CIKNa;PERU;RON;183273.35653810026
CIKNa;SWEDEN;CVE;4422856.918710134
CIKNa;BULGARIA;TRY;265856.93905146624
FGIab;ALGERIA;KHR;2354037.1208772887
FGIab;SWAZILAND;GMD;186902.8255803713
FGIab;SOUTH AFRICA;MMK;23993283.726847254
FGIab;EURO;XPF;135883.2635592028
FGIab;ARGENTINA;PKR;2562948.6091896514
FGIab;LIBYAN ARAB JAMAHIRIYA;CHF;2116.6404861470337
FGIab;BHUTAN;NZD;8898.733176555934
FGIab;KOREA, REPUBLIC OF;ILS;22973.366030323137
FGIab;SEYCHELLES;SZL;118480.27496870628
FGIab;BOLIVIA;TTD;81066.41319750776
FGIab;SOUTH AFRICA;BYR;259754143.76765758
FGIab;LEBANON;KYD;7329.669979178294
FGIab;AZERBAIJAN;GTQ;69825.21841735906
FGIab;SERBIA;FJD;15693.74136681864
FGIab;JAMAICA;NGN;168369.89889368915
FGIab;NICARAGUA;GTQ;44882.05528730582
FGIab;LIBERIA;RSD;1429199.5704506913
FGIab;COSTA RICA;NIO;347284.7544918789
FGIab;EL SALVADOR;ZWL;472041.4918683152
FFGHN;QATAR;RWF;5485977.877127857
FFGHN;GHANA;GYD;2655197.477105583
FFGHN;TONGA;SLL;94590789.05435523
FFGHN;GAMBIA;GTQ;34489.77201271852
FFGHN;MACAU;LRD;1965881.1655317252
FFGHN;ZAMBIA;SBD;94490.71036680407
FFGHN;MAURITIUS;COP;6134847.840475876
FFGHN;MACAU;MXN;5257.412515219056
FFGHN;MOZAMBIQUE;LRD;284007.2150143364
FFGHN;SUDAN;ISK;854154.3567784447
FFGHN;LATVIA;GTQ;54998.57807098893
FFGHN;JAPAN;ZWL;3247027.3458567737
FFGHN;VENEZUELA;VND;269387593.33115834
FFGHN;UNITED ARAB EMIRATES;BDT;165396.86711994468
FFGHN;NEPAL;PKR;2927618.9800799103
FFGHN;BOTSWANA;BOB;37629.72059058745
FFGHN;JAMAICA;KRW;17165376.347279247
ADGZb;BULGARIA;AWG;10811.393312448303
ADGZb;RWANDA;STD;696080206.9163961
ADGZb;CZECH REPUBLIC;DJF;5908327.481104825
ADGZb;VIET NAM;SDG;14157732.387574568
ADGZb;TANZANIA, UNITED REPUBLIC OF;SZL;276516.22606276494
ADGZb;SIERRA LEONE;BND;16306.868797849726
ADGZb;NEPAL;PAB;2917.988463729823
ADGZb;MALAYSIA;CYP;16666.258078575866
ADGZb;PANAMA;SAR;71172.00942488357
ADGZb;SUDAN;LBP;25798769.082557425
ADGZb;JAMAICA;MWK;15420334.931377484
ADGZb;DENMARK;EUR;23092.98689698773
ADGZb;RUSSIAN FEDERATION;MYR;62278.75761438832
ADGZb;MALAWI;ZMW;470481.3332301771
ADGZb;IRAQ;QAR;118247.57843737552
ADGZb;AUSTRALIA;TTD;150946.2966663068
ADGZb;SURINAME;TTD;128664.99502939412
ADGZb;LATVIA;HTG;4472492.850073042
ADGZb;URUGUAY;PES;3019768.138477724
ADGZb;UNITED KINGDOM;RON;149551.48511661106
DGKLN;LATVIA;UYU;42256.24643538252
DGKLN;NETHERLANDS ANTILLES;SVC;15558.430743948944
DGKLN;BRUNEI DARUSSALAM;CYP;221.89162570960823
DGKLN;VENEZUELA;LBP;2050970.7611073728
DGKLN;NAMIBIA;SZL;44589.725302286926
ABCDY;BURUNDI;IRR;766267894.5106618
ABCDY;MALAWI;UAH;160822.11420713956
ABCDY;LIBERIA;XCD;6867.885235699335
ABCDY;BELARUS;TTD;55121.19161215185
ABCDY;NAMIBIA;PHP;741248.4253676628
ABCDY;TOGO;LVL;9547.790940549221
ABCDY;TOGO;SVC;152922.07488155624
ABCDY;MOROCCO;IQD;17097668.54281179
ABCDY;MACAU;CVE;162275.63667004762
HIIL1;ANGOLA;TOP;1301.436964947789
HIIL1;JORDAN;TWD;111936.79490779729
HIIL1;YEMEN;CZK;89043.98806480833
HIIL1;SYRIAN ARAB REPUBLIC;RON;21808.43505972509
HIIL1;UKRAINE;HUF;1730325.1264636049
IKMb2;TAIWAN, PROVINCE OF CHINA;XCD;2410.6455846008985
IKMb2;AUSTRALIA;CRC;2090509.298667433
IKMb2;RUSSIAN FEDERATION;CNY;-181.1901724274392
IKMb2;EL SALVADOR;AED;9523.7501473124
IKMb2;TOGO;HRK;9884.913100480684
IKMb2;BELIZE;BRL;4383.550651486572
IKMb2;UKRAINE;KES;271490.25328491995
IKMb2;NORWAY;VES;54793.01741717272
IKMb2;UKRAINE;ZAR;36762.87399666357
IKMb2;MEXICO;ETB;116766.23504372608
IKMb2;BHUTAN;TTD;15931.546070573133
IKMb2;MALDIVES;KZT;773234.1251556864
IKMb2;NICARAGUA;KRW;4274617.450674587
IKMb2;GAMBIA;MGA;8431184.383193938
IKMb2;ARGENTINA;AED;4696.859224938613
IKMb2;CENTRAL AFRICAN REPUBLIC;PES;193276.9347874366
IKMb2;ISRAEL;SVC;11580.552740870962
IKMb2;CAPE VERDE;KYD;2580.4766937778804
IKMb2;BOTSWANA;SLL;41204606.90171816
JXX33;DJIBOUTI;CRC;6611292.009669761
JXX33;VANUATU;CAD;14912.384396079491
JXX33;CAYMAN ISLANDS;XAF;8265998.38094659
JXX33;UKRAINE;XAF;5596706.788895743
JXX33;FIJI;PYG;28987165.514456794
JXX33;ZIMBABWE;BWP;11899.32956974631
JXX33;ARGENTINA;OMR;1170.7565468520297
JXX33;CYPRUS;AED;36343.786510371276
JXX33;INDONESIA;KYD;4725.070945632862
JXX33;JORDAN;HRK;18166.529125101133
JXX33;VIET NAM;SOS;6440708.767730261
BDFYa;LATVIA;NIO;7306.212362955669
IJZbc;SYRIAN ARAB REPUBLIC;TWD;6240.469122430501
IJZbc;MAURITIUS;NPR;30204.08484617709
IJZbc;GUATEMALA;SLL;3062746.494496547
IJZbc;MALDIVES;MGA;877553.2632440742
IJZbc;KUWAIT;WST;61.47908862656318
IJZbc;BANGLADESH;BOB;460.60261857406266
IJZbc;ANGOLA;NPR;19926.562707575828
IIa12;MALDIVES;HRK;1802.359031671784
IIa12;NETHERLANDS ANTILLES;GTQ;1802.9356200295456
IIa12;SYRIAN ARAB REPUBLIC;BOB;3809.306016414744
IIa12;ARUBA;PHP;10636.7067615978
IIa12;SOMALIA;SDG;438661.0761589781
IIa12;TURKEY;MUR;41536.195565356255
IIa12;ANGOLA;BMD;518.6327512542574
IIa12;THAILAND;KYD;512.7731216552734
IIa12;POLAND;HTG;95568.51233935943
MWW23;THAILAND;LKR;21156.94499622478
MWW23;MYANMAR;KHR;149691.84815805827
MWW23;BRUNEI DARUSSALAM;PAB;129.49445373750254
MWW23;BRUNEI DARUSSALAM;RSD;18067.974232829318
MWW23;COSTA RICA;UGX;830820.0019605103
MWW23;ETHIOPIA;LBP;230070.54737358738
MWW23;SOUTH AFRICA;INR;17173.878890657725
MWW23;DOMINICA;NGN;46287.90308669057
MWW23;LEBANON;IDR;3729525.3363781325
MWW23;ZIMBABWE;BBD;70.14397345611484
MWW23;ZIMBABWE;GTQ;1826.645047117541
MWW23;BOLIVIA;LKR;98345.4747606002
MWW23;TRINIDAD AND TOBAGO;JMD;28913.499952459762
MWW23;ZIMBABWE;HKD;546.7255256959896
MWW23;COSTA RICA;PAB;38.834603941639145
MWW23;PARAGUAY;KYD;2.9052089707223727
BZcc1;JAPAN;TZS;5780382.297399591
BZcc1;POLAND;JPY;274277.0965961118
BZcc1;PARAGUAY;UYU;75697.20091945493
BZcc1;TAIWAN, PROVINCE OF CHINA;MRO;312519.4978751186
BZcc1;BRAZIL;LAK;35863238.67763792
BZcc1;MOZAMBIQUE;INR;111020.0146664959
BZcc1;ETHIOPIA;RUB;133940.5269552877
BZcc1;PERU;PAB;1380.6369310397051
BZcc1;PAPUA NEW GUINEA;MZN;63269.65341348698
BZcc1;SAMOA;ZMW;17833.5728954337
BZcc1;TOGO;LRD;325017.75294420775
BZcc1;SWEDEN;NOK;3166.5460799543803
BZcc1;BERMUDA;TTD;10479.452766424778
BZcc1;ROMANIA;BMD;46.51998329217528
BZcc1;TONGA;VES;33773.50449276881
BZcc1;BULGARIA;GHS;10768.967631350994
KWWYa;CANADA;LAK;131443563.62740861
KWWYa;SRI LANKA;BOB;45758.251851034576
KWWYa;HUNGARY;TOP;2596.454663973067
KWWYa;AZERBAIJAN;XOF;3634871.549293944
KWWYa;SOUTH AFRICA;MOP;6312.65704309963
KWWYa;BANGLADESH;UAH;191933.04285857413
CCEHb;SWAZILAND;VND;86270840.36216584
CCEHb;GAMBIA;PAB;1167.3093652405983
CCEHb;DENMARK;INR;202687.67945903834
CCEHb;FRENCH POLYNESIA;AUD;1848.1582144733281
CCEHb;SAUDI ARABIA;GNF;23604071.94553237
CCEHb;TUNISIA;DKK;2377.2952355441284
CCEHb;MOZAMBIQUE;KRW;432800.8265921498
CCEHb;FIJI;MAD;15538.795914283364
DDXX3;BRUNEI DARUSSALAM;RWF;653531.5836134969
DDXX3;UNITED ARAB EMIRATES;BWP;491.8834820889353
DDXX3;MACAU;GTQ;14769.195360521286
DDXX3;PAKISTAN;XOF;1000291.2262388266
DDXX3;ALGERIA;BGN;914.3013409176924
DDXX3;LIBYAN ARAB JAMAHIRIYA;PKR;381488.85308515094
DDXX3;MALDIVES;HTG;208002.74135114613
EHLW3;POLAND;MMK;7612071.236328535
EHLW3;CHINA;BIF;15003977.7541828
EHLW3;SERBIA;FJD;11358.696074665144
EHLW3;COSTA RICA;WST;23299.63312872401
EHLW3;DJIBOUTI;BHD;3040.801962405918
EHLW3;PARAGUAY;GTQ;10157.345232404532
EHLW3;SOMALIA;CAD;4318.545667288464
EHLW3;NAMIBIA;CAD;9898.392815432757
EHLW3;MAURITANIA;ZMW;11166.36207904853
EHLW3;CAPE VERDE;AED;21060.66684108912
EHLW3;CHILE;CYP;3690.396477420984
EHLW3;BRAZIL;JOD;1191.3390831272138
EHLW3;OMAN;CRC;2055205.0819590252
EHLW3;SWAZILAND;MXN;183713.2442364944
EHLW3;SRI LANKA;MUR;140106.90942130674
EHLW3;SAUDI ARABIA;NPR;331698.1283951002
EHLW3;BHUTAN;BTN;578613.9629735124
EHLW3;ICELAND;NGN;576083.1536059865
EHLW3;GUINEA;CYP;1675.0886355156947
DGGXb;SOLOMON ISLANDS;SEK;69445.2538505248
KXZc2;BERMUDA;GNF;36976241.901825294
KXZc2;JAMAICA;SBD;49649.07815776859
KXZc2;NEW ZEALAND;SBD;102763.96454150883
KXZc2;COSTA RICA;BDT;321128.2885265742
KXZc2;GUATEMALA;BRL;48612.211920691785
KXZc2;SUDAN;AUD;7656.320869574235
KXZc2;YEMEN;ZMW;98899.99533732678
KXZc2;ICELAND;YER;2117652.9434671057
KXZc2;UKRAINE;MUR;729107.9645686923
KXZc2;NEW ZEALAND;UGX;31360365.928369794
KXZc2;HONDURAS;WST;5142.286405712828
KXZc2;JORDAN;LAK;182355761.13423842
KXZc2;KOREA, REPUBLIC OF;XCD;31286.957470188117
KXZc2;MALAYSIA;BHD;3192.682265737609
KXZc2;BRAZIL;QAR;14136.442066624193
KXZc2;MAURITANIA;VND;145491514.89253014
KXZc2;CANADA;SEK;132574.63322831134
KXZc2;FRENCH POLYNESIA;NGN;4924296.9481020225
KXZc2;PHILIPPINES;SDG;3128592.8628253965
CLZZZ;MALDIVES;EUR;34100.99715553882
CLZZZ;PAPUA NEW GUINEA;BND;6520.633404528906
CLZZZ;UKRAINE;QAR;35153.88210841558
JM133;MALDIVES;TZS;536282.44436824
JM133;PHILIPPINES;BGN;-7.183818523267713
JM133;OMAN;LRD;52175.9509804221
JM133;JORDAN;KYD;1662.9433609330147
JM133;SOMALIA;NOK;16774.927279357107
JM133;BRAZIL;JPY;349441.6632730242
JM133;TONGA;GHS;31973.075246544995
JM133;NORWAY;HRK;19034.28358578631
JM133;CYPRUS;PKR;101151.92820400273
JM133;BOTSWANA;OMR;247.9662069291336
CJVZ3;KAZAKHSTAN;NGN;5108567.487642742
CJVZ3;MAURITANIA;NGN;629448.4940131236
CJVZ3;JAPAN;RSD;1371621.8006981723
CJVZ3;ICELAND;BIF;17517579.823666822
CJVZ3;SEYCHELLES;DZD;1194700.8513669511
CJVZ3;AUSTRALIA;ANG;40065.91259751987
CJVZ3;PHILIPPINES;SLL;74648990.26969483
CJVZ3;DOMINICAN REPUBLIC;RWF;11864697.618414199
CJVZ3;MALDIVES;BDT;2213040.7467249124
CJVZ3;GUATEMALA;STD;435524854.70281005
CJVZ3;BULGARIA;TZS;50816640.77853456
CJVZ3;EGYPT;AOA;1369009.7110333573
CJVZ3;JAPAN;MXN;162271.95539130317
DFHH3;MOZAMBIQUE;CZK;178838.7253968781
DFHH3;NAMIBIA;MAD;107820.43492077314
DFHH3;TONGA;YER;4450752.569484577
DFHH3;RWANDA;MWK;16620634.210541697
DFHH3;BAHRAIN;BND;530.1629018851529
DFHH3;ANGOLA;JMD;1572467.7448164239
DFHH3;MYANMAR;IQD;14148172.42200462
DFHH3;SEYCHELLES;TZS;42769847.913334824
DFHH3;LEBANON;XAF;7935760.491973522
DFHH3;POLAND;LAK;321551527.7712908
DFHH3;LIBERIA;IQD;10836525.54657149
DFHH3;BOTSWANA;RUB;681933.2916376645
DFHH3;SEYCHELLES;BIF;6646181.048691559
DFHH3;CHINA;GBP;14985.024425271693
DFHH3;SWAZILAND;CYP;7716.142215532505
DFHH3;GUYANA;LVL;248.21611075846
DFHH3;SWEDEN;HTG;2396637.86505166
DFHH3;HONG KONG;BBD;31343.766415171136
DFHH3;NICARAGUA;SOS;7803809.783505292
FMa23;SEYCHELLES;BIF;17492445.603623584
FMa23;BOTSWANA;SLL;80380311.71458754
FMa23;SWAZILAND;UGX;90725902.68938674
FMa23;URUGUAY;PES;2020989.3336743568
FMa23;JORDAN;SLL;487561608.3805031
FMa23;GAMBIA;DOP;7065.7053847396965
FMa23;BULGARIA;SOS;5373036.59554521
FMa23;SAO TOME AND PRINCIPE;MOP;51917.0644551653
FMa23;KOREA, REPUBLIC OF;KZT;12045424.974143706
FMa23;KAZAKHSTAN;SDG;2703929.3956755907
FMa23;BANGLADESH;AUD;1719.2777040555445
FMa23;CENTRAL AFRICAN REPUBLIC;NOK;90265.33272080212
FMa23;TUNISIA;MYR;67051.36053293286
FMa23;CYPRUS;ETB;560463.9725987907
FMa23;ETHIOPIA;MVR;198446.88491790942
FMa23;THAILAND;MXN;494620.57860593934
FMa23;BAHAMAS;PEN;12351.02652167287
FMa23;HUNGARY;BOB;52486.8770437102
FMa23;RUSSIAN FEDERATION;LRD;4061003.0480697933
FMa23;TAIWAN, PROVINCE OF CHINA;NAD;107720.09290804208
HHL23;JAMAICA;SGD;13990.248562589328
CJVWW;RUSSIAN FEDERATION;THB;564983.2512373466
CJVWW;ROMANIA;AZN;18537.70270175346
CJVWW;GHANA;OMR;4963.835095114595
CJVWW;CZECH REPUBLIC;YER;1378464.2699589592
CJVWW;EURO;TTD;72736.63312139401
CJVWW;HONDURAS;VUV;1418306.0956974975
CJVWW;CHINA;BYR;354038397.7434965
CJVWW;PERU;BIF;36120031.57464772
CJVWW;ICELAND;VUV;775195.9562449525
FILM3;LATVIA;VUV;1917591.3740143573
FILM3;PARAGUAY;TTD;95553.27547999867
FILM3;DENMARK;BYR;203503435.70184037
HKMNW;COSTA RICA;BGN;33272.93466774385
HKMNW;RWANDA;KES;1613608.3202856972
HKMNW;MALAWI;IRR;87815373.56424324
HKMNW;SEYCHELLES;BDT;47187.08220885467
HKMNW;BANGLADESH;INR;841217.1612398054
HKMNW;GUATEMALA;ANG;6358.401587404058
HKMNW;NICARAGUA;SYP;9485336.2293806
HKMNW;VANUATU;GHS;63734.78953792631
HKMNW;FRENCH POLYNESIA;DZD;506422.89355579624
HKMNW;SWEDEN;MOP;100536.62093068864
HKMNW;BARBADOS;BRL;97001.68409309667
HKMNW;SWITZERLAND;EGP;388823.07451859117
HKMNW;MAURITANIA;QAR;60379.08564598566
HKMNW;MALAWI;RWF;3832850.7455824353
HKMNW;COLOMBIA;GBP;1067.0990133277123
HKMNW;SUDAN;GMD;557513.0803625538
HKMNW;CHINA;EUR;20722.073025543592
HKMNW;SWEDEN;KHR;33426433.679931574
HKMNW;MADAGASCAR;TWD;86389.83200020828
HKMNW;PAPUA NEW GUINEA;JMD;2358552.3907122123
JZcc2;QATAR;ANG;19385.772756103117
JZcc2;BAHAMAS;LAK;302421230.1137584
JZcc2;JAMAICA;VES;466150.1058526972
JZcc2;TANZANIA, UNITED REPUBLIC OF;SGD;28411.836145408633
JZcc2;EURO;KHR;37799877.932558216
JZcc2;ISRAEL;HKD;93785.67713565656
JZcc2;TOGO;RSD;317359.80005530483
JZcc2;FIJI;KES;704337.0738209625
JZcc2;PHILIPPINES;TND;65100.21475415343
JZcc2;BRUNEI DARUSSALAM;VES;53292.050448657574
JZcc2;MOZAMBIQUE;ARS;2860089.5127776735
JZcc2;BERMUDA;GMD;469748.06260386395
JZcc2;TAIWAN, PROVINCE OF CHINA;HUF;6756756.434767703
JZcc2;LIBYAN ARAB JAMAHIRIYA;PYG;142132668.08076158
JZcc2;IRAQ;BOB;129917.09542084933
JZcc2;BRUNEI DARUSSALAM;BOB;59853.16023433951
JZcc2;SINGAPORE;SDG;2141137.3141314215
JZcc2;MALAWI;PLN;63337.46067365077
JZcc2;SOUTH AFRICA;XPF;1820153.1523888642
DFMVZ;GUINEA;SGD;7082.428343946762
AHJNW;BAHRAIN;MMK;16359459.570242548
AHJNW;IRAQ;VND;205839716.59962216
AHJNW;PERU;PES;896461.0444578403
AHJNW;BHUTAN;INR;476709.977850019
AHJNW;MALAWI;VUV;786776.1231009783
FFXaa;TRINIDAD AND TOBAGO;MVR;44411.935317314
FFXaa;HONDURAS;DKK;2043.4049076269248
FFXaa;MALAWI;DJF;85790.4575634075
FFXaa;MADAGASCAR;ARS;265670.1785827002
FFXaa;MOZAMBIQUE;RUB;87112.65220497888
FFXaa;ICELAND;MAD;5268.694711488911
ADDFY;PHILIPPINES;CVE;1382831.251335976
ADDFY;BAHAMAS;KES;-47264.04833371648
ADDFY;ALBANIA;ZWL;2789079.0635434645
ADDFY;THAILAND;NPR;363793.2869703495
ADDFY;EL SALVADOR;MWK;18343308.06511501
ADDFY;BURUNDI;ISK;1591494.0028679834
ADDFY;TAIWAN, PROVINCE OF CHINA;TRY;167895.1971074647
ADDFY;BERMUDA;BGN;26134.164675440534
ADDFY;TOGO;HKD;21397.38496953807
ADDFY;AZERBAIJAN;BSD;15335.778578860829
ADDFY;RWANDA;SAR;65700.92788817508
ADDFY;BULGARIA;SVC;282778.8927152169
ADDFY;ICELAND;NGN;9998767.074109916
CCGNN;VENEZUELA;RON;7905.055334907263
CCGNN;ZAMBIA;LYD;3517.7994673722355
CCGNN;KOREA, REPUBLIC OF;VES;48202.204020445744
CCGNN;MYANMAR;PYG;15511607.054879742
CCGNN;PARAGUAY;ARS;421659.9418490547
KLMXc;CYPRUS;NOK;64614.284140140924
KLMXc;HONDURAS;COP;37411490.452892594
KLMXc;PAKISTAN;EGP;74311.46794846863
KLMXc;PERU;PYG;42613890.754891165
KLMXc;KAZAKHSTAN;SOS;1881358.6534812774
KLMXc;QATAR;KYD;3925.364697069906
KLMXc;GUATEMALA;XOF;15546.016382776368
KLMXc;SWEDEN;ANG;16298.661374830323
KLMXc;PAPUA NEW GUINEA;BMD;6545.163999685187
KLMXc;EL SALVADOR;BIF;6507427.341764596
ABFLV;TUNISIA;MUR;10022.424230239138
ABFLV;UNITED KINGDOM;BTN;381317.4164869056
ABFLV;ETHIOPIA;RUB;260.0620248020404
ABFLV;MAURITANIA;IDR;22417331.0275672
ABFLV;THAILAND;BOB;7355.417708258047
ABFLV;MALDIVES;SDG;2474092.107976935
ABFLV;BURUNDI;MYR;10766.27730165356
ABFLV;SEYCHELLES;MMK;4152500.3784626406
ABFLV;CENTRAL AFRICAN REPUBLIC;AOA;2333177.9356119065
ABFLV;UGANDA;GYD;154088.36039896993
ABFLV;DJIBOUTI;MOP;37863.89509979524
INc11;LAO PEOPLE'S DEMOCRATIC REP;MWK;6715864.925398585
INc11;CAPE VERDE;SGD;6327.139846022078
INc11;SURINAME;HNL;81043.20129764239
INc11;KOREA, REPUBLIC OF;SEK;15169.78228453436
INc11;FRENCH POLYNESIA;KYD;525.3359932248716
INc11;NICARAGUA;MGA;5738708.868637063
INc11;COLOMBIA;KHR;9207102.3850815
INc11;ZIMBABWE;PHP;90443.62880662348
INc11;HONDURAS;ZWL;4708983.655324586
INc11;LATVIA;ETB;172559.16778540233
INc11;TONGA;ARS;973427.3795886534
INc11;SWEDEN;LYD;1333.6899462615056
INc11;HUNGARY;ANG;13039.780412048218
INc11;SEYCHELLES;BDT;231689.9811614209
INc11;EURO;TTD;34309.83936235034
INc11;BRAZIL;SYP;1786929.962950189
INc11;BELARUS;SDG;2610043.301788049
DJNV2;INDIA;UGX;1592896.7849538673
DJNV2;UGANDA;ZWL;1527894.8439363104
DJNV2;RUSSIAN FEDERATION;HNL;198870.34469147222
DJNV2;CAMBODIA;DJF;189860.3420919732
DJNV2;ANGOLA;VES;140556.1328357844
DJNV2;QATAR;TTD;74.2139530109401
DJNV2;YEMEN;SAR;23856.02205551783
DJNV2;MALDIVES;RWF;180425.025120215
DJNV2;HAITI;LYD;40425.2662401575
DJNV2;BANGLADESH;KRW;13494897.739775049
DJNV2;ANGOLA;LBP;10855200.69684509
DJNV2;NORWAY;GBP;6437.756248035607
DJNV2;LATVIA;GNF;10895696.940962678
DJNV2;PANAMA;THB;254407.93131869237
XWaaa;ZIMBABWE;QAR;73955.3026107932
XWaaa;SWEDEN;NZD;30482.322336259967
XWaaa;BHUTAN;IQD;23955349.25186729
XWaaa;SAUDI ARABIA;KWD;7550.760394620332
XWaaa;LIBYAN ARAB JAMAHIRIYA;LAK;324331875.4282664
XWaaa;SWAZILAND;STD;19288584.556835584
XWaaa;TOGO;MYR;100.55363821187828
BDZ12;HUNGARY;TWD;7487.967405541225
BDZ12;INDIA;MGA;827835.6983346518
BDZ12;BARBADOS;JMD;9021.463413756326
BDZ12;FRENCH POLYNESIA;XAF;188352.67208824723
BDZ12;SAO TOME AND PRINCIPE;HRK;1823.8883254531104
BDZ12;MALAYSIA;SYP;56548.479792967046
BDZ12;VIET NAM;PKR;60655.55429702787
BDZ12;BURUNDI;AED;1608.2950170137165
BDZ12;CAYMAN ISLANDS;MXN;9407.019094560015
BDZ12;CAPE VERDE;KZT;98314.2584989532
BDZ12;CAPE VERDE;LVL;309.3078608412013
BDZ12;UKRAINE;TOP;855.8273437937168
BDZ12;ICELAND;ISK;35005.675625822754
BDZ12;NAMIBIA;TND;1279.2265983367863
BDZ12;FIJI;PLN;1513.1769642038216
BDZ12;SWAZILAND;CZK;8956.535395962408
BDZ12;YEMEN;PKR;43155.173154615826
BDZ12;OMAN;TTD;743.2462866229557
BDZ12;CANADA;PYG;1600383.9628852243
LWZc2;IRAN (ISLAMIC REPUBLIC OF);BRL;874.7322128194006
XYY33;EL SALVADOR;WST;3320.8265160298656
XYY33;BAHAMAS;KRW;4789497.878778806
XYY33;TAIWAN, PROVINCE OF CHINA;PGK;90293.54273420159
XYY33;EURO;DJF;1221816.3207598638
XYY33;FRENCH POLYNESIA;BYR;631469632.438386
XYY33;SWAZILAND;BHD;8712.068997301403
XYY33;UNITED ARAB EMIRATES;UGX;95967255.70556207
XYY33;CAPE VERDE;IDR;41979904.10863255
AGHV3;LAO PEOPLE'S DEMOCRATIC REP;TWD;59.04209573499019
AGHV3;CENTRAL AFRICAN REPUBLIC;SYP;3442.1887635630487
AGHV3;ANGOLA;BYR;270986.3501278803
AGHV3;HONDURAS;ALL;193.83947573221977
AGHV3;PAKISTAN;BSD;17.76297769543398
HIVXc;NICARAGUA;PEN;473.7696000888482
HIVXc;BULGARIA;ETB;20226.073027932387
BBCDV;BRUNEI DARUSSALAM;SRD;1304429.6408795032
BBCDV;SOMALIA;LYD;139105.11990029007
BBCDV;CAMBODIA;NZD;23702.902757738266
BBCDV;TAIWAN, PROVINCE OF CHINA;NZD;47511.15174995537
BBCDV;OMAN;NIO;792032.082167615
BBCDV;MACAU;MGA;121249284.0900406
BBCDV;JAMAICA;SEK;376259.0646869266
BBCDV;EURO;XOF;21328685.405222166
BBCDV;UGANDA;IRR;1095579837.1746244
NXbc3;BULGARIA;SRD;9266.201122061762
NXbc3;BURUNDI;NAD;14026.366758733771
NXbc3;UKRAINE;MXN;14835.54227844038
NXbc3;SUDAN;IQD;3256571.3863639142
NXbc3;GAMBIA;BGN;6070.363700592434
NXbc3;SAUDI ARABIA;HTG;97233.32701746143
NXbc3;SWITZERLAND;SEK;34647.05685396577
NXbc3;KOREA, REPUBLIC OF;AWG;2534.6479045303295
NXbc3;INDIA;EGP;23855.482451402368
NXbc3;ETHIOPIA;VES;1822.1786874137747
NXbc3;INDIA;VES;31915.97692234345
NXbc3;VANUATU;BGN;2999.6119640087545
NXbc3;BULGARIA;CRC;2131810.411546022
NXbc3;COLOMBIA;BYR;19720071.87349407
NXbc3;TRINIDAD AND TOBAGO;MXN;30473.80928938154
NXbc3;PAPUA NEW GUINEA;BDT;69771.1833718356
NXbc3;KUWAIT;TTD;13474.500043044618
NXbc3;SOLOMON ISLANDS;SAR;1298.0546833122826
NXbc3;UNITED ARAB EMIRATES;COP;88613.30350531018
NXbc3;SWAZILAND;VUV;175247.95097148645
AHLM3;UNITED KINGDOM;MVR;6767.252092252094
AHLM3;COLOMBIA;KWD;2957.3142796801303
AHLM3;GUYANA;SGD;7877.773900429379
AHLM3;ISRAEL;NOK;68072.1866720716
AHLM3;SEYCHELLES;XAF;3154946.723211282
AHLM3;NICARAGUA;AZN;10246.721046038065
AHLM3;KOREA, REPUBLIC OF;NOK;58178.63889869748
AHLM3;EGYPT;DOP;520594.33988606284
AHLM3;IRAN (ISLAMIC REPUBLIC OF);NAD;27942.59912034955
AHLM3;NETHERLANDS ANTILLES;AUD;15159.87131799427
AHLM3;SURINAME;AED;16218.166879224807
AHLM3;SOMALIA;OMR;2169.8407760052037
AHLM3;BURUNDI;CLP;3275522.622235425
AHLM3;DJIBOUTI;PYG;13842976.212061455
CEEFJ;HONG KONG;NOK;19879.521090669292
CEEFJ;GAMBIA;SOS;57901.07241728968
CEEFJ;GUINEA;PHP;41597.55960683856
CEEFJ;IRAQ;DOP;169475.1788035433
CEEFJ;AUSTRALIA;PGK;5973.002290752421
CEEFJ;KOREA, REPUBLIC OF;NGN;324199.9028043294
CEEFJ;TUNISIA;BMD;1780.043635362233
CEEFJ;BELIZE;LBP;132551.90992200916
CEEFJ;PERU;RWF;2976803.1259600613
CEEFJ;SIERRA LEONE;KWD;606.4414834116355
BJMa2;SRI LANKA;PYG;49692020.978984445
BJMa2;DJIBOUTI;EUR;5448.499764835901
BJMa2;SAMOA;NIO;39708.980782419756
BJMa2;MAURITANIA;TRY;179709.04702446284
BJMa2;ZAMBIA;MZN;344998.84658848436
BJMa2;DJIBOUTI;ANG;15165.405675256849
BJMa2;FIJI;YER;1031967.4373078767
BJMa2;SRI LANKA;LAK;77308644.15168236
BJMa2;SINGAPORE;RUB;601050.0831695253
BJMa2;PERU;BZD;15671.225407752609
BJMa2;BAHRAIN;MWK;1762074.2246891032
BJMa2;GHANA;HRK;20204.599227614843
BJMa2;ISRAEL;VND;173734712.75135466
BJMa2;JAMAICA;CYP;2821.1389096081616
BJMa2;UNITED ARAB EMIRATES;EUR;11534.127226012915
BJMa2;BANGLADESH;EGP;13601.558268476283
BJMa2;SIERRA LEONE;RSD;226666.90649369734
BJMa2;MALAYSIA;TWD;49299.40922250313
BJMa2;RUSSIAN FEDERATION;ZAR;-1288.7403393044929
BJMa2;SINGAPORE;ALL;1294903.8544681729
LMZZb;CAYMAN ISLANDS;PLN;11738.263741917177
LMZZb;NIGERIA;BIF;744905.5219922859
LMZZb;COSTA RICA;SLL;973144.8501710118
LMZZb;KAZAKHSTAN;ARS;1316177.7182825312
LMZZb;KAZAKHSTAN;SGD;26684.17186652073
LMZZb;ETHIOPIA;SOS;9027505.40918017
LMZZb;CHINA;JOD;5634.782893855416
LMZZb;PAKISTAN;LVL;1342.5393154109713
LMZZb;UNITED ARAB EMIRATES;RSD;1134395.1419076333
LMZZb;COSTA RICA;TOP;6104.0483121837815
LMZZb;SAMOA;MVR;231019.86273543778
LMZZb;GHANA;CZK;396936.4933222786
LMZZb;EL SALVADOR;NOK;273151.0597596195
LMZZb;SURINAME;MXN;299530.1237864742
LMZZb;MYANMAR;YER;5520291.267653929
