Client;Country;Currency;Transaction
AVVa3;TUNISIA;KWD;4564.587318079497
AVVa3;HAITI;BYR;17209042.42849112
AVVa3;BAHAMAS;LKR;2220294.8828177107
AVVa3;ANGOLA;MOP;43138.22213472887
AVVa3;SOUTH AFRICA;MGA;4311966.443667393
AVVa3;DOMINICAN REPUBLIC;LVL;6649.077326230535
AVVa3;MADAGASCAR;BTN;790494.0147290758
AVVa3;SWAZILAND;BOB;52799.70948361138
AVVa3;YEMEN;CNY;19284.345259269932
AVVa3;LEBANON;VES;33620.0673095415
AVVa3;KUWAIT;AUD;7343.226770054807
AVVa3;TANZANIA, UNITED REPUBLIC OF;DKK;117318.3299499959
AVVa3;COSTA RICA;MRO;3297611.0643743267
AVVa3;CHINA;MZN;319182.1672143173
AVVa3;PERU;WST;24503.739249264567
AVVa3;YEMEN;BMD;12307.565611553266
AVVa3;KOREA, REPUBLIC OF;AZN;22173.887525720536
AVVa3;MALDIVES;CZK;221288.39314846924
ABMVZ;OMAN;CVE;298106.21805090917
ABMVZ;ROMANIA;SBD;14231.802262640227
ABMVZ;CROATIA;BZD;1237.3773058437007
ABMVZ;INDONESIA;ARS;230391.6779402687
ABMVZ;JAPAN;LBP;3465014.907268353
XYZa3;CHINA;VUV;780414.0263820123
XYZa3;BARBADOS;RON;39.524598612502324
XYZa3;TOGO;GTQ;17246.556527537407
XYZa3;ARGENTINA;SLL;53410290.95600058
XYZa3;DOMINICA;FJD;3079.842998579379
XYZa3;POLAND;AZN;1383.9761267374552
XYZa3;IRAQ;EUR;2821.499173632164
XYZa3;HONG KONG;ILS;7045.991291492726
XYZa3;EGYPT;SVC;26888.884114962842
XYZa3;ISRAEL;SYP;3142821.880377487
XYZa3;BOLIVIA;ZWL;3894020.8418252855
XYZa3;VENEZUELA;SZL;20775.094397069755
ADGHI;NORWAY;NZD;19226.82639113365
ADGHI;LEBANON;MRO;1817625.2602033007
ADGHI;BARBADOS;UAH;512853.57009401085
ADGHI;CZECH REPUBLIC;RSD;494047.36821571
ADGHI;IRAQ;SYP;4547321.109094479
ADGHI;BARBADOS;BDT;764831.0317464467
ADGHI;MALAYSIA;KWD;2503.9078629934133
ADGHI;PAKISTAN;MRO;1384024.366984782
ADGHI;COSTA RICA;ISK;108489.28362340585
ADGHI;DJIBOUTI;MWK;4735853.431393556
ADGHI;BULGARIA;ZMW;12602.86224317555
ADGHI;IRAN (ISLAMIC REPUBLIC OF);MGA;1026599.8247318655
ADGHI;TRINIDAD AND TOBAGO;LAK;197255782.98110434
ADGHI;BURUNDI;BMD;14048.197078613588
ADGHI;NEPAL;QAR;20956.145212061147
ADGHI;HUNGARY;NGN;4653176.474006768
ADGHI;BOTSWANA;GNF;72755882.45543426
ADGHI;CHILE;BZD;4258.65000599927
ADGHI;SOLOMON ISLANDS;SCR;175353.89063703985
CJJYZ;TAIWAN, PROVINCE OF CHINA;LBP;440675.7573850316
CJJYZ;DENMARK;PLN;6818.089917720485
EIJVX;OMAN;MUR;169786.00082040785
EIJVX;COLOMBIA;PAB;7896.937623218493
EIJVX;IRAQ;NIO;421563.3260767789
EIJVX;CAYMAN ISLANDS;BIF;10094698.641192509
EIJVX;SRI LANKA;BYR;385072118.4460828
EIJVX;BAHRAIN;AUD;2532.014321023743
EIJVX;TRINIDAD AND TOBAGO;QAR;48081.20392050535
EIJVX;KOREA, REPUBLIC OF;BZD;28378.403921861533
EIJVX;MALAWI;LVL;2630.5079345931517
EIJVX;URUGUAY;COP;30269973.340230983
EIJVX;PHILIPPINES;JOD;11467.958101453341
EIJVX;HAITI;MGA;10018573.794073803
EIJVX;CROATIA;PKR;2051316.5812605724
EIJVX;SWITZERLAND;ZWL;6420923.3948530005
ACEMZ;EL SALVADOR;MUR;55106.251024588695
IIIIb;ICELAND;RON;27968.059798513823
IIIIb;TANZANIA, UNITED REPUBLIC OF;ZWL;2994144.2995431204
IIIIb;BRUNEI DARUSSALAM;YER;1439914.2770017392
IIIIb;BOLIVIA;KZT;133211.59569008515
IIIIb;KUWAIT;BBD;11801.850427217541
IIIIb;RWANDA;UAH;25854.546975064986
IIIIb;ALBANIA;SZL;56720.15794468687
IIIIb;BELIZE;PGK;13513.709771592923
IIIIb;MACAU;RUB;219181.67585619175
HKacc;ISRAEL;LKR;255113.37916928378
HKacc;HAITI;PES;116240.11090426233
HKacc;FRENCH POLYNESIA;NZD;1287.108345345538
HKacc;HONDURAS;SGD;406.94027229427036
HKacc;KAZAKHSTAN;GYD;194664.59004924473
HKacc;NEW ZEALAND;IRR;8352023.526290247
HKacc;TUNISIA;MYR;348.9615196275114
HKacc;INDIA;BOB;791.4944397451102
HKacc;EGYPT;UAH;11076.952510113848
HKacc;CYPRUS;GBP;797.9991247326021
HKacc;CHINA;AED;2629.877595232259
HKacc;TURKEY;KZT;362763.0688231281
HKacc;PAKISTAN;NGN;168513.6668286444
HKacc;FRENCH POLYNESIA;NAD;4981.581211832344
HKacc;CYPRUS;KWD;347.20830001213585
HKacc;NIGERIA;RSD;99027.83782610294
HKacc;ARGENTINA;QAR;4500.826344307291
HKacc;UKRAINE;SGD;1512.6089762743493
HKacc;BHUTAN;EUR;1162.6267882790453
HKacc;NIGERIA;GHS;11681.614809725987
EHZc1;BURUNDI;XPF;83529.51110434203
EHZc1;KUWAIT;SOS;1039932.7445139955
EHZc1;CHINA;TND;2992.581302726168
EHZc1;VANUATU;MYR;3010.0130588018424
EHZc1;SAO TOME AND PRINCIPE;PAB;836.7746144573699
EHZc1;LATVIA;PHP;128095.27828975985
EHZc1;TUNISIA;BRL;5230.2118614459105
EHZc1;FRENCH POLYNESIA;CRC;218640.94111702256
EHZc1;MOROCCO;IDR;7232592.666902126
EHZc1;CAMBODIA;CLP;1426191.8066696357
EHZc1;MYANMAR;NOK;9981.576122341408
EHZc1;CAMBODIA;OMR;360.86685920194105
EHZc1;HONDURAS;JPY;203361.90999297955
EHZc1;MEXICO;MYR;8763.511524361193
EHZc1;SUDAN;SZL;25795.794382225282
EILbc;MYANMAR;ILS;1899.056860710286
EILbc;MADAGASCAR;ZMW;57254.53195196054
EILbc;ALBANIA;DJF;407206.812268187
EILbc;BANGLADESH;SBD;3893.4095216035357
EILbc;EL SALVADOR;PES;14771.715379418512
EILbc;DENMARK;ANG;-42.6559981001518
EILbc;INDONESIA;PKR;645056.6239274917
EILbc;IRAN (ISLAMIC REPUBLIC OF);BDT;4653.316741270798
EILbc;PERU;EUR;1692.040945882827
EILbc;COLOMBIA;MMK;1635509.2986927193
EILbc;CENTRAL AFRICAN REPUBLIC;TND;2369.4277530389136
EILbc;ANGOLA;RUB;110316.93588629723
EILbc;ZAMBIA;PAB;2370.018389989618
ADGcc;PARAGUAY;KWD;2173.7181504919154
ADGcc;BELIZE;SRD;-2450.6146236543586
ADGcc;ISRAEL;BOB;41921.59898158923
ADGcc;COLOMBIA;SLL;192156408.58033738
ADGcc;DENMARK;SYP;5250151.521769645
CCKWZ;URUGUAY;PLN;75332.14881696361
CCKWZ;CENTRAL AFRICAN REPUBLIC;SDG;4502153.310161641
CCKWZ;POLAND;RON;6952.0081482473215
CCKWZ;MALAYSIA;UGX;41292501.962245256
CCKWZ;HONG KONG;OMR;4065.54837233122
CCKWZ;CHINA;KYD;9321.202068190913
CCKWZ;CANADA;DZD;542963.3036315242
CCKWZ;RWANDA;NZD;12979.787034866642
CCKWZ;VANUATU;NAD;172511.57767541075
CCKWZ;EL SALVADOR;HUF;6008967.601752694
CCKWZ;LAO PEOPLE'S DEMOCRATIC REP;UAH;534684.6996637096
GIILX;KUWAIT;CAD;5680.737479952729
GIILX;BELIZE;LYD;2681.868467082066
GIILX;HONDURAS;GHS;10419.70133821062
ABBJM;LATVIA;AUD;1338.8348807806958
ABBJM;COLOMBIA;GNF;2494903.5698188483
ABBJM;HAITI;RWF;1433894.7970815443
ABBJM;AUSTRALIA;ILS;2462.8028815967723
ABBJM;BURUNDI;KES;65514.98092589208
KKLLY;SYRIAN ARAB REPUBLIC;MYR;1085.844433094242
KKLLY;COSTA RICA;ETB;142396.16896771957
KKLLY;SOUTH AFRICA;SYP;195783.1943565542
KKLLY;IRAN (ISLAMIC REPUBLIC OF);BIF;2615834.9592666035
BBFYb;DOMINICAN REPUBLIC;MXN;131858.17518143027
BBFYb;MEXICO;BRL;51261.70323961964
BBFYb;UNITED KINGDOM;AZN;1478.0568446121051
BBFYb;THAILAND;CRC;301460.69318121334
BBFYb;OMAN;MZN;1184013.3364241177
BBFYb;KENYA;TRY;13357.175954409653
BBFYb;ZIMBABWE;PKR;1576103.1343223827
BBFYb;NICARAGUA;BSD;13804.502474617542
BBFYb;LAO PEOPLE'S DEMOCRATIC REP;BND;18406.578729984154
BBFYb;SWEDEN;CYP;3038.5808657782322
BBFYb;ALGERIA;RWF;13929351.723645283
BBFYb;LIBYAN ARAB JAMAHIRIYA;GBP;8879.679122363139
BBFYb;SAO TOME AND PRINCIPE;VES;207841.98735184164
BBFYb;IRAQ;MVR;23139.99330390152
BBFYb;ZAMBIA;KHR;12618127.143605363
BBFYb;SAO TOME AND PRINCIPE;PHP;452183.4192804606
BBFYb;SINGAPORE;CNY;99322.89159544389
AJMW1;BOLIVIA;LKR;1537840.4195993468
AJMW1;TRINIDAD AND TOBAGO;CRC;2149307.057738993
AJMW1;MAURITIUS;HTG;884254.3052851261
AJMW1;SWITZERLAND;SBD;23587.955406371482
AJMW1;MAURITANIA;WST;28664.199176537586
AJMW1;MAURITANIA;KES;1279696.2422745356
AJMW1;SAMOA;MWK;1569091.6588541644
AJMW1;AZERBAIJAN;OMR;1552.1290948289422
AJMW1;SUDAN;DZD;250526.02441261848
AJMW1;GUINEA;MAD;106061.45315120404
AJMW1;ALGERIA;HUF;4247871.141436995
AJMW1;MALDIVES;HTG;832896.1006852323
ACEEM;RWANDA;ARS;1355136.0349404307
ACEEM;BHUTAN;HTG;714869.2993734253
ACEEM;UNITED ARAB EMIRATES;VES;228419.8492693413
ACEEM;INDONESIA;FJD;5114.606261088198
ACEEM;CZECH REPUBLIC;STD;250946112.88982472
ACEEM;CHINA;SYP;3746265.8515427653
ACEEM;GUYANA;IDR;31989415.137556314
ACEEM;JAPAN;BGN;16297.034131694161
ACEEM;KUWAIT;TRY;186358.32575603048
ACEEM;BURUNDI;ISK;1390319.3186365182
HJNWc;NORWAY;PEN;7958.825087769434
HJNWc;VANUATU;XOF;331185.7807130707
HJNWc;OMAN;PKR;285583.23639511305
HJNWc;IRAN (ISLAMIC REPUBLIC OF);LRD;313563.6126879203
HJNWc;BRUNEI DARUSSALAM;PEN;2929.5837086078473
HJNWc;PANAMA;CNY;2408.005357414196
HJNWc;UGANDA;GBP;1125.7522994481355
HJNWc;SAO TOME AND PRINCIPE;JPY;68824.18949155381
HJNWc;OMAN;BZD;20.242098489124572
HJNWc;ETHIOPIA;DJF;237403.36282388435
HJNWc;CHILE;COP;5988670.842776799
BDJWa;DOMINICAN REPUBLIC;FJD;41337.29885624963
BDJWa;TURKEY;RON;16047.891064721136
BDJWa;LAO PEOPLE'S DEMOCRATIC REP;UAH;894270.5316993493
BDJWa;THAILAND;SBD;186037.76200751576
BDJWa;CENTRAL AFRICAN REPUBLIC;ARS;3599692.497334831
BFKMV;ZIMBABWE;SAR;18129.60567855066
EFZa1;JORDAN;CRC;861313.3720432273
EFZa1;URUGUAY;COP;4779942.6861594245
FIMMV;CHILE;SRD;325990.8421980382
FIMMV;ANGOLA;TZS;28403590.453312546
FIMMV;DOMINICA;CVE;-12169.044906294794
FIMMV;JORDAN;NAD;333458.72705678263
FIMMV;BANGLADESH;DZD;506937.5625406619
FIMMV;SOLOMON ISLANDS;HUF;4434538.416313759
FIMMV;KUWAIT;KWD;5206.303801526896
EJXZ3;SOMALIA;HUF;508338.1362517775
EJXZ3;NICARAGUA;PGK;2758.865029261055
EJXZ3;KENYA;THB;19918.83748177938
EJXZ3;NAMIBIA;SRD;50453.42342132244
EJXZ3;MALAWI;TRY;27266.821696242838
EJXZ3;CAMBODIA;MGA;7222567.622808685
EJXZ3;TUNISIA;BRL;8030.33863166929
EJXZ3;PANAMA;UYU;-476.60600533121556
EJXZ3;CROATIA;CRC;570011.0889197323
EJXZ3;TANZANIA, UNITED REPUBLIC OF;DJF;174818.86509863532
EJXZ3;PARAGUAY;STD;28065044.127659395
EJXZ3;MOROCCO;IRR;33125567.176991567
HHaa1;URUGUAY;PES;9307238.004307749
HHaa1;THAILAND;EGP;486026.33418560604
HHaa1;EGYPT;CVE;5949957.35764793
HHaa1;PERU;RWF;46127234.211495675
HHaa1;SRI LANKA;ANG;71186.17093229831
HHaa1;SUDAN;MYR;151664.12895527508
HHaa1;LIBERIA;MRO;20561901.167115215
HHaa1;YEMEN;CYP;3759.853442262474
HHaa1;NAMIBIA;LRD;2319632.57749374
HHaa1;JAPAN;CNY;8547.817330343669
CEEI1;RWANDA;VES;63935.14455006147
CEEI1;PAPUA NEW GUINEA;HNL;26614.893691292924
CEEI1;GUYANA;KHR;6709511.8194753155
CEEI1;YEMEN;VES;51834.277941005486
CEEI1;SRI LANKA;GBP;1837.5929550217377
CEEI1;NEW ZEALAND;WST;8378.876985360128
CEEI1;PANAMA;CRC;1039696.5809043774
CEEI1;HONDURAS;STD;45606433.7237725
CEEI1;DENMARK;BIF;1886350.4963165086
CEEI1;BURUNDI;DKK;9.826289101708513
CEEI1;ISRAEL;MMK;4851210.691184492
CEEI1;GAMBIA;PHP;97951.73399470309
CEEI1;GUATEMALA;AED;10982.40254673328
CEEI1;TRINIDAD AND TOBAGO;NIO;43667.37876516736
CEEI1;ISRAEL;NGN;347817.8314458092
DHHKL;EGYPT;TOP;1472.6811668816242
DHHKL;BAHAMAS;DJF;11243.146151984725
DHHKL;MALDIVES;AUD;1089.6657186841717
DHHKL;GUATEMALA;DJF;211223.32940113137
DHHKL;NEPAL;KHR;2082871.9598358057
DHHKL;NAMIBIA;CRC;445982.35360094666
DEJKX;SINGAPORE;ZWL;1047447.3408567724
DJJNV;IRAN (ISLAMIC REPUBLIC OF);MAD;22810.12195257836
DJJNV;QATAR;NGN;1332509.2089176408
DJJNV;MOROCCO;SRD;134852.44659450627
DJJNV;OMAN;NOK;6194.362332957614
DJJNV;JAMAICA;MYR;25873.08743044024
DJJNV;DOMINICAN REPUBLIC;LVL;256.73570689856075
DJJNV;HAITI;KHR;14582631.413615039
DJJNV;JAPAN;AUD;1132.7740853049734
DJJNV;UKRAINE;TND;5808.3724297057815
DJJNV;CZECH REPUBLIC;ETB;119496.63336180926
DDMVY;UGANDA;CZK;34525.13497854315
DDMVY;BULGARIA;CHF;-21.384747883314937
DDMVY;VENEZUELA;SZL;42998.182573774386
DDMVY;LATVIA;SOS;1425779.6992953634
DDMVY;ANGOLA;PYG;6621376.185984032
DDMVY;YEMEN;XCD;7118.473732782024
DDMVY;MACAU;RUB;64168.981089829445
DDMVY;RWANDA;MWK;263006.49902590294
DDMVY;GHANA;HRK;9415.717841318536
DDMVY;ISRAEL;UYU;34915.28431548632
DDMVY;BELARUS;JOD;1811.424743121773
DDMVY;MOZAMBIQUE;SBD;13680.961175561595
DDMVY;NETHERLANDS ANTILLES;SGD;-8.923492524878512
DDMVY;COSTA RICA;GHS;24203.226555811714
DDMVY;SWAZILAND;WST;5502.6566316212175
DDMVY;QATAR;GMD;21304.93215816968
DDMVY;MYANMAR;ILS;2716.0504414356387
DDMVY;HONG KONG;GMD;98780.74918813728
DDMVY;KENYA;MZN;65823.54562451487
ADKN1;TRINIDAD AND TOBAGO;JPY;1381694.0213214813
ADKN1;FIJI;ILS;31037.769444390015
ADKN1;CYPRUS;MGA;19389223.19976405
ADKN1;ARGENTINA;LVL;3780.2364025776023
ADKN1;UKRAINE;VUV;1188036.231213051
ADKN1;LIBERIA;TOP;26210.672632655438
ADKN1;SAMOA;ZAR;183284.57908957772
ADKN1;INDONESIA;TRY;335815.5000775443
ADKN1;DOMINICA;VES;353952.1534281638
ADKN1;GUINEA;TZS;34053994.2387794
ADKN1;TOGO;AUD;27408.02085503316
ADKN1;FRENCH POLYNESIA;BYR;282670585.75932896
ADKN1;ETHIOPIA;NGN;5918042.682118929
ADKN1;BELIZE;SEK;158303.610693464
ADKN1;PAPUA NEW GUINEA;INR;866086.4415014926
ADKN1;ROMANIA;BWP;222656.33966649117
ADKN1;SAUDI ARABIA;CNY;42518.09599979427
ADKN1;HAITI;XOF;926953.8102941731
ADKN1;VANUATU;PLN;68600.64332401502
BBBKb;SYRIAN ARAB REPUBLIC;RWF;7719122.464190843
BBBKb;DJIBOUTI;RON;9818.800931166
BBBKb;SAMOA;SCR;79272.07270688124
BBBKb;BELARUS;PGK;8353.414545664413
BBBKb;TOGO;AWG;16993.916795638783
BBBKb;MOZAMBIQUE;BND;11711.504515402856
BBBKb;MOZAMBIQUE;BGN;7778.896701897601
BBBKb;PAKISTAN;ZMW;110290.94316980978
BBBKb;JORDAN;BGN;11299.493656964523
BBBKb;GHANA;PYG;46381442.50253139
BBBKb;MADAGASCAR;GBP;6263.829276026478
A3333;COSTA RICA;BYR;87977884.29328008
A3333;HONDURAS;MOP;41255.36019720249
A3333;NAMIBIA;ISK;894622.1519339699
A3333;MALAYSIA;CZK;172300.74557298046
A3333;RWANDA;STD;35187441.6816246
A3333;HONDURAS;RSD;833208.3949656904
A3333;MOZAMBIQUE;ZAR;58665.43354683814
A3333;HONDURAS;SZL;20188.082436549605
A3333;SOMALIA;INR;551647.7083614477
A3333;ALBANIA;ISK;704495.8007403725
A3333;SINGAPORE;IRR;271283953.17878586
A3333;QATAR;SDG;3990669.7454923512
A3333;ETHIOPIA;LKR;1323129.1197098992
AAAEW;ZIMBABWE;VND;3278891.6420399845
AAAEW;CAMBODIA;NAD;1852.563539117381
AAAEW;KOREA, REPUBLIC OF;MYR;6533.933031304504
AAAEW;ICELAND;SAR;4645.016282505907
AAAEW;KENYA;VES;8033.932816057834
AAAEW;SURINAME;GHS;1950.823516163921
AAAEW;POLAND;SCR;9616.211584763778
AAAEW;KUWAIT;NOK;14089.679724976302
AAAEW;KOREA, REPUBLIC OF;PLN;288.2326804829789
AAAEW;KENYA;AUD;2497.426950863157
AAAEW;ARUBA;DKK;9828.884443481056
AAAEW;SOUTH AFRICA;SZL;9372.772006361858
AAAEW;FRENCH POLYNESIA;XPF;3618.05124434339
AAAEW;LAO PEOPLE'S DEMOCRATIC REP;AED;5339.792816562029
AAAEW;EL SALVADOR;LBP;530179.0239973674
AAAEW;HUNGARY;SZL;29674.33611399172
AAAEW;LEBANON;KWD;21.446159107937564
AAAEW;MADAGASCAR;MMK;660724.4311451752
AAAEW;RWANDA;VUV;57171.41270926799
AAAEW;LATVIA;BTN;21645.915447220876
JJNYb;CENTRAL AFRICAN REPUBLIC;XOF;1136140.200615142
JJNYb;ROMANIA;MYR;6258.647381418706
JJNYb;SYRIAN ARAB REPUBLIC;TOP;582.6954085902826
JJNYb;MALAWI;CYP;529.2971891860107
JJNYb;CAMBODIA;KZT;39969.42714571239
JJNYb;PHILIPPINES;SVC;5706.600707419977
JJNYb;ZAMBIA;KYD;457.6714348879281
JJNYb;PAKISTAN;PAB;1106.800793846812
JJNYb;HONG KONG;JPY;151786.97357716138
JJNYb;BELIZE;LRD;270759.06864187215
JJNYb;QATAR;HUF;674283.1370241276
JJNYb;BANGLADESH;LVL;626.173706751692
CCCH2;KOREA, REPUBLIC OF;SBD;49461.39011624524
CCCH2;CROATIA;NPR;746682.4859550414
CCCH2;DENMARK;LRD;165381.79260785424
CCCH2;MALAWI;MXN;3484.646452395873
CCCH2;MALAYSIA;HNL;1409.1407617742468
CCCH2;SAUDI ARABIA;ILS;20204.396143574188
CCCH2;SEYCHELLES;LRD;502681.42471704684
CCCH2;BELARUS;TRY;5808.915607630083
CCCH2;PAKISTAN;HKD;18737.4598726148
CCCH2;EURO;EGP;35520.225047848806
CCCH2;SOLOMON ISLANDS;TZS;3832847.949813253
CCCH2;MOROCCO;BSD;2924.1093629053157
CCCH2;DOMINICA;RON;14433.6882345251
ILN11;PERU;NIO;15403.313982653943
ILN11;BHUTAN;TTD;5410.56307788814
ILN11;SYRIAN ARAB REPUBLIC;LRD;81377.67348292512
ILN11;EL SALVADOR;JOD;64.34654596513975
ILN11;SWAZILAND;FJD;4038.6026045241533
ILN11;SRI LANKA;DZD;231837.5037915378
ILN11;ARGENTINA;BOB;2061.0959577637204
ILN11;SIERRA LEONE;EUR;94.58601788075373
ILN11;AUSTRALIA;UYU;51386.95396080177
ILN11;NORWAY;EGP;37994.25208433904
ILN11;HAITI;KRW;1308963.2159169104
ILN11;MEXICO;TZS;2179826.582277225
ILN11;JAPAN;VND;35352697.38839793
ILN11;CAMBODIA;GNF;14253503.926899103
ILN11;TOGO;BDT;153420.09959299752
BX223;GUINEA;ZAR;29160.305001538138
AFLWb;BRAZIL;NGN;878129.3287966949
AFLWb;PANAMA;NZD;2825.676427134014
AFLWb;CANADA;BDT;201333.02192181497
AFLWb;FRENCH POLYNESIA;UYU;54152.867104037956
AFLWb;ISRAEL;AZN;1765.043870298181
AFLWb;PERU;LBP;1384914.4949525641
AFLWb;LAO PEOPLE'S DEMOCRATIC REP;UAH;17278.051147905564
AFLWb;JAPAN;BDT;161829.55273760154
AFLWb;ZIMBABWE;EUR;1487.3850204555442
AFLWb;TRINIDAD AND TOBAGO;HTG;239618.45384126046
AFLWb;MACAU;BYR;52592771.8041438
AFLWb;VIET NAM;ANG;2509.5277782438775
AFLWb;ICELAND;LVL;1145.641906832814
XZbc3;IRAN (ISLAMIC REPUBLIC OF);DZD;79599.95130106856
XZbc3;KOREA, REPUBLIC OF;RWF;527919.4069261146
XZbc3;NEPAL;AZN;139.90951554631644
XZbc3;QATAR;NOK;360.7342770071778
XZbc3;SWITZERLAND;MYR;2534.1069399021835
XZbc3;BOLIVIA;COP;2026048.8904092144
XZbc3;GUINEA;ETB;23477.73506060453
XZbc3;JAPAN;GBP;114.59753359434512
AAZb2;IRAN (ISLAMIC REPUBLIC OF);SLL;7780962.877235085
AAZb2;PANAMA;TZS;2183755.3491893685
AAZb2;COSTA RICA;TND;5373.522770332701
AAZb2;BURUNDI;XOF;1399995.2940124294
AAZb2;BELARUS;KES;7120.062138064291
AAZb2;ZAMBIA;IDR;42133107.99015989
AAZb2;GUYANA;SLL;16866396.28267723
AAZb2;URUGUAY;EUR;1930.0884388641698
AAZb2;LEBANON;SCR;25064.48994697536
AAZb2;AUSTRALIA;RWF;2811919.36767383
AAZb2;KOREA, REPUBLIC OF;YER;542227.2643410743
AAZb2;PAKISTAN;HUF;94004.52343304553
AAZb2;MAURITIUS;MZN;51766.4449487975
AAZb2;IRAN (ISLAMIC REPUBLIC OF);SEK;14338.015566826874
AAZb2;ALGERIA;BYR;1487417.3289314008
AAZb2;SOMALIA;BRL;6852.5290433517675
AAZb2;CANADA;DOP;46730.03865263158
AAZb2;IRAN (ISLAMIC REPUBLIC OF);UAH;88666.60059105569
AAZb2;ZIMBABWE;JMD;193507.64655563293
DFHNV;SAO TOME AND PRINCIPE;BTN;302912.64042505634
DFHNV;SEYCHELLES;BDT;193710.02452176678
DFHNV;BRUNEI DARUSSALAM;THB;30604.16176978657
DFHNV;IRAN (ISLAMIC REPUBLIC OF);ALL;243910.84077164248
DFHNV;HONG KONG;ZMW;91200.43864703976
DFHNV;ZAMBIA;ALL;40627.27341760611
DFHNV;UNITED KINGDOM;MRO;814873.2308118897
DFHNV;PARAGUAY;SCR;58276.13555038362
DFHNV;ZIMBABWE;CAD;7954.505126598025
DFHNV;URUGUAY;MYR;25380.836810393597
DFHNV;ALGERIA;CZK;100118.00398743896
DFHNV;ANGOLA;MYR;486.8446958515396
DFHNV;GUYANA;BZD;12134.645877336581
DFHNV;CHILE;XAF;2414087.6810867502
DFHNV;NAMIBIA;HRK;45003.05116088086
CJLMZ;ROMANIA;VES;44899.60206246652
CJLMZ;CANADA;PYG;6903884.035101081
CJLMZ;ISRAEL;MAD;49370.910960078036
CJLMZ;HUNGARY;AUD;5167.420617180093
CJLMZ;EURO;PGK;9203.954871170963
BKZ13;LIBYAN ARAB JAMAHIRIYA;UYU;230741.5922599979
BKZ13;TONGA;MRO;123927.99430226452
BKZ13;CAPE VERDE;ZWL;883708.5152362491
BKZ13;ETHIOPIA;DZD;131049.5831118938
BKZ13;NIGERIA;XAF;2219717.132159101
BKZ13;TOGO;KZT;1632265.6477986085
BKZ13;VENEZUELA;BIF;6276989.373567955
BKZ13;PERU;MMK;10919442.059893774
BKZ13;NEPAL;ARS;656615.1608395847
BKZ13;BRUNEI DARUSSALAM;XPF;556615.8280128526
BKZ13;SWAZILAND;COP;7036123.454244154
BKZ13;PARAGUAY;SLL;120675701.66569337
CKKXa;FRENCH POLYNESIA;TTD;89000.89100129463
BHJNZ;PERU;GTQ;1023.1323219263617
BHJNZ;KOREA, REPUBLIC OF;CAD;541.6834716783776
BHJNZ;NICARAGUA;RWF;510820.78610617033
BHJNZ;SEYCHELLES;ZAR;6563.812476946178
BHJNZ;LATVIA;LAK;8885708.53718325
BHJNZ;VANUATU;ZWL;444318.3139393566
BHJNZ;SRI LANKA;XAF;329157.9006061734
BHJNZ;PANAMA;LVL;357.9963349678612
BHJNZ;PERU;GTQ;366.17968640692226
BHJNZ;BELIZE;SYP;277302.59105889377
BHJNZ;SAMOA;NAD;2594.759106226448
BHJNZ;VENEZUELA;KWD;0.0
BHJNZ;CYPRUS;NZD;318.4114011865805
CEMV2;LIBERIA;ARS;1178159.4085195248
CEMV2;PARAGUAY;SEK;85333.45057639916
CEMV2;MADAGASCAR;RUB;478421.02526020544
CEMV2;TUNISIA;VUV;1194863.8894694683
CEMV2;NORWAY;CZK;124537.2815124018
ACY13;SIERRA LEONE;ZMW;3425.2014892008583
ACY13;TRINIDAD AND TOBAGO;MXN;93.3683315405104
ACY13;CROATIA;SZL;2637.2855064007103
ACY13;MAURITANIA;SGD;45.45949499921327
ACY13;HUNGARY;BIF;527800.5156471191
ACY13;TRINIDAD AND TOBAGO;ZMW;478.1173703461152
ACY13;UGANDA;BZD;903.997788075114
CC223;TANZANIA, UNITED REPUBLIC OF;WST;2068.7499197680754
CC223;FIJI;BYR;8637459.871068515
CC223;BRAZIL;YER;651025.1561630326
CC223;IRAQ;GTQ;12173.657353111928
CC223;QATAR;MUR;110630.14287103218
CC223;COSTA RICA;THB;42413.90334289199
CC223;MYANMAR;MAD;20046.72307933346
CC223;BELARUS;SYP;1230868.8023647799
CC223;ETHIOPIA;MMK;4626654.248285517
CC223;NIGERIA;ANG;216.91131642938225
CC223;CHILE;SDG;521757.8668029134
CC223;EL SALVADOR;ARS;49670.27225546698
CC223;SOMALIA;AOA;1340121.0823677734
CC223;VIET NAM;MUR;94103.48164092249
CC223;KUWAIT;TOP;372.64298723569055
ABFX1;COSTA RICA;ALL;944628.2203902821
ABFX1;ARGENTINA;XCD;25908.84759180307
CEEb3;BOLIVIA;KES;1253348.6180891008
CEEb3;LEBANON;QAR;17862.21432633708
CEEb3;EGYPT;INR;-3397.3576293552187
CEEb3;BANGLADESH;BSD;10351.72675726475
CEEb3;MADAGASCAR;IQD;14559716.114292683
CEEb3;ETHIOPIA;YER;1840246.0526942727
CEEb3;HAITI;LKR;316552.6900287439
CEEb3;CYPRUS;CLP;6534926.458899983
CEEb3;TANZANIA, UNITED REPUBLIC OF;MVR;149301.65671822565
CEEb3;SAUDI ARABIA;MXN;148681.51393082476
CEEb3;GUATEMALA;MVR;17239.431048613045
CEEb3;JAPAN;MUR;355859.397274496
CEEb3;TOGO;IDR;149525365.60090876
CEEb3;TAIWAN, PROVINCE OF CHINA;PLN;39383.68756318266
CEEb3;YEMEN;SLL;51810377.41929548
CEEb3;INDIA;SCR;99691.26569634251
CEEb3;ETHIOPIA;SVC;17191.38468909856
CEEb3;SWAZILAND;NPR;401992.96856136445
CEEb3;MOROCCO;ISK;1192287.8417998336
CEEb3;ICELAND;MZN;641778.8814818985
HIcc3;INDONESIA;ISK;747186.3621411416
HIcc3;SIERRA LEONE;CLP;3390525.821624239
HIcc3;BURUNDI;LAK;133996552.34913424
HIcc3;SAMOA;MOP;16802.767546253275
HIcc3;POLAND;ALL;597988.0277281259
HIcc3;SRI LANKA;HUF;804652.6311038397
HIcc3;BOLIVIA;ILS;4822.464098081131
HIcc3;TANZANIA, UNITED REPUBLIC OF;IDR;121616015.35328695
HIcc3;DOMINICAN REPUBLIC;SGD;11216.443953040902
HIcc3;BELARUS;BIF;3973509.10060328
HIcc3;KAZAKHSTAN;LAK;95959770.3101813
HIcc3;VANUATU;VES;145007.41021594757
HIcc3;LEBANON;WST;12182.8696882375
HIcc3;LATVIA;BMD;783.935430250984
IZc23;MOZAMBIQUE;XOF;6705804.40909367
IZc23;SOLOMON ISLANDS;BOB;54343.943502283015
IZc23;FRENCH POLYNESIA;GMD;703718.2194755204
IZc23;BRAZIL;XAF;2553490.600251935
IZc23;MALDIVES;KRW;1169063.380942681
IZc23;ZAMBIA;CNY;82317.03779138727
IZc23;IRAN (ISLAMIC REPUBLIC OF);PES;44324.00127381805
IZc23;JAPAN;BRL;17765.729016746325
IZc23;GUYANA;DKK;40140.24723770786
IZc23;MADAGASCAR;YER;3376260.9594867383
IZc23;MALDIVES;SLL;248127523.70091248
IZc23;AUSTRALIA;NPR;1155245.8941543894
IZc23;GUINEA;SVC;59328.95921978992
IZc23;ISRAEL;RON;24509.274777678944
IZc23;UKRAINE;AUD;14527.165098315567
IZc23;ICELAND;KWD;2048.0437491604735
IZc23;PERU;ANG;19895.147007859356
IZc23;SURINAME;MVR;196426.8654023924
IZc23;MALDIVES;BYR;52856577.00963618
IZc23;RWANDA;GTQ;34682.183281216574
AAAAV;BOTSWANA;TRY;511634.90581550886
AAAAV;TURKEY;NPR;236853.0229592484
AAAAV;MALAYSIA;GTQ;217322.69530591718
AAAAV;BARBADOS;SYP;7842629.162663879
AAAAV;SWAZILAND;HUF;5254164.461461068
AAAAV;KAZAKHSTAN;SEK;170613.73293773274
AAAAV;FRENCH POLYNESIA;KHR;5030302.065415091
AAAAV;EGYPT;EUR;19851.408048317735
AAAAV;IRAN (ISLAMIC REPUBLIC OF);TOP;63913.99394786882
AAAAV;MALAWI;WST;933.3485235491229
AAAAV;YEMEN;SOS;5064866.232839256
DGNN3;EL SALVADOR;RON;20281.393778074646
ACFJX;UKRAINE;NPR;450940.61383483204
ACFJX;BURUNDI;MWK;1111650.1007618222
ACFJX;SWEDEN;MZN;292761.7821098484
ACFJX;TURKEY;GTQ;25915.68500896233
ACFJX;ALBANIA;QAR;4968.821071673427
DGVZ1;MYANMAR;LKR;684793.5074464205
DGVZ1;PERU;HKD;6775.927361134933
DGVZ1;CENTRAL AFRICAN REPUBLIC;EGP;144487.74340421185
DGVZ1;RUSSIAN FEDERATION;TTD;14154.698798995305
DGVZ1;DOMINICA;STD;185524264.95426413
DGVZ1;SYRIAN ARAB REPUBLIC;DZD;944131.8340023884
DGVZ1;JORDAN;LKR;1722720.9490463957
DGVZ1;SOMALIA;MAD;37790.43912103784
DGVZ1;MEXICO;UAH;148775.8857730909
DGVZ1;KAZAKHSTAN;ZMW;43778.58349730016
DGVZ1;INDIA;FJD;6213.547639387059
DGVZ1;HAITI;LAK;25259109.429307196
DGVZ1;HONDURAS;SVC;22999.29691526326
DGVZ1;LEBANON;BTN;629266.3224916852
DGVZ1;THAILAND;BSD;6350.090119986904
DGVZ1;ETHIOPIA;NAD;88967.98762129353
DGVZ1;LATVIA;PYG;30539686.803569466
DGVZ1;TANZANIA, UNITED REPUBLIC OF;CYP;4563.12890279567
DGVZ1;NIGERIA;QAR;4189.609844563287
GLMZ1;BELARUS;LKR;1509848.1040185457
GLMZ1;MALDIVES;EUR;2520.025584694609
GLMZ1;MOROCCO;BRL;11740.179650153912
GLMZ1;PAKISTAN;DKK;8866.025533049125
GLMZ1;DOMINICA;SZL;78889.41191032465
GLMZ1;SURINAME;LBP;2572805.198402073
GLMZ1;BULGARIA;BOB;15913.281718696384
GLMZ1;SAO TOME AND PRINCIPE;BND;2148.8473147251198
GLMZ1;MAURITIUS;GTQ;20535.747702564255
DHHKY;CROATIA;ETB;92216.46401241007
DHHKY;KOREA, REPUBLIC OF;NOK;22277.41617839592
DHHKY;SWITZERLAND;MGA;2272503.3940558177
DHHKY;POLAND;EUR;2132.458423660383
FJNYc;SWAZILAND;AUD;3545.983856116891
FJNYc;BRUNEI DARUSSALAM;KYD;1345.193865650298
FJNYc;IRAQ;GNF;19277637.815734405
FJNYc;PANAMA;VES;16704.097207658277
FJNYc;CAPE VERDE;JMD;189194.4565856197
AMWa1;PAPUA NEW GUINEA;TOP;2352.335476919763
BLac1;MALAWI;MYR;1217.1079031458212
BLac1;JORDAN;CYP;547.3183862628553
BLac1;SIERRA LEONE;IRR;11984668.68913062
BLac1;BURUNDI;CAD;1091.0283434982634
BLac1;INDONESIA;INR;14041.46738713845
BLac1;CAPE VERDE;SCR;2383.4716705457367
BLac1;TURKEY;JMD;75527.19896269543
BLac1;LIBERIA;SOS;356490.71253333637
BLac1;BRUNEI DARUSSALAM;BMD;1511.6944458707492
BLac1;GAMBIA;BTN;75841.81111014908
CGXbb;VIET NAM;DJF;554957.6222556107
CGXbb;CAYMAN ISLANDS;AWG;1155.51191087433
CGXbb;COLOMBIA;PKR;61471.84096293017
CGXbb;COSTA RICA;KZT;1436435.3395386788
CGXbb;NICARAGUA;IQD;1530248.7671353954
CGXbb;TUNISIA;NOK;13872.958175183241
CGXbb;MALAYSIA;SGD;221.4285258430544
CGXbb;PHILIPPINES;FJD;2922.6473046528595
CGXbb;MALDIVES;TRY;31932.787632137446
ABIZ3;ZAMBIA;BTN;2646572.970967009
ABIZ3;GUYANA;XAF;17676563.926987246
ABIZ3;SWITZERLAND;YER;13511258.496739648
ABIZ3;TUNISIA;THB;1784589.0399368212
ABIZ3;ISRAEL;BOB;320100.10364081623
ABIZ3;TONGA;PYG;218369958.03689915
ABIZ3;SINGAPORE;BRL;21302.528223379133
ABIZ3;ZIMBABWE;TZS;47221466.57676007
ABIZ3;PARAGUAY;LYD;167331.59865020931
ABIZ3;BULGARIA;NOK;245332.71709800465
ABIZ3;HUNGARY;BRL;75127.31512486658
ABIZ3;POLAND;ZWL;2052168.8217811622
