Client;Country;Currency;Transaction
DFJWY;TANZANIA, UNITED REPUBLIC OF;CVE;402567.0216746579
DFJWY;RWANDA;UAH;36181.975512625344
DFJWY;TANZANIA, UNITED REPUBLIC OF;ZMW;25791.8575023602
DFJWY;KAZAKHSTAN;JMD;286149.5194350634
DFJWY;SERBIA;XPF;219039.08259203887
DFJWY;CAPE VERDE;JOD;2023.2906915947249
DFJWY;CZECH REPUBLIC;RSD;371081.9792485527
DFJWY;TAIWAN, PROVINCE OF CHINA;SAR;10548.181109766983
GJKc1;BELARUS;KHR;43082912.11470319
GJKc1;COLOMBIA;ILS;75003.7947624454
GJKc1;MEXICO;CRC;10226198.644924382
GJKc1;TONGA;VND;188290285.26445073
GJKc1;LIBERIA;AED;73515.68594796288
GJKc1;KAZAKHSTAN;JPY;180281.35967948413
GJKc1;SERBIA;NOK;18112.82291906727
CEFZ1;PHILIPPINES;PLN;15232.630909468957
CEFZ1;SEYCHELLES;CNY;2688.372141352503
CEFZ1;SURINAME;SEK;104070.35970609983
CEFZ1;NEW ZEALAND;TZS;17247924.050352268
CEFZ1;TUNISIA;MUR;281546.26691955817
CEFZ1;SRI LANKA;CHF;2323.6088670891722
CEFZ1;CHILE;SZL;103489.1533188432
CEFZ1;MALAYSIA;THB;344120.7999999693
CEFZ1;ETHIOPIA;LKR;4346351.908785627
CEFZ1;THAILAND;XCD;21069.282286357204
DDDc2;DOMINICAN REPUBLIC;BBD;14914.99658167127
DDDc2;BARBADOS;JPY;1793577.0670700422
DDDc2;TOGO;VND;197236909.20696044
DDDc2;MOZAMBIQUE;AWG;15170.37933030696
DDDc2;MYANMAR;AED;27867.23667944079
AXZb2;SAMOA;BGN;5177.4648947151445
AXZb2;NICARAGUA;PLN;756.9781801069488
AXZb2;MALDIVES;OMR;1053.6108730672108
AXZb2;CROATIA;MVR;41187.434113640185
AXZb2;UKRAINE;CRC;820157.8296501414
AXZb2;SWAZILAND;CLP;1891916.4253617155
AXZb2;RWANDA;PHP;155801.0936718402
AXZb2;PERU;AWG;2335.727255015195
AXZb2;CAYMAN ISLANDS;ANG;3042.8926682375745
AXZb2;TRINIDAD AND TOBAGO;NZD;2585.978446349397
AXZb2;CZECH REPUBLIC;XPF;66899.15706508709
AXZb2;ARGENTINA;PLN;8599.896437916057
AXZb2;NIGERIA;LBP;2389984.847944405
AXZb2;BANGLADESH;RSD;162758.88314339958
AXZb2;PERU;LYD;5447.499503704416
AXZb2;BHUTAN;HNL;31519.617189114426
AXZb2;NIGERIA;XCD;4828.748617950288
AXZb2;MYANMAR;TND;7153.125041872259
AXZb2;SOLOMON ISLANDS;SVC;6610.878199057519
AXZb2;GAMBIA;NIO;98906.43285841944
AGGbb;POLAND;JOD;1584.9340923417592
AGGbb;TOGO;GTQ;1705.2720949133047
AGGbb;CAPE VERDE;CHF;114.45000726938062
AGGbb;OMAN;TRY;21730.598728244277
AGGbb;MEXICO;OMR;159.73323482343443
AGGbb;DOMINICAN REPUBLIC;DOP;131589.89061478016
AGGbb;PAKISTAN;LBP;2983986.3993104813
AGGbb;UGANDA;GTQ;20860.51602470651
AGGbb;SEYCHELLES;GNF;312297.4865043767
CEMac;SWAZILAND;GBP;81.61915801978414
CEMac;DOMINICA;MUR;26634.814050239
CEMac;TAIWAN, PROVINCE OF CHINA;SOS;711466.630980739
CEMac;UKRAINE;COP;1758715.4223741312
CEMac;BOLIVIA;KHR;283791.17868088064
CEMac;CZECH REPUBLIC;SZL;15407.239819599694
CEMac;GUYANA;SZL;18651.911255052226
CEMac;PHILIPPINES;HKD;6547.184928814218
CEMac;JORDAN;ARS;126627.63703857448
CEMac;MALAWI;CYP;45.54159318625444
JMMWZ;RUSSIAN FEDERATION;ZWL;2079512.7571586536
JMMWZ;RUSSIAN FEDERATION;MWK;3198148.4554021987
JMMWZ;SURINAME;SVC;25168.766324514843
JMMWZ;SWEDEN;XAF;1760205.9251108903
JMMWZ;LIBERIA;PLN;13847.64586231817
JMMWZ;JAPAN;ALL;532056.3542463083
JMMWZ;SINGAPORE;STD;2917670.3695519594
JMMWZ;MALDIVES;VND;120766287.38318822
JMMWZ;EURO;KES;79152.00196621873
JMMWZ;COSTA RICA;LBP;4420814.467961866
JMMWZ;COLOMBIA;XPF;353866.4200082904
JMMWZ;SRI LANKA;BGN;6800.828995896704
JMMWZ;UGANDA;BMD;2148.754550891247
DHJJ3;PHILIPPINES;CRC;4557900.657005064
DHJJ3;CZECH REPUBLIC;NOK;28418.538570018172
DHJJ3;LEBANON;IDR;35178217.83611907
CFJ12;BRUNEI DARUSSALAM;MWK;397908.6184522602
CFJ12;BAHAMAS;MRO;172163.70754284097
CFJ12;SWEDEN;LKR;263863.02945917804
CFJ12;BANGLADESH;MMK;1271014.575550131
CFJ12;LIBERIA;HUF;186931.8427205285
CFJ12;CHILE;EGP;13080.784421323277
CFJ12;FIJI;AZN;916.5713865114047
CFJ12;EURO;LVL;234.16281722186997
CFJ12;HUNGARY;DZD;-820.7169806412385
CFJ12;GAMBIA;TRY;6562.409598247253
CFJ12;RWANDA;GNF;1235538.4481861757
CFJ12;NIGERIA;DOP;6876.155097878275
CFJ12;VENEZUELA;IQD;151643.9285171068
CFJ12;LEBANON;UYU;22884.426625928176
CFJ12;TRINIDAD AND TOBAGO;CAD;172.86392953553232
JKMNW;TONGA;UAH;1021054.9983753655
JKMNW;SOLOMON ISLANDS;GNF;53676981.94099325
JKMNW;BURUNDI;VES;333341.208056064
JKMNW;NETHERLANDS ANTILLES;PKR;4328637.0098363105
JKMNW;ZAMBIA;INR;200492.55729930408
JKMNW;LAO PEOPLE'S DEMOCRATIC REP;PEN;113997.93708164194
JKMNW;BOTSWANA;SDG;9727105.21635803
JKMNW;AZERBAIJAN;IDR;95090052.97716141
JKMNW;RUSSIAN FEDERATION;GTQ;69992.55242434857
JKMNW;EGYPT;MWK;26514119.943931844
CGY23;IRAN (ISLAMIC REPUBLIC OF);AWG;23563.868872207975
CGY23;GUYANA;SYP;912286.0238072133
CGY23;CHILE;RUB;857292.6487005632
CGY23;NETHERLANDS ANTILLES;AUD;8753.73709502469
CGY23;ALGERIA;CRC;2312921.2638760647
CGY23;POLAND;BSD;10508.433568358212
CGY23;BARBADOS;RON;42187.42920534499
CGY23;NEW ZEALAND;XPF;1549414.4591054702
CGY23;VENEZUELA;BYR;216110451.63491264
CGY23;IRAQ;ANG;17555.382734101848
CGY23;BHUTAN;IRR;-2736639.916909381
CGY23;ETHIOPIA;NZD;773.499413646315
CGY23;LIBERIA;XCD;42399.21929394238
CGY23;KUWAIT;BSD;10210.279966550226
CGY23;PHILIPPINES;IQD;9899590.151075684
CGY23;JAPAN;LBP;8444036.582605047
CGY23;CAMBODIA;AUD;25770.571201825933
CGY23;BAHRAIN;BSD;302.1026561365664
CGY23;KENYA;ZWL;8225213.079859771
CFFJ2;SINGAPORE;DZD;295490.716922154
BBJac;SINGAPORE;MYR;5466.198574157795
BBJac;CANADA;BIF;2585971.42771785
BBJac;GUINEA;ALL;144425.68367237822
BBJac;GUATEMALA;VES;1436.1368716065783
BBJac;EGYPT;MYR;163.32794535854114
BBJac;TONGA;EGP;30375.779874620024
BBJac;SUDAN;AUD;1077.100818242155
BBJac;MALAWI;KZT;380991.2573179918
BBJac;SIERRA LEONE;DOP;37388.20668710841
BBJac;PAKISTAN;INR;11263.171610037576
BBJac;RWANDA;LYD;1190.7714926722495
BBJac;SAMOA;XCD;1791.618761858065
BBJac;MAURITIUS;CNY;590.8819956626303
BBJac;PHILIPPINES;MVR;3071.235241540685
BBJac;VENEZUELA;KYD;608.38286174435
BBJac;URUGUAY;MZN;47399.451927597656
BBJac;BRAZIL;NZD;1014.265621758355
BBJac;JORDAN;KZT;567533.7078506582
BBJac;NEPAL;LVL;155.77068230777502
BBJac;TOGO;PEN;1391.7627155894195
BNY22;AZERBAIJAN;SCR;6775.429869073036
BNY22;ANGOLA;GBP;835.3926624760114
BNY22;BRAZIL;CAD;416.0302744725043
BNY22;CZECH REPUBLIC;RUB;231006.92425706095
BNY22;MOROCCO;ISK;205322.55038006802
BNY22;BELARUS;HNL;64027.16659063212
BNY22;ETHIOPIA;ZWL;2435716.627316375
BNY22;INDONESIA;ANG;7622.105639366455
BNY22;BURUNDI;INR;248618.06265934987
BNY22;CHINA;LBP;4296105.305237349
BNY22;DENMARK;MZN;141005.99313156662
BNY22;MALAYSIA;SAR;15995.358103139195
BNY22;CENTRAL AFRICAN REPUBLIC;MOP;38301.46582507223
BNY22;SAO TOME AND PRINCIPE;RUB;88374.00894378124
BNY22;MALAYSIA;STD;68482221.41525805
BNY22;DOMINICA;CRC;1258221.0239804278
BNY22;BRAZIL;ALL;585841.3119837199
IJZ11;CHINA;RSD;19212.27464765535
IJZ11;OMAN;BGN;3357.009131302605
IJZ11;BHUTAN;BIF;1625176.2636179288
IJZ11;UNITED ARAB EMIRATES;XPF;116542.53120753633
IJZ11;KUWAIT;AWG;3014.533518267282
GLLZ1;NAMIBIA;SGD;467.0537386973642
GLLZ1;TAIWAN, PROVINCE OF CHINA;PES;33615.26935895276
GLLZ1;MALDIVES;KES;70426.05248991477
GLLZ1;BARBADOS;BTN;11827.353864103849
GLLZ1;ZIMBABWE;AUD;1345.7398513040744
HJVZ3;BAHAMAS;JPY;1194019.259013113
HJVZ3;SOMALIA;UYU;262234.1071561379
HJVZ3;DOMINICAN REPUBLIC;TZS;17734821.320138447
HJVZ3;BOTSWANA;JMD;383731.3821392261
HJVZ3;BERMUDA;ZWL;1190650.8221206174
HJVZ3;PAPUA NEW GUINEA;OMR;467.1490716431538
HJVZ3;BOTSWANA;SLL;17665397.59701266
HJVZ3;MAURITIUS;DKK;5637.58979789732
HJVZ3;JORDAN;KYD;458.4793051718756
HJVZ3;TANZANIA, UNITED REPUBLIC OF;HKD;22278.739594628238
HJVZ3;SUDAN;SAR;4007.8197294518945
HJVZ3;PAKISTAN;VES;87932.99570261453
DXZZ3;FIJI;LVL;4356.677262503721
DXZZ3;BAHRAIN;SGD;11451.42438733621
DXZZ3;SYRIAN ARAB REPUBLIC;BMD;4759.320271240499
DXZZ3;BERMUDA;CVE;1111120.7243245882
DXZZ3;BARBADOS;DKK;71576.61759438552
DXZZ3;BELIZE;KYD;5918.1827531272
DXZZ3;SOUTH AFRICA;SCR;163858.56167415646
DXZZ3;PERU;HTG;1305951.269370669
DXZZ3;DOMINICA;SYP;2514160.640522338
DXZZ3;GUATEMALA;NIO;386400.44941456575
DXZZ3;GUYANA;STD;169813596.91352317
DXZZ3;TANZANIA, UNITED REPUBLIC OF;BYR;247120284.71273634
DXZZ3;CAPE VERDE;NPR;269882.42157341185
DXZZ3;UNITED ARAB EMIRATES;SYP;3945307.5182086793
DXZZ3;TRINIDAD AND TOBAGO;KHR;9619363.661632013
CGN33;BERMUDA;TND;68459.52813494943
CGN33;BAHAMAS;MXN;888122.9893739448
CGN33;COSTA RICA;QAR;83600.76632015477
CGN33;DOMINICA;IQD;38992784.78280666
CGN33;CROATIA;KWD;10876.860129920506
AHabb;SEYCHELLES;EGP;87635.33769394289
AHabb;INDIA;HKD;20871.16454452367
AHabb;TONGA;UGX;18692845.695856914
HIL12;BANGLADESH;KRW;7358568.639539084
HIL12;SINGAPORE;XCD;29947.70823893608
HIL12;ARGENTINA;NOK;258966.77321515576
HIL12;SAUDI ARABIA;ALL;970967.6033951709
HIL12;NETHERLANDS ANTILLES;GHS;359756.4748187051
HIL12;BURUNDI;KRW;32233511.123279303
HIL12;CYPRUS;OMR;8091.874396650826
HIL12;PERU;XPF;732152.9162892869
HIL12;BARBADOS;EUR;23753.20369238559
HIL12;SYRIAN ARAB REPUBLIC;UGX;106431278.7402611
JMMW2;POLAND;BYR;49235609.745891705
JMMW2;BOLIVIA;TRY;99742.10974148434
JMMW2;PANAMA;BND;10051.691166127068
JMMW2;BARBADOS;SVC;5936.312361560283
JMMW2;BRAZIL;UAH;25384.013095352624
JMMW2;ROMANIA;AOA;2389558.926112142
JMMW2;PANAMA;IRR;246997434.01425362
JMMW2;CHINA;PHP;1103.179418353533
JMMW2;SRI LANKA;YER;164881.1452571744
JMMW2;SOMALIA;SEK;14137.885658858708
JMMW2;BOLIVIA;NGN;3174656.672478255
JMMW2;CYPRUS;CRC;280011.1290680163
CGNcc;MYANMAR;NGN;985305.6201281829
CGNcc;BELIZE;BIF;6464907.893271987
CGNcc;NICARAGUA;CYP;1841.4808733044315
CGNcc;POLAND;SBD;794.4394717792966
CGNcc;SUDAN;HTG;386222.768126794
CGNcc;SYRIAN ARAB REPUBLIC;JPY;322225.43962719804
CGNcc;BANGLADESH;IDR;11112617.519459778
CGNcc;INDIA;XAF;1547378.1081288168
CGNcc;GAMBIA;LYD;15996.76366135959
CGNcc;MALDIVES;NAD;51057.75416084784
CGNcc;BAHAMAS;YER;166351.92355675696
CGNcc;SYRIAN ARAB REPUBLIC;SLL;31444740.503038824
CGNcc;NEPAL;SRD;30704.987606396593
CGNcc;ICELAND;MYR;11267.840284222078
CGNcc;ZAMBIA;HKD;21565.214033630135
CGNcc;GHANA;ZMW;75396.86478592182
CGNcc;SYRIAN ARAB REPUBLIC;ZAR;82497.57274299694
CGNcc;BANGLADESH;SCR;7811.823053660745
FKac1;MACAU;STD;442615883.2792649
FKac1;LATVIA;MOP;50836.08697752434
FKac1;BOTSWANA;PGK;70220.44810607833
FKac1;MEXICO;MMK;2632676.486053019
FKac1;CAYMAN ISLANDS;STD;473283757.8861105
FKac1;MADAGASCAR;ZMW;273222.4505023908
FKac1;SUDAN;OMR;1797.1506084390746
FKac1;NEW ZEALAND;TWD;614237.6388501283
FKac1;NETHERLANDS ANTILLES;BBD;9170.621675748906
FKac1;HAITI;BTN;1037962.4949049845
DHc33;ZIMBABWE;MWK;720529.0927547246
DHc33;KAZAKHSTAN;GYD;19017.332561260017
DHc33;QATAR;SRD;34295.991556863206
DHc33;TUNISIA;BOB;2062.989935289081
DHc33;DENMARK;VUV;77642.18942287842
DHc33;SWITZERLAND;AED;3124.0785600079644
DHc33;SAO TOME AND PRINCIPE;IQD;110663.05937710179
DHc33;NEPAL;SEK;3721.599391355486
DHc33;ALBANIA;INR;94276.47957355855
DHc33;SOMALIA;STD;35454209.06992299
DHc33;ETHIOPIA;BYR;792968.5011372865
AGKMc;BELIZE;CLP;2760026.4139517946
AGKMc;SEYCHELLES;KWD;984.4180733061844
AGKMc;BURUNDI;PLN;10749.82648773847
AGKMc;KUWAIT;MUR;192792.27836314024
AGKMc;COSTA RICA;VUV;392351.86523317505
AGKMc;TURKEY;SDG;2408542.446976153
AGKMc;BELARUS;CAD;2103.7097691177905
AGKMc;RUSSIAN FEDERATION;LKR;1449881.5121973024
AGKMc;TRINIDAD AND TOBAGO;HNL;62694.27290209534
AGKMc;GAMBIA;PYG;19385760.521549575
LNWc2;MAURITIUS;SZL;319724.01478533255
LNWc2;PAPUA NEW GUINEA;PLN;71316.12145585107
LNWc2;SAMOA;MOP;160419.253747723
LNWc2;MAURITIUS;GNF;178845986.8681466
LNWc2;UKRAINE;SVC;38395.586156891586
LNWc2;URUGUAY;TTD;157979.22034235238
LNWc2;DJIBOUTI;ILS;84287.8877778635
LNWc2;PAKISTAN;BOB;114847.63927632086
LNWc2;MOZAMBIQUE;JPY;3823095.5863349396
LNWc2;UNITED KINGDOM;RON;73115.17288622598
LNWc2;NEW ZEALAND;ZAR;345064.70398417
LNWc2;PERU;BRL;120824.22950813115
LNWc2;DENMARK;CAD;35766.13745734702
KLNV3;URUGUAY;BMD;7994.76195873066
KLNV3;BOLIVIA;MAD;25286.232223224946
KLNV3;TUNISIA;COP;24559126.821007468
CEFHY;MOROCCO;IRR;427368554.0322864
CEFHY;DENMARK;AOA;5210534.092431022
CEFHY;VANUATU;DKK;39556.768461975895
CEFHY;CROATIA;VES;162804.14038298745
CEFHY;SEYCHELLES;JMD;1059722.6501134883
CEFHY;UKRAINE;MGA;23768607.357424762
CEFHY;MAURITANIA;NIO;90399.83640182929
CEFHY;EL SALVADOR;BYR;64824537.320840985
CEFHY;TRINIDAD AND TOBAGO;QAR;35422.6835406325
CEFHY;SIERRA LEONE;KZT;3321506.0124166766
CEFHY;COLOMBIA;MUR;153553.29766364626
CEFHY;HONDURAS;DOP;116929.2222887893
CEFHY;IRAQ;RSD;601822.386079278
CEFHY;MYANMAR;AED;5519.998205302578
CEFHY;SOLOMON ISLANDS;AUD;250.75671688797874
CEFHY;EURO;MUR;105368.85439317835
CEFHY;COSTA RICA;WST;1917.51612699097
CEFHY;HAITI;SOS;2386101.5016155895
CEFHY;GUATEMALA;MWK;1963228.3570556496
CEFHY;SOLOMON ISLANDS;KWD;624.5198615036219
AFFFW;HONG KONG;HKD;20733.19226905893
AFFFW;CAYMAN ISLANDS;RON;9903.368280578778
AFFFW;PERU;CRC;166423.48507202996
AFFFW;BHUTAN;MAD;51072.86046106508
AFFFW;FIJI;BZD;9490.0716067643
AFFFW;BANGLADESH;TTD;40651.01632680731
AFFFW;ZAMBIA;KZT;2192824.7190563898
AFFFW;YEMEN;PLN;23494.27048043953
AFFFW;JAPAN;MVR;85386.94072722978
AFFFW;SINGAPORE;BMD;2183.2470749504123
AFFFW;MYANMAR;CNY;23252.15008398982
AFFFW;DOMINICA;KWD;937.8414628285301
AFFFW;SAO TOME AND PRINCIPE;BMD;1615.1110548536544
ENNc1;EGYPT;CLP;26929093.575957175
ENNc1;SIERRA LEONE;BOB;108028.23068101204
ENNc1;HONG KONG;ZAR;444463.38749397505
ENNc1;CROATIA;NPR;551326.7924977032
ENNc1;BERMUDA;ZWL;18359910.424396556
ENNc1;BERMUDA;BDT;191644.8237129389
ENNc1;KUWAIT;KRW;18232183.36016295
ENNc1;SUDAN;IDR;218654937.96378168
ENNc1;SEYCHELLES;BIF;7746513.198204864
ENNc1;AUSTRALIA;BTN;571298.4995177505
ENNc1;NICARAGUA;VND;723485230.4010856
ENNc1;IRAN (ISLAMIC REPUBLIC OF);SDG;499772.394105718
ENNc1;VANUATU;VND;316977414.22148544
AKMXW;BURUNDI;DZD;2444885.227306255
AKMXW;NIGERIA;ETB;1080955.024986939
AKMXW;ANGOLA;RWF;23255222.99991348
AKMXW;URUGUAY;BGN;2839.6847707975285
AKMXW;LAO PEOPLE'S DEMOCRATIC REP;CHF;22313.16112318773
AKMXW;ALBANIA;NIO;17562.05559480223
AKMXW;KENYA;MUR;901779.0174049417
AKMXW;EURO;KZT;350077.0712277813
DDXZa;SERBIA;AWG;7191.6105128305735
DDXZa;BELARUS;WST;10555.692723873637
DDXZa;FIJI;THB;37547.43759838224
DDXZa;MOZAMBIQUE;KYD;3654.2911943711824
DDXZa;MALAYSIA;BZD;2258.182407832101
DDXZa;MACAU;SOS;2676569.586082495
DDXZa;TUNISIA;TTD;33726.0990284427
DDXZa;CAMBODIA;KRW;2832431.460558172
CJXZa;OMAN;XOF;181490.6689053481
CJXZa;INDIA;SCR;6611.8400307077945
CJXZa;SERBIA;SYP;234430.97560874475
CJXZa;NEW ZEALAND;ANG;904.8958091941328
CJXZa;SAO TOME AND PRINCIPE;BND;225.96441260091626
CJXZa;NIGERIA;BTN;28449.41569801812
CJXZa;VENEZUELA;PGK;181.214816357523
DEJVc;HONDURAS;XPF;289136.2788829067
DEJVc;UNITED ARAB EMIRATES;SAR;28127.391061426337
DEJVc;MEXICO;XAF;4009664.137974315
DEJVc;MAURITANIA;ETB;122883.64494533256
DEJVc;URUGUAY;TZS;51085102.96886942
DEJVc;CROATIA;LVL;21454.870756057546
DEJVc;MALAYSIA;VUV;76281.84182367534
DEJVc;TRINIDAD AND TOBAGO;NOK;271543.3250025381
DEJVc;MACAU;GYD;2340785.6243938296
DEJVc;ALGERIA;VES;371731.9550021824
DEJVc;ETHIOPIA;CLP;19317346.069362428
DEJVc;ICELAND;KRW;1146490.2526355146
JLMXW;BARBADOS;SYP;282989.3643539474
JLMXW;BELIZE;NIO;1113260.7672634914
JLMXW;ETHIOPIA;ZMW;283926.5697374896
JLMXW;NEW ZEALAND;BIF;44321316.74696352
JLMXW;SAO TOME AND PRINCIPE;STD;142612614.2763286
JLMXW;LATVIA;YER;5265621.236058777
JLMXW;TRINIDAD AND TOBAGO;ETB;1422692.0985390549
JLMXW;VENEZUELA;HNL;190609.17667955504
JLMXW;KOREA, REPUBLIC OF;ISK;2269206.3316282746
JLMXW;ISRAEL;WST;31010.976741007093
JLMXW;MOROCCO;BWP;67651.21744569208
JLMXW;SURINAME;SDG;16499322.040117495
JLMXW;JAPAN;PES;2313353.3154056612
JLMXW;ZAMBIA;SVC;208047.95603990275
JLMXW;SAMOA;IQD;19959728.45848314
JLMXW;ARGENTINA;AWG;38373.634737713146
JLMXW;CROATIA;PLN;126443.03509525409
JLMXW;SERBIA;KRW;-144474.05063953288
JLMXW;MALAYSIA;PEN;38855.78907053883
FYZb2;SAMOA;PES;1099546.3171905987
FYZb2;SAMOA;HRK;35904.358454475456
FYZb2;BOTSWANA;BIF;18642808.613002606
FYZb2;LAO PEOPLE'S DEMOCRATIC REP;PYG;63979818.90550475
FYZb2;PHILIPPINES;EGP;11032.785584464556
FYZb2;HAITI;CZK;95671.27060744308
FYZb2;SWAZILAND;DZD;1363918.041308921
FYZb2;SEYCHELLES;GNF;8123082.480486373
FYZb2;GUINEA;BDT;104.80224954199073
FYZb2;SOUTH AFRICA;GTQ;6485.053903648186
FYZb2;URUGUAY;AZN;2549.363881193222
FYZb2;NIGERIA;BSD;9665.759692255839
CKWWb;HUNGARY;LKR;1717676.303729383
CKWWb;NETHERLANDS ANTILLES;AUD;1071.4932243236426
CKWWb;GAMBIA;VUV;592215.4487829384
CKWWb;PAPUA NEW GUINEA;DOP;221835.89341740377
CKWWb;COLOMBIA;SGD;8292.933454463484
CKWWb;ZAMBIA;KRW;3950801.9385923683
CKWWb;CANADA;LYD;8595.97491096538
CKWWb;BOTSWANA;XCD;2643.003945998621
CKWWb;LIBERIA;SZL;81455.73143150409
CKWWb;HUNGARY;PLN;25050.807788134804
CKWWb;UGANDA;RUB;41264.08613764197
CKWWb;SOUTH AFRICA;PAB;2952.9858873294243
CKWWb;HAITI;MGA;18146618.404141363
BCIaa;ZAMBIA;LRD;2708640.7909490517
BCIaa;RWANDA;SGD;872.2582832533747
BCIaa;GAMBIA;XAF;4281120.406211535
BCIaa;TUNISIA;CLP;3580739.461612994
BCIaa;UNITED KINGDOM;BYR;117559493.04359671
BCIaa;CAMBODIA;MWK;6558690.004078816
BCIaa;CHILE;SBD;40793.30009587447
BCIaa;PAKISTAN;ZAR;265747.06427264906
BCIaa;PARAGUAY;KRW;6567340.580693962
BCIaa;NEPAL;RWF;17614851.234938927
BCIaa;TANZANIA, UNITED REPUBLIC OF;BBD;6732.559923342901
ACIJa;IRAN (ISLAMIC REPUBLIC OF);RSD;13600.51416096871
ACIJa;BURUNDI;TWD;5431.812916006534
ACIJa;POLAND;HRK;1282.765894995855
ACIJa;MEXICO;MMK;424285.58073697356
ACIJa;SYRIAN ARAB REPUBLIC;UGX;1088229.8660623883
ACIJa;PANAMA;TRY;1435.0778210113108
ACIJa;VIET NAM;ARS;116213.66814850044
ACIJa;LIBERIA;GNF;2143918.101669402
ACIJa;URUGUAY;BOB;3443.5157704088238
ACIJa;MALAWI;MOP;1939.960932482285
ACIJa;VIET NAM;PGK;263.66717297024803
ACIJa;EL SALVADOR;HUF;42061.83726266676
ACIJa;UKRAINE;OMR;204.66702416333095
DEK12;CYPRUS;ANG;6219.915273457178
DEK12;SINGAPORE;MGA;15235408.080084132
DEK12;MALDIVES;UYU;311386.430643446
DEK12;MALDIVES;ZAR;243762.5035205528
DEK12;EGYPT;BHD;3743.1519863506787
DEK12;BOLIVIA;ANG;4721.857476730179
DEK12;MOROCCO;BGN;16536.313628368458
DEK12;EURO;ILS;37550.42990043484
DEK12;SAMOA;TWD;154438.82435289596
DEK12;SWAZILAND;CLP;3331286.8421811736
DEK12;GHANA;EGP;116760.5760360052
DEK12;MYANMAR;DOP;269987.4051108613
DEK12;SWAZILAND;SVC;84004.764134849
DEK12;TOGO;GBP;143.3180302500331
DEK12;UNITED ARAB EMIRATES;KWD;815.3368324148024
DEK12;SURINAME;NOK;136523.84881189172
DEK12;SIERRA LEONE;GMD;576095.91350405
DEK12;BULGARIA;DJF;1771851.5695287697
DEK12;CROATIA;LKR;4681269.805716315
DEK12;PERU;SGD;19398.32014033461
AHVXY;FIJI;BND;16410.542152311817
AHVXY;MALAYSIA;VES;355361.7805519649
AHVXY;LEBANON;ZWL;1676712.0965612067
AHVXY;TRINIDAD AND TOBAGO;HTG;2819577.8433538065
AHVXY;DENMARK;ILS;27562.377820689475
AHVXY;NICARAGUA;GNF;194420544.33293465
AHVXY;SWAZILAND;GBP;-137.18645024568195
AHVXY;LEBANON;AOA;2909292.0876937523
AHVXY;MALAWI;LAK;551776085.26374
AHVXY;INDIA;KRW;37098450.43622524
ACEEM;LATVIA;CLP;5525830.548471284
ACEEM;MALDIVES;CNY;14890.73074719626
ACEEM;RWANDA;BND;9715.069683324933
ACEEM;ALGERIA;KWD;1375.2633452448827
ACEEM;ZAMBIA;RSD;396917.5745250284
ACEEM;BAHRAIN;DJF;104081.428973368
ACEEM;INDIA;MMK;2080291.972746392
ACEEM;IRAN (ISLAMIC REPUBLIC OF);NAD;43193.75553223374
BKLbb;MADAGASCAR;INR;133178.40283562863
BKLbb;BULGARIA;IQD;4956230.395066565
BKLbb;MACAU;TND;7770.203623951686
BKLbb;HAITI;BMD;1452.8797631515815
BKLbb;NEW ZEALAND;IRR;16675153.223918468
BKLbb;KENYA;ZAR;9019.276175101211
AGHVb;ICELAND;CAD;1046.8454997078734
AGHVb;GHANA;XPF;1803045.7212463839
AGHVb;SOUTH AFRICA;CYP;5392.805000317577
AGHVb;BOTSWANA;NPR;2081100.177046588
BCLNW;ROMANIA;BDT;47200.543454183746
BCLNW;ALGERIA;JOD;20676.50269818921
BCLNW;EGYPT;TWD;105955.77539448223
BCLNW;INDIA;CNY;199597.6855070589
BCLNW;ROMANIA;NPR;3732048.2432018267
BCLNW;NAMIBIA;NOK;202415.67787554074
BCLNW;IRAQ;HRK;202685.22065220034
BCLNW;CROATIA;AUD;9539.190001098023
BCLNW;NETHERLANDS ANTILLES;CVE;2003543.7344640198
BCLNW;UKRAINE;CHF;25968.783560128868
BCLNW;DENMARK;RUB;2543331.1363264923
BCLNW;FIJI;PAB;8776.715409736016
BFWWZ;KAZAKHSTAN;VND;64097085.05623375
BFWWZ;PANAMA;MAD;5148.736395376615
BFWWZ;MALDIVES;ZMW;51750.23213342305
BFWWZ;NAMIBIA;HKD;2662.3147244523852
BFWWZ;FIJI;SYP;1578545.7444291525
BFWWZ;ETHIOPIA;TRY;62751.92844105314
BFWWZ;BOLIVIA;NIO;97983.534333649
BIINY;BAHAMAS;YER;946906.9412839481
BIINY;MOROCCO;MWK;45231.95051085579
AFJa3;TOGO;AZN;13973.980917669322
AFJa3;COLOMBIA;YER;4369734.179230752
AFJa3;ZAMBIA;GBP;1916.339323855032
AFJa3;NICARAGUA;ETB;488103.1761996978
EKLWc;BULGARIA;CZK;-7956.864058061023
EKLWc;SIERRA LEONE;NIO;207409.61277658903
EKLWc;SAO TOME AND PRINCIPE;BWP;38196.26694677586
EKLWc;JORDAN;BZD;45704.52692343069
EKLWc;HONDURAS;ZAR;294996.02015779034
EKLWc;EGYPT;JOD;12786.308891783727
EKLWc;YEMEN;NIO;973520.9816734829
GVWZ3;TANZANIA, UNITED REPUBLIC OF;IDR;281798781.65524405
GVWZ3;LAO PEOPLE'S DEMOCRATIC REP;CYP;7802.054561717513
GVWZ3;VIET NAM;ANG;31259.587144779896
GVWZ3;EL SALVADOR;PHP;1689455.67817963
GVWZ3;LIBERIA;KES;2328292.6155591253
GVWZ3;NORWAY;SZL;255238.41256914655
GVWZ3;PERU;DOP;345278.05520672124
GVWZ3;DENMARK;COP;145736406.4838443
GVWZ3;SOMALIA;KZT;6055130.316720733
GVWZ3;MADAGASCAR;ANG;22090.182570392783
GVWZ3;RUSSIAN FEDERATION;DJF;2483716.8402772034
CIJY2;IRAN (ISLAMIC REPUBLIC OF);RUB;429012.29164401744
CIJY2;MEXICO;NZD;4082.073730999931
FGIVc;PAKISTAN;BHD;3468.1554416921053
FGIVc;LIBYAN ARAB JAMAHIRIYA;SOS;442351.0042587633
FGIVc;INDIA;GTQ;46153.04164386711
FGIVc;BHUTAN;BOB;49050.80897417237
FGIVc;NORWAY;MZN;230366.38171860063
FGIVc;PERU;LBP;8609153.822611105
HWYcc;IRAQ;HRK;5903.934226481802
HWYcc;PERU;NAD;13746.617639275439
HWYcc;LIBYAN ARAB JAMAHIRIYA;UAH;13336.210557830103
HWYcc;SOMALIA;TRY;4139.553043463489
HWYcc;MEXICO;MVR;2784.5726749947385
HWYcc;DJIBOUTI;PGK;4001.680655263703
HWYcc;BARBADOS;GYD;147988.01733875764
HWYcc;BERMUDA;CZK;37337.60841700189
HWYcc;NEW ZEALAND;TTD;4789.888145212628
HWYcc;SRI LANKA;SAR;2309.414858814543
HWYcc;POLAND;BND;507.8620305256969
HWYcc;SOUTH AFRICA;KZT;365975.2212884209
HWYcc;UKRAINE;HNL;5832.634621851985
HWYcc;SWEDEN;EUR;1606.0106889204226
HWYcc;DOMINICAN REPUBLIC;BTN;28580.62595586669
HWYcc;PHILIPPINES;THB;41236.642503035546
HWYcc;IRAQ;IDR;5484340.440602026
HWYcc;BRUNEI DARUSSALAM;VND;1131958.1866201467
IKb33;SEYCHELLES;TND;500.0155216684226
IKb33;UNITED KINGDOM;WST;1890.684784726053
IKb33;RUSSIAN FEDERATION;MUR;30681.385531582517
IKb33;MAURITIUS;BRL;2274.25669034965
IKb33;BARBADOS;MXN;-125.35422145377595
IKb33;ALGERIA;VES;7807.5470250903345
IKb33;MAURITIUS;ARS;53024.9172925655
IKb33;SWITZERLAND;TND;253.87930288373215
IKb33;BANGLADESH;PGK;1669.6466660160727
IKb33;CENTRAL AFRICAN REPUBLIC;BDT;30487.854285553985
IKb33;NAMIBIA;KRW;412935.0200455755
IKb33;ETHIOPIA;PGK;2484.0211727409974
IKb33;ICELAND;ISK;59959.25184792582
IKb33;SEYCHELLES;KHR;1133871.3259634913
IKb33;UGANDA;SRD;21927.551674761275
IKb33;CANADA;GBP;67.9417452110527
IKb33;MALAWI;PLN;2178.731350663954
IKb33;COSTA RICA;UAH;25658.462871711352
MVWW1;UNITED ARAB EMIRATES;KZT;785305.1540916063
MVWW1;DENMARK;HNL;2331.0625835926403
MVWW1;SWEDEN;HNL;22380.29144157777
MVWW1;ANGOLA;PES;192782.9069130435
MVWW1;PAKISTAN;ALL;314005.8020599998
MVWW1;INDONESIA;SYP;303099.7525253436
JKKbc;MALAYSIA;NOK;16984.17614892139
JKKbc;DOMINICAN REPUBLIC;SBD;31196.220062201388
JKKbc;QATAR;BYR;335665395.01288307
JKKbc;HAITI;RWF;8247332.972064424
JKKbc;ALBANIA;OMR;7311.971166128559
JKKbc;EL SALVADOR;QAR;73954.63008916426
JKKbc;GAMBIA;BDT;1915639.2496304896
JKKbc;NIGERIA;NOK;182800.58196042836
JKKbc;SUDAN;CHF;30012.28338158999
JKKbc;CAYMAN ISLANDS;SZL;505722.535523689
JKKbc;NEPAL;PEN;25291.55834594823
JKKbc;BRUNEI DARUSSALAM;CHF;15223.765367260052
JKKbc;SAUDI ARABIA;HKD;34737.11837913581
JKKbc;VIET NAM;KHR;67063633.46492385
JKKbc;POLAND;VND;504524085.623788
JKKbc;MALAWI;BMD;25817.892462777672
AEGNW;SOLOMON ISLANDS;BMD;39967.34696314719
AEGNW;CYPRUS;BTN;3839936.282772738
AEGNW;GHANA;RUB;1822008.78583356
AEGNW;SYRIAN ARAB REPUBLIC;ANG;43675.242239843574
AEGNW;EURO;HRK;245997.35391009063
AEGNW;ARGENTINA;LYD;42413.912690867335
AEGNW;TOGO;XAF;5828882.548983623
AEGNW;CAMBODIA;SGD;24112.318355752108
AEGNW;PHILIPPINES;SGD;64425.61014826056
AEGNW;SWITZERLAND;MVR;612981.6030985953
BHNZ1;NAMIBIA;TOP;24823.97711784652
BHNZ1;TURKEY;AOA;11508275.902269408
BHNZ1;SEYCHELLES;VES;22159.7023198041
BHNZ1;SOMALIA;BBD;49592.31008982321
BHNZ1;LAO PEOPLE'S DEMOCRATIC REP;KZT;7678547.031494336
BHNZ1;COSTA RICA;SYP;12531597.446720354
BHNZ1;BOTSWANA;PEN;4515.766513086411
BHNZ1;HONDURAS;BHD;10167.440981900587
BHNZ1;MADAGASCAR;BBD;59468.85930482208
BHNZ1;BARBADOS;ANG;55426.94385915938
BHNZ1;MALAWI;PKR;1813339.4610001068
BHNZ1;PANAMA;ILS;54436.67431640554
BHNZ1;ETHIOPIA;LAK;298502980.8714061
BHNZ1;CAYMAN ISLANDS;KES;1750015.8208707669
BHNZ1;UNITED ARAB EMIRATES;PYG;159500754.88252416
BHNZ1;KUWAIT;TRY;567465.6366917861
CGGbc;BANGLADESH;SCR;23861.250809624642
CGGbc;DOMINICA;PHP;17550.281808925418
CGGbc;SOUTH AFRICA;BIF;7410206.900129514
CGGbc;MADAGASCAR;UYU;220775.0799306318
CGGbc;ALBANIA;NOK;49439.71041670079
CGGbc;DENMARK;NPR;1098797.4509133357
CGGbc;INDIA;NGN;1377038.0929872505
CGGbc;PANAMA;HRK;5537.93544484296
CGGbc;COLOMBIA;JMD;382280.73323032726
CGGbc;HUNGARY;SLL;54215967.43782404
CGGbc;SAMOA;CVE;848947.0026191043
CGGbc;CYPRUS;SOS;5248182.903680117
CGGbc;DOMINICAN REPUBLIC;QAR;18683.61692711067
DJMZZ;BARBADOS;BDT;1316677.5792926971
DJMZZ;EGYPT;BMD;15975.454219042102
DJMZZ;UNITED KINGDOM;CAD;23039.77612784859
DJMZZ;URUGUAY;LKR;379055.91116505204
DJMZZ;KUWAIT;HTG;1533067.3369180565
DDNN2;BANGLADESH;DZD;13223.111756849738
DDNN2;LAO PEOPLE'S DEMOCRATIC REP;EUR;114.31490053617843
DDNN2;BAHAMAS;PAB;240.86136596777942
DDNN2;BELARUS;CZK;14752.51100774795
DDNN2;COLOMBIA;HUF;7010.905058601391
DDNN2;BOTSWANA;AWG;218.40738121833513
DDNN2;BRAZIL;PHP;30307.69151342108
DDNN2;KUWAIT;SCR;9170.121249171103
DDNN2;SRI LANKA;KHR;1039400.6287437485
DDNN2;DOMINICA;SLL;11796939.02643836
DDNN2;RUSSIAN FEDERATION;IRR;6574829.179349366
DDNN2;SWEDEN;KZT;70053.1121134387
DDNN2;DENMARK;MAD;3067.554126252319
DDNN2;BURUNDI;KES;24824.07655916778
DDNN2;KENYA;LAK;8457693.27081418
DDNN2;NICARAGUA;THB;9071.368995295265
DDNN2;JORDAN;OMR;174.05218075248334
DDNN2;SWAZILAND;STD;6286371.699442144
BNab2;AUSTRALIA;PKR;27048.40156246101
BEHJN;HUNGARY;LAK;230326712.1430163
BEHJN;BRAZIL;XCD;42022.82546924363
BEHJN;NAMIBIA;TRY;48275.55052365951
BEHJN;BARBADOS;CAD;4181.717223097966
BEHJN;BARBADOS;CVE;2238046.6824203455
BEHJN;QATAR;UAH;554422.2985919707
BEHJN;UGANDA;TZS;40239585.07118546
BEHJN;RUSSIAN FEDERATION;CNY;77213.92109058744
BEHJN;MADAGASCAR;MXN;70004.03916114525
BEHJN;ZAMBIA;PYG;107340857.12141886
BEHJN;YEMEN;KZT;5881045.012772571
BEHJN;FRENCH POLYNESIA;VES;416103.70652063505
BEHJN;ARGENTINA;LKR;3967749.7100994587
BEHJN;BERMUDA;CYP;205.7833953750509
BEHJN;FIJI;GYD;1882727.407402063
BEHJN;CANADA;LBP;18281073.943609353
BEHJN;MAURITANIA;CRC;9443062.231398316
BEHJN;CYPRUS;SVC;141531.66974535986
BEHJN;HAITI;AUD;24758.940183840445
BEHJN;PHILIPPINES;GHS;203116.64338087477
JJWYZ;IRAQ;AED;2433.8269709442006
JJWYZ;EURO;UAH;40927.09248719317
JJWYZ;MYANMAR;XCD;2977.4615872429913
IZZaa;SAO TOME AND PRINCIPE;BYR;141842532.00654185
IZZaa;ARGENTINA;PYG;198713888.15324295
IZZaa;IRAN (ISLAMIC REPUBLIC OF);NZD;40155.15808942137
IZZaa;GHANA;COP;166972819.56658968
IZZaa;MALDIVES;CVE;428052.66179743095
IZZaa;BELARUS;TTD;187910.0431601416
IZZaa;KUWAIT;GHS;270656.82114793634
IZZaa;IRAQ;TOP;9132.931236026941
IZZaa;NEW ZEALAND;RWF;35024833.52495699
IZZaa;GUATEMALA;UYU;719440.911078588
IZZaa;VANUATU;LRD;1160534.2598418794
IZZaa;LEBANON;CZK;226760.1863637434
IZZaa;BRAZIL;JOD;14964.41363587852
IZZaa;SERBIA;WST;43642.29430874268
IZZaa;BANGLADESH;AOA;10356476.56561179
IZZaa;LEBANON;MWK;29866445.06018526
JNWW2;MYANMAR;AWG;3425.8721934903924
JNWW2;MAURITIUS;COP;5075158.733792422
JNWW2;GUATEMALA;KHR;3412256.8019732125
IJLa2;MAURITIUS;LAK;47655569.25951048
IJLa2;DENMARK;BSD;3187.9032340886642
IJLa2;EL SALVADOR;DZD;105626.35034945239
IJLa2;JORDAN;SYP;1901377.982205454
IJLa2;SOUTH AFRICA;IDR;34128098.867347024
IJLa2;TURKEY;NZD;6484.4418412706445
IJLa2;VANUATU;CRC;2253825.35751761
IJLa2;RWANDA;IDR;15049216.823179597
IJLa2;BOTSWANA;SDG;2620611.540561695
IJLa2;BRAZIL;TOP;1783.9597801099103
IJLa2;CENTRAL AFRICAN REPUBLIC;AWG;7566.878958426261
IJLa2;CAMBODIA;HKD;26916.23252801718
IJLa2;EGYPT;PGK;15333.852013801445
IJLa2;NAMIBIA;CAD;825.5423704958757
IJLa2;OMAN;HKD;32970.79154181741
IJLa2;BOTSWANA;EGP;68754.78853662286
DEHZa;IRAN (ISLAMIC REPUBLIC OF);DJF;584505.3095572438
DEHZa;BULGARIA;DZD;516786.2688161976
DEHZa;THAILAND;JMD;1428552.5636280803
DEHZa;EURO;HKD;54852.76794337458
DEHZa;KOREA, REPUBLIC OF;JPY;842249.2908304421
ILMXW;SAMOA;MWK;12360962.79462391
ILMXW;GUINEA;MGA;15049680.858453697
ILMXW;COSTA RICA;TWD;292676.83643858787
ILMXW;GUYANA;XOF;3155295.797887451
ILMXW;SWEDEN;BHD;3420.163848930023
ILMXW;FRENCH POLYNESIA;SBD;13759.568878112002
ILMXW;BRUNEI DARUSSALAM;SGD;3432.1828531126
ILMXW;NETHERLANDS ANTILLES;SGD;3604.4881789027354
ILMXW;PARAGUAY;UGX;10295076.944764987
ILMXW;MYANMAR;HKD;41638.50441380379
ILMXW;PAPUA NEW GUINEA;MOP;64099.384115431785
ILMXW;SYRIAN ARAB REPUBLIC;AWG;4635.812784388687
ILMXW;CAYMAN ISLANDS;CRC;5932052.883489002
ILMXW;BELARUS;SBD;99016.97302097958
ILMXW;ALGERIA;EUR;3020.689111522054
ILMXW;BOLIVIA;BYR;120013607.84910262
ILMXW;BULGARIA;CNY;65003.57431817395
ILMXW;GHANA;SVC;13887.637235267695
GGMVZ;SAO TOME AND PRINCIPE;ZAR;3466.1539882982083
GGMVZ;UNITED KINGDOM;THB;422005.8950088094
GGMVZ;KAZAKHSTAN;SYP;5617186.462509444
GGMVZ;EGYPT;BRL;7818.417726701035
GGMVZ;SAUDI ARABIA;XCD;8923.822504611546
GGMVZ;KUWAIT;PYG;67286497.98081844
GGMVZ;MOROCCO;UAH;178662.96377481494
GGMVZ;MYANMAR;SZL;79362.24528085226
CKc33;TRINIDAD AND TOBAGO;PAB;25.70888410256349
CKc33;BURUNDI;INR;101469.61511029549
CKc33;BARBADOS;PGK;12435.160707827992
CKc33;UKRAINE;LKR;2308650.30268248
CKc33;GUYANA;BOB;13642.803704348056
CKc33;JAMAICA;PEN;7601.260066324605
BDDJM;NICARAGUA;WST;6775.865781326992
BDDJM;BELARUS;ANG;5040.527515817265
BDDJM;CAMBODIA;INR;261713.26196533683
BDDJM;LATVIA;IDR;158884939.50249356
BDDJM;ETHIOPIA;UAH;117044.22619772365
BDDJM;BANGLADESH;YER;2383296.0616264925
BDDJM;SWEDEN;SEK;16827.728630052432
BDDJM;INDONESIA;ZAR;65003.42562879588
BDDJM;NIGERIA;ILS;29105.30396149399
BDDJM;URUGUAY;GMD;249058.85466975655
BDDJM;BOTSWANA;ILS;18806.10830511383
BDDJM;HAITI;LKR;2297748.346042811
BDDJM;BERMUDA;NZD;18456.06212262368
BDDJM;ARUBA;KYD;2741.539860384668
BDDJM;SWEDEN;NGN;465919.6180081838
BDDJM;BAHRAIN;JOD;1438.8438540949476
BDDJM;BARBADOS;SRD;361703.49189837836
BDDJM;SUDAN;VUV;1476357.664903177
CJNc3;SINGAPORE;DOP;53650.76938047514
CJNc3;CENTRAL AFRICAN REPUBLIC;DJF;949574.7137241053
CJNc3;URUGUAY;TOP;32254.608425227507
CJNc3;NICARAGUA;HNL;263866.66048811533
CJNc3;ZAMBIA;TND;4457.525776075617
CJNc3;BRAZIL;NZD;11309.213234137133
CJNc3;QATAR;TZS;3119522.080282641
CJNc3;CENTRAL AFRICAN REPUBLIC;ISK;864067.9363963191
CJNc3;TURKEY;HNL;-2451.5037243848483
CJNc3;LEBANON;SCR;114509.87487362413
CJNc3;NIGERIA;DJF;823800.9833450823
CJNc3;NICARAGUA;CZK;47426.655425221004
