Client;Country;Currency;Transaction
AFMc2;NIGERIA;ISK;566801.5645687302
AFMc2;PAPUA NEW GUINEA;SGD;3088.588154125641
AFMc2;HONDURAS;OMR;2103.4630761246276
AFMc2;HONG KONG;XPF;72914.76803285467
AFMc2;HAITI;XPF;667914.9557762247
AFMc2;HONDURAS;NOK;28290.86243752591
AFMc2;TUNISIA;TZS;12235531.199362788
AFMc2;MYANMAR;RSD;151438.41221944187
AFMc2;UNITED ARAB EMIRATES;JOD;2609.955213532835
AFMc2;TURKEY;GNF;56910309.70641557
AFMc2;INDONESIA;EGP;87764.28901986113
AFMc2;BHUTAN;NIO;95210.40620652985
AFMc2;ROMANIA;CVE;163853.685922659
AFMc2;DJIBOUTI;RSD;228510.4372234151
AZbb2;ALBANIA;MXN;6798.350073652218
AZbb2;SAMOA;MXN;52128.525132226
AZbb2;MAURITIUS;NZD;4028.344977917205
AZbb2;BARBADOS;EUR;1800.4873365563028
AZbb2;BURUNDI;NAD;24124.399292495098
AZbb2;DJIBOUTI;SZL;14929.742035415802
AZbb2;ICELAND;ZMW;27812.95067233191
AZbb2;NICARAGUA;RSD;288926.2072723947
AZbb2;CHILE;SZL;57377.30722870921
AZbb2;KENYA;SVC;12263.187793238307
AZbb2;NEW ZEALAND;CZK;8155.924822546842
AZbb2;TAIWAN, PROVINCE OF CHINA;JPY;161136.22203556498
AZbb2;ZIMBABWE;PHP;145653.57792939505
AZbb2;NETHERLANDS ANTILLES;MWK;3272883.5914648357
AZbb2;CANADA;JOD;129.4060788038018
AZbb2;MAURITANIA;SYP;726511.4247521394
AZbb2;NIGERIA;AZN;1130.5111990084954
AZbb2;BULGARIA;CLP;2065842.9146322932
AZbb2;BOTSWANA;BMD;328.1503203048388
AZbb2;GUYANA;BZD;273.20422016077276
Zccc1;IRAQ;XCD;2313.7216644987147
Zccc1;HAITI;VND;109189754.9051237
Zccc1;EL SALVADOR;SGD;2094.48578395663
Zccc1;BAHRAIN;OMR;960.3218455126797
Zccc1;CAPE VERDE;PYG;52791212.431708895
Zccc1;ALBANIA;BGN;17829.0917399372
Zccc1;KAZAKHSTAN;AZN;9274.242395057583
Zccc1;BELIZE;SLL;145577933.79342595
Zccc1;QATAR;LBP;14968797.03207855
Zccc1;HONDURAS;GYD;1142614.072740775
Zccc1;BAHRAIN;GNF;36221743.28035582
Zccc1;JAMAICA;SYP;4447187.478448775
Zccc1;MALAWI;MUR;392717.54579329473
Zccc1;SURINAME;STD;36781945.73464146
Zccc1;POLAND;XPF;1152853.9217467015
BMNZa;KOREA, REPUBLIC OF;EUR;1516.3430853790462
AFFGW;MOROCCO;BND;1652.0403893329028
AFFGW;NAMIBIA;VES;206551.8713549998
AFFGW;VENEZUELA;HTG;7960138.585615427
AFFGW;DOMINICAN REPUBLIC;DKK;445681.6623451669
AFFGW;INDIA;LBP;34024808.294393316
AFFGW;BULGARIA;TOP;108134.64789807056
AFFGW;ROMANIA;RWF;32987027.406300716
AFFGW;BURUNDI;CZK;1132615.9896140024
AFFGW;UGANDA;DZD;8646537.94915542
AFFGW;SWAZILAND;AZN;29575.81384562895
AFFGW;MAURITIUS;IRR;545642372.0363468
AFFGW;POLAND;TZS;130008121.83172333
AFFGW;VANUATU;LRD;11964147.242885252
AFFGW;GAMBIA;RON;268959.0250927598
AFFGW;PHILIPPINES;KZT;331039.6141623651
AFFGW;ZIMBABWE;DZD;8915133.484723281
AFFGW;SOUTH AFRICA;QAR;276581.9743557637
AMWb2;LATVIA;SBD;388281.6470762353
AMWb2;BARBADOS;IQD;54854828.69720189
AMWb2;PAKISTAN;ZMW;382439.30908955133
AMWb2;HONDURAS;STD;601715400.5239947
AMWb2;QATAR;BWP;452776.53781986394
AMWb2;OMAN;PKR;4883781.983136483
AMWb2;GUYANA;HUF;13681300.568565909
AMWb2;SWAZILAND;JMD;6150183.717204218
AMWb2;MOROCCO;CVE;2987934.607494257
AMWb2;NICARAGUA;AZN;75911.88290365397
AMWb2;DJIBOUTI;GBP;10831.264534759166
AMWb2;TONGA;BMD;27253.88831575797
AMWb2;NEPAL;ANG;84324.35114940502
AMWb2;IRAQ;GMD;1040522.5941254296
AMWb2;BARBADOS;BIF;38978006.85167607
AMWb2;BRUNEI DARUSSALAM;TZS;32981556.60416828
AMWb2;DJIBOUTI;KWD;7930.087309932471
AMWb2;SRI LANKA;SEK;56948.87471977625
AMWb2;SOLOMON ISLANDS;CLP;47535428.21537613
AMWb2;HUNGARY;NIO;1198410.3293071878
MYYbb;ALBANIA;HKD;73661.64250609915
MYYbb;CAYMAN ISLANDS;SYP;1166486.2778373833
MYYbb;EURO;BYR;105983747.10942414
MYYbb;COLOMBIA;JMD;767085.2917640303
MYYbb;UKRAINE;SRD;39409.665611369725
MYYbb;TAIWAN, PROVINCE OF CHINA;GHS;3017.255596736002
MYYbb;SINGAPORE;DKK;53370.18470514552
MYYbb;GUINEA;MMK;20597756.572173793
MYYbb;KOREA, REPUBLIC OF;KHR;35457065.25212958
BGIX1;OMAN;MWK;20134150.50634367
BGIX1;KENYA;AUD;1293.2509362569606
BGIX1;RUSSIAN FEDERATION;SEK;18995.623829008404
BGIX1;VIET NAM;HUF;6916267.01703818
BGIX1;SYRIAN ARAB REPUBLIC;SYP;5288439.385549955
BGIX1;UNITED KINGDOM;BHD;6423.166441077313
BGIX1;LEBANON;CRC;5104786.874756437
BGIX1;BULGARIA;UAH;350276.1265729391
BGIX1;PERU;HNL;224454.7430135042
BGIX1;TANZANIA, UNITED REPUBLIC OF;BBD;1669.8004078913903
CDFWW;LAO PEOPLE'S DEMOCRATIC REP;QAR;4426.1554137831645
CDFWW;MOZAMBIQUE;KRW;819222.184252084
CDFWW;BURUNDI;EUR;1316.6057171204832
CDFWW;SOLOMON ISLANDS;PGK;7904.651954061438
CDFWW;MACAU;AUD;112.40144095427253
CDFWW;PHILIPPINES;LRD;293383.42785146163
CDFWW;DJIBOUTI;NIO;98807.7662698652
CDFWW;SYRIAN ARAB REPUBLIC;BMD;1633.5906652412643
CDFWW;TRINIDAD AND TOBAGO;ISK;412435.80624874827
CDFWW;BOLIVIA;MWK;3701206.796851631
CDFWW;ICELAND;BBD;1514.8947435935524
CDFWW;FIJI;BOB;14322.652145228969
CDFWW;UKRAINE;NAD;54806.061060316395
CDFWW;HUNGARY;QAR;12880.907371848012
BBBL1;PERU;TRY;13665.25981591512
BBBL1;DOMINICA;MXN;23210.41284062638
BBBL1;BRAZIL;TWD;23727.37489207058
BBBL1;DENMARK;NAD;15470.213182857997
BBBL1;BRAZIL;AZN;389.3253772221413
BBBL1;CAYMAN ISLANDS;HRK;7664.028120522941
BBBL1;LAO PEOPLE'S DEMOCRATIC REP;JMD;144762.8746398712
BBBL1;PERU;PAB;245.53589340229584
BBBL1;SWITZERLAND;BHD;146.79614653293206
BBBL1;LAO PEOPLE'S DEMOCRATIC REP;XCD;74.31172371936935
BBBL1;TONGA;KWD;10.560555873359101
BBBL1;CAMBODIA;TND;531.7296929889424
BBBL1;CAPE VERDE;SYP;458427.2896090414
BBBL1;CANADA;RON;3817.8242023338967
BBBL1;PAPUA NEW GUINEA;ZMW;6000.905794622392
LYYYa;EURO;VES;76680.03093986341
LYYYa;SAO TOME AND PRINCIPE;TOP;4357.903306151016
LYYYa;COLOMBIA;MZN;187790.4207114481
LYYYa;GUATEMALA;AOA;761338.7027587773
LYYYa;SRI LANKA;BTN;11774.100479904242
LYYYa;CANADA;ETB;118381.64609779071
LYYYa;MALAYSIA;SGD;2414.088607373625
LYYYa;ARGENTINA;JMD;60565.58388124961
LYYYa;ZAMBIA;TND;229.2713327113005
LYYYa;MOZAMBIQUE;CRC;2121878.8590973704
LYYYa;JAMAICA;LBP;2587840.5585220964
LYYYa;MALAYSIA;SLL;6123425.958894601
FGVWb;FRENCH POLYNESIA;AOA;806678.2923308
FGVWb;JAMAICA;AED;2110.7141188449536
FGVWb;TUNISIA;STD;34904434.17689025
FGVWb;SURINAME;PKR;185909.87693237505
FGVWb;JAPAN;HNL;18655.19364429754
FGVWb;VANUATU;MOP;7933.307890173273
FGVWb;UNITED ARAB EMIRATES;BWP;14211.97957834418
FGVWb;MOZAMBIQUE;UYU;38495.34029479825
FGVWb;POLAND;SYP;188139.61709105805
FGVWb;PERU;TWD;3811.7018717625597
FGVWb;MAURITIUS;VES;9730.05042063647
FGVWb;BOTSWANA;BRL;1464.3716952424554
FGVWb;NORWAY;JPY;194605.75683786254
FGVWb;JAMAICA;AED;768.0347186372999
FGVWb;UGANDA;BZD;1629.0297684743728
FGVWb;TOGO;RUB;52666.06815494847
FGVWb;BELIZE;JMD;31278.63505681732
FGVWb;LEBANON;LYD;5487.195998799918
FGVWb;TURKEY;DKK;9891.523394757023
FGVWb;BELIZE;ILS;3127.18078671784
DXXac;SIERRA LEONE;SZL;201796.42856201663
DXXac;SURINAME;XPF;1084596.8795760695
DXXac;SWEDEN;MOP;139506.90220799603
DXXac;BOLIVIA;MMK;17456128.545028277
DXXac;BRAZIL;RON;57704.788649230155
DXXac;KAZAKHSTAN;GNF;296494783.585072
DXXac;SOMALIA;MUR;1650969.4116406436
DXXac;CANADA;RUB;891254.8065741066
DXXac;SOLOMON ISLANDS;BIF;72456840.97970739
DXXac;NIGERIA;BGN;30165.179058840095
DXXac;NICARAGUA;SZL;444029.410135184
DGJW1;SOLOMON ISLANDS;TTD;2870.229305960142
DGJW1;CAPE VERDE;TND;2119.2542430296535
DGJW1;SUDAN;MOP;2870.139677592491
DGJW1;PAKISTAN;PKR;61499.59740653355
DGJW1;LATVIA;HKD;2618.054642853127
DGJW1;PERU;BOB;296.0495187154934
DGJW1;TONGA;BWP;7638.133744467659
DGJW1;GUATEMALA;CLP;288974.5306919088
ADEFK;GAMBIA;CNY;66195.93404307863
ADEFK;MAURITIUS;BTN;1170816.0428271608
ADEFK;BELARUS;COP;54006014.46227617
ADEFK;DOMINICAN REPUBLIC;DJF;643766.0512558095
ADEFK;THAILAND;CLP;6971174.3110701535
ADEFK;PHILIPPINES;NIO;552302.9346014425
GMVZc;CENTRAL AFRICAN REPUBLIC;YER;7243722.809867752
GMVZc;NIGERIA;GTQ;49452.38879115535
GMVZc;INDIA;BHD;1735.3100978945731
GMVZc;INDIA;SBD;304559.9350410747
GMVZc;ANGOLA;MMK;51614341.42258209
GMVZc;PHILIPPINES;BND;4561.16553249509
GMVZc;BELIZE;RON;65645.69461974193
GMVZc;MAURITIUS;SCR;37544.32853898498
GMVZc;VIET NAM;AED;43355.27450459124
GMVZc;GUINEA;SCR;264816.4852673444
GMVZc;EGYPT;MOP;97278.37645348095
GMVZc;EURO;GMD;2120626.605952319
GMVZc;EURO;UGX;112888306.91437024
GMVZc;NORWAY;PYG;49443937.48265437
GMVZc;TURKEY;RWF;32983236.45650616
GMVZc;MEXICO;AUD;22526.292756391686
GMVZc;MYANMAR;SEK;221855.5323674646
GMVZc;EURO;KES;3510373.8819914497
GMVZc;CROATIA;TZS;13229131.748684883
ADHIa;ALGERIA;BIF;86206.95613366249
ADHIa;PANAMA;LBP;257284.3951463161
ADHIa;BHUTAN;PEN;940.8424227261844
ADHIa;ISRAEL;CVE;98776.1066942981
ADHIa;ARUBA;AOA;270906.84005501855
Kc113;SAUDI ARABIA;UAH;72900.67644558019
Kc113;NETHERLANDS ANTILLES;BND;3200.7833405126644
Kc113;SWITZERLAND;NAD;68077.34587921678
Kc113;JORDAN;GBP;3550.4351206302185
Kc113;BELARUS;IDR;7938498.314789532
Kc113;NIGERIA;CYP;1102.3562443038934
Kc113;FRENCH POLYNESIA;CHF;1251.0289952023886
Kc113;MOZAMBIQUE;HTG;147316.41446558453
Kc113;CANADA;JOD;2914.288345613769
Kc113;QATAR;MYR;6880.085771527675
Kc113;CAPE VERDE;RWF;2225225.496067919
Kc113;GUINEA;MMK;5895845.604910315
Kc113;TONGA;PGK;673.9403429687612
Kc113;HONDURAS;HKD;12847.85299281663
HKNY1;SIERRA LEONE;MWK;5890833.033907493
HKNY1;PAKISTAN;SDG;2765887.699704418
HKNY1;DENMARK;HRK;69435.27554509735
HKNY1;PANAMA;SGD;35759.12794084449
HKNY1;MOZAMBIQUE;RUB;581147.1168977149
HKNY1;DENMARK;CHF;11844.069348547864
KNWa1;SOLOMON ISLANDS;LRD;355691.7967804382
KNWa1;ALGERIA;JPY;157872.89282281674
KNWa1;TOGO;CAD;2554.463080810249
KNWa1;BRUNEI DARUSSALAM;DKK;12211.514721138814
KNWa1;DENMARK;DZD;433113.0766869269
KNWa1;MAURITANIA;TND;3559.459856128902
KNWa1;SURINAME;UAH;83175.6511494322
KNWa1;EL SALVADOR;ZWL;1388155.908436895
KNWa1;BHUTAN;NAD;47895.61880536498
KNWa1;NIGERIA;DZD;194756.45330388597
KNWa1;LATVIA;SBD;22741.90201173592
BVZcc;PAKISTAN;MAD;9052.233210651819
BVZcc;PHILIPPINES;AZN;695.1182035571193
BVZcc;EGYPT;PES;177758.69470869616
BVZcc;FIJI;GMD;18258.485294250775
BVZcc;SAO TOME AND PRINCIPE;ETB;177.23462275086698
BVZcc;PARAGUAY;RUB;48630.693680611286
BVZcc;QATAR;ISK;84442.19556786826
BVZcc;SAO TOME AND PRINCIPE;ZAR;16873.76299562108
NNXZ3;JAMAICA;PKR;318434.9116727582
NNXZ3;ZIMBABWE;NZD;1960.6097594433104
NNXZ3;EL SALVADOR;MVR;10033.20398257751
NNXZ3;HONDURAS;VND;3513911.660198559
NNXZ3;TRINIDAD AND TOBAGO;PYG;6360778.118883266
NNXZ3;SWEDEN;UYU;7953.584399271958
NNXZ3;SINGAPORE;MMK;284891.7661952375
NNXZ3;KOREA, REPUBLIC OF;HNL;19017.721499661995
NNXZ3;SWEDEN;XPF;155620.35540503898
NNXZ3;BHUTAN;SRD;40490.6726928073
NNXZ3;GUATEMALA;BYR;35262047.81920598
NNXZ3;LATVIA;DZD;7790.694965905771
NNXZ3;MOROCCO;BDT;135493.2926013671
NNXZ3;LIBYAN ARAB JAMAHIRIYA;AOA;569345.2531159584
ACJWY;GAMBIA;BMD;29131.519318598064
ACJWY;MAURITIUS;SYP;11383083.872503066
ACJWY;BOLIVIA;GNF;138149999.46004462
ACJWY;UGANDA;TND;28564.03218991729
ACJWY;EURO;VES;440214.90333861735
ACJWY;JORDAN;JMD;3097279.3606245173
CCGXa;MOROCCO;GYD;4060062.5801147455
CCGXa;MALAWI;BIF;29982285.4040605
CGW11;NEPAL;BTN;3023186.4851952023
CGW11;LATVIA;NAD;878303.2428685133
CFFL3;EL SALVADOR;GYD;121473.71873333392
CFFL3;BELIZE;COP;862293.4629656315
CFFL3;BELARUS;CRC;407036.5127800824
CFFL3;SOMALIA;TWD;10757.595635013975
CFFL3;BAHRAIN;KWD;33.56880361025568
CFFL3;MACAU;XOF;2211.1214198097814
CFFL3;VENEZUELA;JMD;120696.66030768439
CFFL3;URUGUAY;HTG;8167.732549324771
CFFL3;BAHRAIN;CVE;13319.217445104057
CFFL3;MEXICO;HNL;13821.708064892857
CFFL3;ALGERIA;SZL;5024.5903031602065
CFFL3;PARAGUAY;KYD;487.305033611882
CFFL3;IRAQ;AOA;194554.4964506354
CFFL3;TRINIDAD AND TOBAGO;GNF;2021661.0502154415
CFFL3;TAIWAN, PROVINCE OF CHINA;LRD;28945.326369694205
FXYZb;COSTA RICA;RUB;67740.48735898916
FXYZb;TUNISIA;CZK;28091.619364643993
FXYZb;PAPUA NEW GUINEA;CLP;473447.8687787587
FXYZb;KAZAKHSTAN;TND;1105.7784800894678
FXYZb;TUNISIA;GBP;506.12532143802576
FXYZb;IRAQ;VUV;149134.47517305732
FXYZb;NEPAL;HNL;139.52203537860882
FXYZb;SINGAPORE;ILS;5701.992062917125
FXYZb;SUDAN;CNY;1587.2237495058562
FXYZb;GAMBIA;MOP;3400.8890056060836
FXYZb;ETHIOPIA;TND;1427.4905507643127
FXYZb;CENTRAL AFRICAN REPUBLIC;MUR;41864.12108001246
BJMac;MOROCCO;HRK;72998.30467216496
BJMac;SAMOA;GBP;2878.597751907341
BJMac;MALAYSIA;PAB;3755.8873948354653
BJMac;ZAMBIA;BHD;775.1584350563336
BJMac;AZERBAIJAN;COP;5672430.471199228
BJMac;SOLOMON ISLANDS;YER;879548.018177018
BJMac;TAIWAN, PROVINCE OF CHINA;JPY;419042.41646637174
BJMac;SIERRA LEONE;VUV;352332.8872568685
BJMac;GUINEA;KWD;3400.72235769514
BJMac;JAMAICA;NPR;1264699.5316525782
BJMac;SEYCHELLES;SRD;254513.21926467185
BJMac;LIBERIA;XCD;20840.643830735986
BJMac;SINGAPORE;OMR;3500.433913392371
BJMac;SWEDEN;ILS;32033.1323842832
BJMac;NAMIBIA;KES;1295834.8479502567
BJMac;KOREA, REPUBLIC OF;SVC;48547.11201448583
BJMac;SURINAME;SRD;280437.1303227123
BJMac;ETHIOPIA;BYR;113832706.47279318
BJMac;UNITED KINGDOM;XOF;5372188.5485282475
BJMac;PERU;BOB;41394.5657922594
GVWab;BURUNDI;DKK;5792.30315449381
GVWab;VENEZUELA;CAD;3334.4179097729757
GVWab;SWEDEN;PLN;13548.221939991516
GVWab;MYANMAR;SZL;49632.620474994554
GHLbc;PAPUA NEW GUINEA;MMK;-23789.91187967157
GHLbc;MADAGASCAR;DJF;57501.22025135633
GHLbc;EGYPT;GTQ;5225.2810103207585
GHLbc;UNITED ARAB EMIRATES;NZD;2153.704027736104
GHLbc;SURINAME;SRD;5923.306644682778
CCDG2;SAMOA;YER;3600489.186693992
CCDG2;NAMIBIA;LVL;25349.273884516297
CCDG2;PERU;KHR;89306851.98247153
CCDG2;LAO PEOPLE'S DEMOCRATIC REP;MRO;14370210.77658677
CCDG2;FRENCH POLYNESIA;DJF;297159.3077009043
CCDG2;FIJI;XAF;18732561.402617704
CCDG2;ICELAND;LVL;788.8600284278384
CCDG2;BOLIVIA;SAR;53438.4824323499
CCDG2;LIBERIA;PGK;3240.0735265974317
CCDG2;TOGO;CNY;37514.87250735735
CCDG2;POLAND;BMD;25999.056635987847
FMMZa;NETHERLANDS ANTILLES;OMR;23.5917292542064
FMMZa;CANADA;RUB;297500.58795749664
FMMZa;SOMALIA;EGP;14992.303947198854
FMMZa;DOMINICAN REPUBLIC;SZL;21848.50182728948
FMMZa;ETHIOPIA;BND;5843.491428694675
FMMZa;UNITED ARAB EMIRATES;MVR;7480.075787110694
FMMZa;OMAN;GNF;34917512.15237946
FMMZa;MOZAMBIQUE;QAR;1455.2589539450744
CHMbb;GHANA;SDG;729086.1368946433
CHMbb;SWAZILAND;VUV;281209.39117641794
MYc23;BANGLADESH;HTG;591074.855392061
MYc23;IRAQ;IQD;2466608.8347342024
MYc23;TUNISIA;INR;232752.85289607974
MYc23;SWITZERLAND;DZD;72244.93198594703
MYc23;HONDURAS;LYD;17571.841930175575
MYc23;ANGOLA;SGD;1910.1304759278132
MYc23;GUATEMALA;HKD;30286.58379710264
MYc23;NETHERLANDS ANTILLES;TND;5190.576398445454
MYc23;BELARUS;AED;10870.888201925574
MYc23;SURINAME;TWD;38092.291075442015
MYc23;LAO PEOPLE'S DEMOCRATIC REP;ANG;7212.073462117859
MYc23;CHILE;BHD;921.6084542744821
MYc23;GUINEA;LBP;3021972.715341156
MYc23;OMAN;DOP;-2507.0303432957453
MYc23;SWITZERLAND;EGP;52868.946725998976
MYc23;EGYPT;UGX;15621082.738288702
MYc23;NEPAL;NZD;3225.2197233059546
MYc23;LIBYAN ARAB JAMAHIRIYA;KWD;32.73495727528137
MYc23;BAHRAIN;LKR;1694886.512377687
MYc23;CAYMAN ISLANDS;JMD;390021.96948431176
BFNX2;JAMAICA;PES;249817.23796443237
BFNX2;DOMINICA;SDG;2013772.6681372218
BFNX2;BELIZE;HUF;214720.1012260549
BFNX2;VENEZUELA;NAD;43476.99128857114
BFNX2;COSTA RICA;ZMW;15267.105437419172
BFNX2;TRINIDAD AND TOBAGO;WST;4303.336082863839
CCCKN;ZIMBABWE;MUR;255738.43230140803
BCLLb;SINGAPORE;CRC;9484241.639178237
BCLLb;KAZAKHSTAN;EGP;360060.0486607784
BCLLb;BURUNDI;GTQ;79916.30389302844
HKMVc;LIBYAN ARAB JAMAHIRIYA;DKK;2618.0455575032706
HKMVc;BARBADOS;RUB;306606.73862517765
HKMVc;NEW ZEALAND;MUR;251475.61168454576
HKMVc;PAPUA NEW GUINEA;JMD;407774.33863521484
HKMVc;PERU;LVL;4539.563130444715
HKMVc;OMAN;CLP;6427812.50091423
HKMVc;HUNGARY;BHD;388.1172091021186
HKMVc;BELIZE;LKR;96989.39209348305
HKMVc;JAMAICA;DKK;19007.010747473745
HKMVc;MAURITANIA;GMD;47415.04793143879
HKMVc;BHUTAN;LBP;8142732.782167564
HKMVc;PAPUA NEW GUINEA;JOD;1006.2541946394227
GHZ13;VANUATU;NOK;35736.890635834185
GHZ13;CYPRUS;AED;12424.48586178539
GHZ13;CAPE VERDE;CAD;3505.2273300052007
GHZ13;CAYMAN ISLANDS;MWK;622817.8554378758
GHZ13;BANGLADESH;DJF;603010.4121160867
GHZ13;ROMANIA;CAD;4415.549074941143
GHZ13;DJIBOUTI;GTQ;17939.543060525073
GHZ13;MACAU;BZD;4095.230080761041
IKVZ2;NEPAL;PHP;586820.0455127804
IKVZ2;SWITZERLAND;JOD;5288.12415645053
IKVZ2;SWAZILAND;PYG;56989471.21386123
IKVZ2;PERU;BRL;102146.51231117596
IKVZ2;MALDIVES;BBD;872.8332058895866
IKVZ2;NEW ZEALAND;VND;387963410.1318338
IKVZ2;DJIBOUTI;UGX;4244954.88141954
IKVZ2;HUNGARY;BBD;3893.5206733309988
IKVZ2;GHANA;HKD;6493.9676332497875
IKVZ2;HONDURAS;LAK;133102056.09803152
IKVZ2;COSTA RICA;MXN;133689.58118819576
IKVZ2;KOREA, REPUBLIC OF;BWP;47465.65381292942
IKVZ2;BHUTAN;JOD;14974.923343151819
IKVZ2;JORDAN;SLL;131887200.17485453
IKVZ2;MOZAMBIQUE;BHD;4547.334897381684
IKVZ2;PANAMA;CZK;126815.40158922692
IKVZ2;SRI LANKA;CVE;2158114.0699998937
CEFN3;SOUTH AFRICA;BBD;12490.996247943847
CEFN3;SAO TOME AND PRINCIPE;DOP;376712.1036314312
CEFN3;KAZAKHSTAN;SGD;1474.1721880777268
CEFN3;THAILAND;TWD;41405.96129474256
CEFN3;MOROCCO;HUF;1944182.8860491512
CEFN3;GHANA;RWF;2252236.5607584473
CEFN3;KUWAIT;MVR;86974.42286284121
CEFN3;TONGA;DJF;449194.0187575795
CEFN3;SOMALIA;BOB;23447.097025473453
CEFN3;JAMAICA;HNL;41211.066593284
CEFN3;UNITED ARAB EMIRATES;KES;55943.105158297236
CEFN3;COSTA RICA;KES;695185.0622453495
CEFN3;SRI LANKA;LKR;2468326.8353059916
CEFN3;BRAZIL;INR;441938.0391222931
CEFN3;BARBADOS;VUV;535601.8606395081
CEFN3;KUWAIT;PGK;13746.454648175013
CEFN3;HAITI;BMD;2310.772499851562
CEFN3;DOMINICA;TND;9930.1534641522
GHXYZ;TAIWAN, PROVINCE OF CHINA;FJD;37379.83231338369
GHXYZ;OMAN;LYD;59344.28071369179
GHXYZ;PHILIPPINES;UAH;676155.2092773071
GHXYZ;URUGUAY;DOP;503588.54323602223
GHXYZ;UKRAINE;WST;47345.58256218007
GHXYZ;IRAN (ISLAMIC REPUBLIC OF);COP;88753257.63901025
GHXYZ;EGYPT;IQD;20647771.45442399
GHXYZ;HUNGARY;KWD;5734.2145936930265
GHXYZ;PERU;SYP;6287837.7900279425
GHXYZ;NETHERLANDS ANTILLES;MRO;7120828.55673097
GHXYZ;DOMINICAN REPUBLIC;HTG;2210931.175992012
GHXYZ;CYPRUS;ANG;9189.64571876755
GHXYZ;CYPRUS;KES;656335.2877919638
GHXYZ;TANZANIA, UNITED REPUBLIC OF;NGN;5090252.509178333
GHXYZ;LATVIA;CLP;8446229.354047323
GHXYZ;BHUTAN;TOP;25892.593233017007
GHXYZ;UNITED ARAB EMIRATES;XAF;10857480.98010336
BENXb;CAPE VERDE;SBD;79631.92874542251
BENXb;SERBIA;NAD;316113.2834683927
EEEFN;HONDURAS;SCR;23266.84589802816
EEEFN;PERU;TOP;15605.927294869307
EEEFN;CANADA;BMD;9973.345665499684
EEEFN;LIBYAN ARAB JAMAHIRIYA;FJD;15187.63153691588
EEEFN;VIET NAM;TWD;88327.32847163141
EEEFN;INDONESIA;KHR;22317984.72993458
EEEFN;AUSTRALIA;EUR;3300.267098349815
EEEFN;VIET NAM;MYR;48463.50597167711
EEEFN;HUNGARY;TRY;231026.4287184589
EEEFN;VANUATU;EGP;393896.4906286804
EEEFN;CAPE VERDE;LRD;1449241.3760770762
EEEFN;LAO PEOPLE'S DEMOCRATIC REP;NIO;545151.1997941821
EEEFN;MALDIVES;XCD;26553.599488452357
EEEFN;HUNGARY;LRD;2446052.68338057
EEEFN;MALAYSIA;BGN;20489.010144852968
EEEFN;ARUBA;VND;299235951.1243248
EEEFN;EL SALVADOR;DZD;2069944.2117694595
EEEFN;VIET NAM;BIF;23186903.705342602
EEEFN;GHANA;KRW;21346296.41497427
EEEFN;CYPRUS;DJF;96342.30197059353
KKKK3;SOMALIA;SCR;7909.796312288502
KKKK3;BRUNEI DARUSSALAM;HUF;420249.0678985219
KKKK3;MALDIVES;GHS;38292.159617073856
KKKK3;ALBANIA;CRC;2550671.7852266235
KKKK3;CHINA;NZD;1134.323857733265
KKKK3;ANGOLA;DKK;29987.848289026108
KKKK3;TOGO;SCR;8007.2761964188185
KKKK3;NICARAGUA;KZT;699443.5947489367
KKKK3;PARAGUAY;LAK;80561880.35781263
KKKK3;GUATEMALA;ILS;5304.359738301229
KKKK3;LAO PEOPLE'S DEMOCRATIC REP;KYD;1822.813856472918
KKKK3;MALAYSIA;BDT;450991.2328831658
KKKK3;SRI LANKA;SVC;30877.987755855687
DGJb3;TURKEY;RUB;937009.1859685009
DGJb3;HAITI;VES;584163.0618333351
DGJb3;PAPUA NEW GUINEA;PAB;2013.3076715587847
DGJb3;KUWAIT;KYD;22151.815542403663
DGJb3;JAPAN;GHS;205924.46496734867
DGJb3;LATVIA;EUR;19296.725661285636
DGJb3;VIET NAM;SLL;439594544.0823798
AEb23;SURINAME;JPY;685084.6319900877
AEb23;TOGO;SOS;1549882.9112337725
AEb23;DENMARK;BRL;14992.611947198951
AEb23;BOTSWANA;XAF;986655.0539250791
AEb23;FRENCH POLYNESIA;TND;2053.0828197920105
AEb23;MALAYSIA;XOF;2704336.293185779
AEb23;NAMIBIA;BDT;178160.65911618038
AEb23;SYRIAN ARAB REPUBLIC;PYG;2659219.4554849598
BEFY1;PAKISTAN;ZAR;32402.829174401893
BEFY1;NICARAGUA;KES;508170.5951826909
BEFY1;BHUTAN;GMD;154179.7795011527
BEFY1;LIBERIA;CLP;716553.1121144636
BEFY1;PAKISTAN;BDT;526013.3890099494
BEFY1;ZIMBABWE;SVC;16070.216240958505
BEFY1;QATAR;RWF;1707386.5170062422
AZb12;ZIMBABWE;SVC;65002.12625706161
AZb12;MACAU;SEK;39360.720285309806
AZb12;HUNGARY;CYP;5611.148966933922
AZb12;TRINIDAD AND TOBAGO;UYU;379518.706971675
AZb12;DOMINICAN REPUBLIC;KHR;5672165.855649414
AZb12;BRAZIL;RON;29984.536223087078
ACV13;TANZANIA, UNITED REPUBLIC OF;DOP;328989.97843495914
ACV13;SWITZERLAND;VUV;548711.9753490208
DDIM3;FIJI;SYP;7061486.054068533
DDIM3;INDIA;BTN;1150544.5175434619
DDIM3;SOLOMON ISLANDS;GYD;548718.0056542673
DDIM3;MADAGASCAR;SZL;176560.41774726586
DDIM3;DOMINICA;RWF;11100601.363393577
DDIM3;MADAGASCAR;ISK;892500.154664954
LXWZ3;CYPRUS;SVC;11255.548091289893
LXWZ3;ALBANIA;SGD;1839.3752359614973
LXWZ3;GUYANA;MMK;1331047.873751587
LXWZ3;ROMANIA;ANG;2028.914149975277
LXWZ3;CHINA;GHS;21625.258878686647
LXWZ3;VENEZUELA;BWP;5488.319337044528
LXWZ3;CROATIA;UGX;8052980.245515577
LXWZ3;MADAGASCAR;VES;33766.33630418415
LXWZ3;ARGENTINA;PLN;2919.0570009376947
LXWZ3;HONG KONG;LYD;5068.503460389649
LXWZ3;HONDURAS;PEN;5174.512593271709
LXWZ3;PARAGUAY;HNL;11539.273807421705
LXWZ3;LIBYAN ARAB JAMAHIRIYA;LRD;41882.607619197835
BIW11;BOTSWANA;SCR;23261.53024202655
BIW11;HONDURAS;SYP;1379966.7628001382
BIW11;NORWAY;GTQ;24540.47606464468
BIW11;TRINIDAD AND TOBAGO;LAK;7279279.406172052
BIW11;PANAMA;NGN;275492.643673715
BIW11;MOROCCO;TTD;29765.53869810957
BIW11;YEMEN;BND;594.920930852185
BIW11;NEPAL;UAH;149558.30297325324
BIW11;FIJI;DOP;162948.24445497178
BIW11;TURKEY;MXN;29964.142702174206
BIW11;MALAYSIA;NGN;1292037.5237040191
BIW11;ARUBA;UYU;102941.06926668085
BIW11;MYANMAR;AUD;1412.305974366224
BIW11;MALDIVES;BRL;7658.253525677199
BIW11;TRINIDAD AND TOBAGO;AUD;4411.40857550398
BIW11;URUGUAY;TRY;66250.50100416505
BIW11;NEPAL;SLL;30671013.388546865
BIW11;SEYCHELLES;JMD;399228.9405033096
BIW11;LAO PEOPLE'S DEMOCRATIC REP;MXN;57687.25345499174
BIW11;AZERBAIJAN;SGD;860.5570233396782
ELaa2;NEW ZEALAND;KZT;4336617.045027831
ELaa2;ARGENTINA;BRL;14294.39849761522
BCIMZ;CENTRAL AFRICAN REPUBLIC;SZL;4419.463840861472
BCIMZ;SUDAN;BBD;161.72959596878565
BCIMZ;VIET NAM;KZT;437549.2768350944
BCIMZ;EGYPT;SLL;6949711.960818169
BCIMZ;KAZAKHSTAN;SBD;1701.1923125672224
BCIMZ;LATVIA;GTQ;6281.219172780756
BCIMZ;INDIA;BMD;655.9783254848362
BCIMZ;TANZANIA, UNITED REPUBLIC OF;INR;36177.38419589612
BCIMZ;NORWAY;MYR;1232.744998312633
BCIMZ;GUYANA;GTQ;2883.834908277657
BCIMZ;BHUTAN;BND;265.94349229347
BCIMZ;HONG KONG;EUR;548.8124829902002
BCIMZ;SUDAN;HUF;328421.88204170676
BCIMZ;BULGARIA;SZL;4451.21046202456
BCIMZ;BULGARIA;VES;8829.394127494743
BCIMZ;SRI LANKA;NPR;103245.49521721243
DDEM1;MOROCCO;XCD;756.6387366401528
DDEM1;HONDURAS;MZN;846023.7100557017
DDEM1;SAO TOME AND PRINCIPE;LAK;41112199.41560789
DDEM1;CENTRAL AFRICAN REPUBLIC;COP;27306463.769993067
DDEM1;IRAQ;ARS;636389.9933953376
DDEM1;MALAWI;XAF;695822.0215015825
DDEM1;CANADA;TWD;167055.89675273822
DDEM1;BAHRAIN;SAR;22859.388229806034
DDEM1;LIBERIA;CAD;9221.567123923678
DDEM1;PARAGUAY;STD;186452789.567538
DDEM1;MALAWI;GHS;106400.24276605107
DDEM1;MYANMAR;DKK;21305.626959314188
DDEM1;GHANA;XAF;7463499.286864161
DDEM1;PERU;FJD;593.0780529542046
DDEM1;BULGARIA;JOD;2507.4924033019756
DDEM1;MALDIVES;IDR;34685119.89997274
DDEM1;IRAN (ISLAMIC REPUBLIC OF);PLN;23900.93335980637
DDEM1;MAURITIUS;VND;76581335.80085868
DEXXX;ZIMBABWE;BND;14563.289116505015
CCINa;GUINEA;KZT;1679115.6658692174
CCINa;BARBADOS;NAD;981583.9979764303
CCINa;JAMAICA;AUD;81304.48985208961
CCINa;TAIWAN, PROVINCE OF CHINA;HRK;106827.67795698764
CCINa;MACAU;FJD;115770.70163079334
CCINa;BELIZE;TRY;1002124.099143643
CCINa;KENYA;ZAR;849665.9173235286
CCINa;NICARAGUA;SZL;1137229.2798415844
CCINa;ARUBA;ILS;131496.11250812298
CCINa;PERU;JMD;1106930.630757652
CCINa;GUATEMALA;MYR;287324.8672034772
CCINa;HONG KONG;CLP;57274275.29143704
CCINa;SINGAPORE;NOK;11070.816364400816
CCINa;CHILE;DKK;315519.19420550397
CCINa;PERU;KES;6756907.648798686
CCINa;COLOMBIA;ZAR;1161472.2897758416
CCINa;CANADA;BOB;197012.0060608935
CCINa;GHANA;LAK;1095529111.1633675
GXYbc;NEW ZEALAND;ARS;2150661.5343624153
GXYbc;POLAND;VUV;339921.4962942806
GXYbc;MACAU;BND;26404.09364377866
GXYbc;UGANDA;BSD;15530.559370488127
GXYbc;GUATEMALA;LBP;18286702.621414658
GXYbc;MACAU;ISK;606542.7083972532
GXYbc;NEPAL;NPR;1197384.083815392
GXYbc;SIERRA LEONE;ZWL;6177587.752439163
GXYbc;SAMOA;BZD;10825.004470573698
GXYbc;LEBANON;CYP;3618.8188402554106
GXYbc;ICELAND;ALL;1556401.8213545245
GXYbc;SINGAPORE;WST;34714.076939239
DIKYY;SEYCHELLES;LBP;3225089.9773261417
DIKYY;SOUTH AFRICA;IRR;123911088.8087769
DIKYY;LAO PEOPLE'S DEMOCRATIC REP;ZWL;1150154.5468038868
DIKYY;BANGLADESH;CAD;4103.401757312654
DIKYY;TURKEY;DZD;513844.43353557953
DIKYY;MALAYSIA;XOF;969160.0796006374
VVVbc;NAMIBIA;VUV;115465.27646677381
VVVbc;BANGLADESH;KRW;1355068.167575309
VVVbc;SWAZILAND;RSD;22677.75444793926
VVVbc;POLAND;MZN;40222.39191436055
VVVbc;AZERBAIJAN;CLP;1031146.4733616089
GLYb1;KAZAKHSTAN;THB;71409.83566917013
GLYb1;YEMEN;SYP;3605580.083750124
GLYb1;CAYMAN ISLANDS;DOP;708280.188497833
GLYb1;MOZAMBIQUE;TOP;4934.204716716574
GLYb1;NAMIBIA;OMR;271.4895656378246
GLYb1;CANADA;BMD;8160.681180977541
GLYb1;LATVIA;GYD;193017.09385941474
GLYb1;BERMUDA;GTQ;84003.33287049274
GLYb1;BULGARIA;PGK;797.1840777799744
GLYb1;MALAYSIA;SZL;66720.32148798401
GLYb1;DOMINICA;BGN;20931.76674241006
GLYb1;TAIWAN, PROVINCE OF CHINA;JMD;210485.4084904171
GLYb1;LEBANON;IQD;15456805.27964475
GLYb1;ICELAND;PES;2675363.2422508956
DVYZb;CAPE VERDE;CZK;9723.22031572544
DVYZb;AUSTRALIA;GYD;60019.052074660154
DVYZb;SUDAN;SLL;23256301.438061308
DVYZb;QATAR;AED;5865.551228112987
DVYZb;BANGLADESH;TWD;7192.195437588639
DVYZb;VENEZUELA;VND;29108547.728646945
DVYZb;ZIMBABWE;MWK;1840161.8331508387
DVYZb;CAYMAN ISLANDS;ALL;33958.51692707419
DVYZb;MOZAMBIQUE;IDR;11896539.218575712
DVYZb;VENEZUELA;ZMW;18289.027372673863
DVYZb;DOMINICAN REPUBLIC;GYD;112098.64078372098
DVYZb;BRUNEI DARUSSALAM;IDR;20031400.14841175
DVYZb;VENEZUELA;BTN;41536.15941629708
DVYZb;CAMBODIA;IRR;1031846.6315819921
DVYZb;BRUNEI DARUSSALAM;JOD;991.7647789266067
DVYZb;COLOMBIA;XOF;42044.91839840678
DDDXW;COSTA RICA;MYR;49218.941969300664
DDDXW;NORWAY;PEN;14134.380054219539
DDDXW;BELIZE;EUR;10109.842988361232
DDDXW;SAUDI ARABIA;PYG;19643181.943957265
DDDXW;ISRAEL;AZN;962.8115530778513
DDDXW;GUATEMALA;BWP;157986.40205692934
DDDXW;MYANMAR;NOK;188105.94870427522
DDDXW;LATVIA;CYP;10053.39683143228
DDDXW;ZAMBIA;CVE;761730.507528465
DDDXW;SEYCHELLES;COP;27269257.518890694
DDDXW;CENTRAL AFRICAN REPUBLIC;TND;51861.088256921015
DDDXW;SYRIAN ARAB REPUBLIC;NZD;18302.18036851899
DDDXW;RUSSIAN FEDERATION;ARS;287412.8098296111
DDDXW;TAIWAN, PROVINCE OF CHINA;JPY;499968.9333747523
DDDXW;COLOMBIA;MZN;313711.6939592044
DDDXW;BANGLADESH;CZK;409297.0113357993
DDDXW;CAMBODIA;LRD;320082.7865252777
DDDXW;ANGOLA;YER;5017652.116477048
DDDXW;CAMBODIA;RSD;1713091.621750455
DDDXW;SERBIA;SRD;416317.07587688736
CFLLc;IRAN (ISLAMIC REPUBLIC OF);MMK;249651.37453231186
CFLLc;NIGERIA;CAD;1752.6800149616852
CFLLc;BOLIVIA;QAR;-8.87011425435841
CFLLc;PAPUA NEW GUINEA;PEN;5718.752511807517
CFLLc;ZIMBABWE;KYD;1476.7094648226973
CFLLc;GHANA;VND;46118144.14902334
CFLLc;LAO PEOPLE'S DEMOCRATIC REP;HNL;45923.529957831815
CFLLc;LIBERIA;ALL;247523.91666205332
BBEHc;GUATEMALA;SDG;706439.9312845842
BBEHc;MAURITANIA;LBP;1381865.52950347
BBEHc;FIJI;TWD;31517.286654658146
BBEHc;MEXICO;MZN;75418.68636977194
BBEHc;MADAGASCAR;AUD;32.61204817547323
BBEHc;NETHERLANDS ANTILLES;AWG;381.05650296118995
BBEHc;PAKISTAN;ZMW;683.4485535148601
BBEHc;SYRIAN ARAB REPUBLIC;DZD;179823.12522270274
BBEHc;LIBERIA;VUV;13966.838405431372
BBEHc;NEPAL;CLP;771413.6925093579
BBEHc;ARGENTINA;DOP;48283.04039686722
BBEHc;BURUNDI;BWP;2560.729852990658
BBEHc;TAIWAN, PROVINCE OF CHINA;FJD;2033.8173444149506
BBEHc;KENYA;KYD;937.0118584943378
BBEHc;HONDURAS;LAK;13365059.65774682
BBEHc;COSTA RICA;MOP;925.4479183149373
BBEHc;VENEZUELA;CRC;53909.432241069335
BBEHc;EURO;JPY;196514.91930182575
AVbc2;GUINEA;WST;3683.871320693433
AVbc2;PARAGUAY;CHF;4144.7666453037655
AVbc2;SERBIA;SAR;9990.457237377726
AVbc2;SYRIAN ARAB REPUBLIC;MZN;272958.1390110767
AVbc2;BARBADOS;QAR;17176.342664260108
AVbc2;ALGERIA;CZK;111990.42632258251
AVbc2;LIBERIA;WST;6111.787937466803
AVbc2;SEYCHELLES;KRW;5602436.17651069
AVbc2;BAHRAIN;TZS;6249899.064906704
AVbc2;GAMBIA;NGN;684767.2465570008
AVbc2;PANAMA;DZD;566103.6488558713
AVbc2;OMAN;AOA;2003133.120506524
AVbc2;MAURITANIA;ZMW;41615.821184254026
AVbc2;TOGO;HRK;32009.302123811223
AVbc2;TRINIDAD AND TOBAGO;DOP;109109.46496398424
AVbc2;BOTSWANA;MOP;16952.194424194542
AVbc2;SOUTH AFRICA;STD;21772441.29368399
BBCM1;SRI LANKA;PES;38317.034749831546
BBCM1;FRENCH POLYNESIA;CNY;3228.595127109533
BBCM1;MYANMAR;CNY;3108.8401149763904
BBCM1;BOTSWANA;MWK;686.0774255790983
BBCM1;MAURITIUS;HUF;505291.30588489556
BBCM1;HONG KONG;BDT;23573.001484801905
BBCM1;IRAQ;IRR;14308343.013049442
BBCM1;QATAR;PES;200902.7040571769
BBCM1;URUGUAY;BWP;4032.0568766039846
BBCM1;BOLIVIA;EGP;21925.547416595862
BBCM1;NORWAY;SLL;3170910.41157012
BBCM1;ICELAND;PYG;6851590.388249437
BBCM1;BELIZE;PES;88568.88360206965
BBCM1;HONG KONG;UYU;33138.91369839158
CKLMN;PARAGUAY;MMK;2386535.8993759635
CKLMN;CYPRUS;XCD;12740.839204417653
CKLMN;MOZAMBIQUE;GHS;22192.13130229423
CKLMN;MACAU;XOF;1515705.4131719247
CKLMN;UGANDA;AOA;110797.40180931191
CKLMN;FIJI;QAR;26438.62006996613
CKLMN;JORDAN;BZD;6111.479548529128
CKLMN;MOZAMBIQUE;ANG;5933.746193927873
CKLMN;GUINEA;ZMW;10756.170829013
CKLMN;TANZANIA, UNITED REPUBLIC OF;GBP;-24.124829411922462
CKLMN;EGYPT;SRD;47098.43997185741
CKLMN;URUGUAY;JMD;1083221.50754067
CKLMN;JORDAN;EUR;7099.197866172811
CKLMN;INDONESIA;GHS;12470.174613330288
CKLMN;LEBANON;PGK;15860.871979566318
CKLMN;AZERBAIJAN;UYU;56340.07911587481
CKLMN;CAMBODIA;NGN;2206611.484996728
CKLMN;UKRAINE;RON;15695.336857243954
ABFH1;ALGERIA;IDR;130193869.54077233
ABFH1;SYRIAN ARAB REPUBLIC;BGN;3771.328606630703
ABFH1;MALAYSIA;MVR;9304.314244972176
ABFH1;CHILE;TTD;69200.63680051798
ABFH1;OMAN;ILS;22175.482048223967
ABFH1;MEXICO;CZK;66703.39555579425
ABFH1;BRAZIL;CVE;581247.2016309001
ABFH1;TAIWAN, PROVINCE OF CHINA;TOP;9581.360265784746
ABFH1;MAURITIUS;HNL;131968.98598416336
ABFH1;BOLIVIA;IQD;9845728.185353493
ABFH1;THAILAND;IDR;107470354.70070267
ABFH1;PARAGUAY;FJD;8387.875413930744
ABFH1;GAMBIA;XPF;-9248.486084072592
ABFH1;MALAWI;HTG;1465409.7399421665
ABFH1;EURO;CLP;1413548.3339434231
ABFH1;ETHIOPIA;SCR;145163.27641322775
ABFH1;PHILIPPINES;HTG;134903.9490619263
ABFH1;CHILE;SVC;62134.79127826259
CFHIW;RUSSIAN FEDERATION;SBD;51092.049942552374
CFHIW;NETHERLANDS ANTILLES;HKD;15736.584317828423
CFHIW;BURUNDI;XCD;4492.788814909607
CFHIW;KOREA, REPUBLIC OF;BZD;1087.733719232326
CFHIW;MADAGASCAR;BWP;-81.11798092308655
CFHIW;MOROCCO;SGD;8215.283224474842
CFHIW;MYANMAR;CRC;3025324.959119198
CFHIW;ICELAND;MOP;5062.456469968235
CFHIW;GUYANA;KHR;3852218.8344565416
CFHIW;PERU;TZS;8678658.650830256
FMNYb;NEW ZEALAND;BZD;3733.6318422353206
FMNYb;HUNGARY;MGA;6172800.153532862
FMNYb;TONGA;IRR;194751675.93708116
FMNYb;ETHIOPIA;BHD;974.1795133069857
FMNYb;ZIMBABWE;COP;37857193.40034363
FMNYb;CENTRAL AFRICAN REPUBLIC;BND;7632.199869914039
FMNYb;TUNISIA;SZL;103402.45701631294
FMNYb;ZAMBIA;SRD;21708.332211990062
FMNYb;BARBADOS;RUB;9491.28301171367
FMNYb;SAUDI ARABIA;GBP;4480.584217452496
FMNYb;NIGERIA;KHR;6886034.08467764
FMNYb;MALAWI;PAB;1207.5965489729865
FMNYb;SYRIAN ARAB REPUBLIC;IRR;168290089.48696733
FMNYb;TOGO;BDT;682679.4624040838
FGWZ3;JAPAN;SDG;702506.4462111647
CFHVX;BELARUS;SVC;66376.59398595366
GVWZ2;DJIBOUTI;AWG;14036.273285503165
GVWZ2;SINGAPORE;MAD;14555.300796091075
GVWZ2;PERU;BHD;1909.7148746587004
GVWZ2;NIGERIA;MVR;70237.86286492355
GVWZ2;EURO;WST;4588.300690813093
GVWZ2;ZAMBIA;BGN;12407.07024769929
GVWZ2;BAHRAIN;AED;9640.863648289835
GVWZ2;BAHAMAS;ARS;1581533.8576536272
GVWZ2;NETHERLANDS ANTILLES;INR;806642.4974221105
GVWZ2;BAHRAIN;NOK;24425.467297540887
GVWZ2;FIJI;BWP;22317.547488006705
GVWZ2;CROATIA;XCD;21981.89159576897
GVWZ2;PHILIPPINES;BGN;18184.350197394848
GVWZ2;NEW ZEALAND;SDG;5412158.362992616
BDHKa;RUSSIAN FEDERATION;AWG;267.92056485621873
BDHKa;THAILAND;SBD;124.70617871578102
BDHKa;MEXICO;PKR;229643.67604361675
BDHKa;JORDAN;CLP;5041789.826776879
BDHKa;BANGLADESH;TRY;14350.636795465854
BDHKa;LIBERIA;SBD;10186.525756152218
BDHKa;DENMARK;AWG;1373.8054495818876
BDHKa;SWITZERLAND;SAR;15638.836725796571
BDHKa;SIERRA LEONE;RON;3593.264764921802
BDHKa;SWAZILAND;PEN;20750.86660212824
BDHKa;CHINA;LYD;34439.161368586494
BDHKa;PHILIPPINES;QAR;9399.969127520757
BDHKa;ZIMBABWE;KYD;5950.727180855568
BDHKa;ARGENTINA;SLL;91309590.49807838
BDHKa;NAMIBIA;BSD;4926.579286907979
BDHKa;SAMOA;EGP;96536.8071590361
BDHKa;GHANA;BGN;10586.050745404254
ADVXc;EGYPT;SRD;126487.57055665381
ADVXc;KUWAIT;MOP;0.0
ADVXc;BRUNEI DARUSSALAM;TND;7475.567020145201
ADVXc;ALBANIA;STD;20587756.768792026
ADVXc;URUGUAY;IDR;2153239.697661965
ADVXc;INDIA;CRC;1389393.6387867872
ADVXc;TANZANIA, UNITED REPUBLIC OF;AWG;4670.374841991159
ADVXc;NORWAY;YER;289605.79714670347
ADVXc;DJIBOUTI;AED;3652.877061410754
ADVXc;ROMANIA;HNL;135751.71378446877
ADVXc;KAZAKHSTAN;XPF;566801.5066358394
ADVXc;SINGAPORE;UAH;189962.68038763525
ADVXc;PAKISTAN;PLN;27169.06132223374
ADVXc;LATVIA;MOP;44374.01693401307
ADVXc;JAPAN;UGX;25669986.10925179
ADVXc;SOMALIA;ARS;616188.6268905296
ADVXc;NIGERIA;KHR;16888570.344665337
ADVXc;FIJI;PES;454111.8868066474
ADVXc;NORWAY;ANG;6822.21598271759
ADVXc;BAHAMAS;PHP;63545.11257985377
ILXXc;HONG KONG;CVE;809146.0105774945
ILXXc;BURUNDI;EUR;12874.745449271977
ILXXc;EURO;AOA;8227520.094321913
DIIII;NEW ZEALAND;HKD;79484.12565054762
DIIII;COLOMBIA;CYP;6398.116429801743
DIIII;TURKEY;ZWL;2870706.5597237353
DIIII;EL SALVADOR;SEK;87620.99249786684
DIIII;GUINEA;MVR;136387.52730440348
DIIII;BARBADOS;CNY;79954.83181804632
DIIII;RUSSIAN FEDERATION;NOK;84688.1182258697
DIIII;SEYCHELLES;NZD;9523.53261642023
DIIII;ISRAEL;OMR;3792.578189753126
DIIII;BURUNDI;EGP;195324.98325803867
DIIII;CENTRAL AFRICAN REPUBLIC;NZD;6888.747984702472
DIIII;BURUNDI;TWD;233779.19221972727
DIIII;CENTRAL AFRICAN REPUBLIC;MRO;1964777.3951487436
DIIII;SWITZERLAND;HUF;5332602.747078116
DIIII;IRAQ;RWF;5388653.2613233365
DIIII;OMAN;CLP;11042182.091759497
DIIII;NEPAL;RSD;1493145.3856287124
DIIII;CENTRAL AFRICAN REPUBLIC;MAD;128473.38351188193
DIIII;SAMOA;JOD;1356.462834725057
DIIII;MAURITIUS;LBP;3871917.2498817984
BLVV2;HAITI;BZD;7398.171589924798
BLVV2;TOGO;ZMW;168241.0945726525
BLVV2;ISRAEL;GYD;4582177.082596564
BLVV2;PAPUA NEW GUINEA;GTQ;6809.326703385935
BLVV2;CANADA;NPR;2816972.9214030635
BLVV2;ICELAND;BGN;20598.470163157523
BLVV2;SAUDI ARABIA;MAD;120430.9838853552
BLVV2;MALDIVES;YER;4823297.109582525
BLVV2;GHANA;COP;80168877.25867914
BLVV2;FIJI;SRD;463206.75885583536
BLVV2;NORWAY;IQD;2709982.6373926485
BLVV2;DENMARK;BND;19631.81917325193
IJKKb;ICELAND;SAR;687.3443859256075
DEGZ2;NEPAL;SAR;81367.04220110427
DEGZ2;AUSTRALIA;KZT;5137227.590938372
DEGZ2;SAUDI ARABIA;SGD;3850.2924220520113
DEGZ2;BANGLADESH;DKK;93393.2901696387
DEGZ2;BRAZIL;UGX;-737598.7546965441
DEGZ2;SOUTH AFRICA;SYP;7728560.583830414
DEGZ2;CANADA;CHF;3506.0662618317942
