;Client;Country;Currency;Transaction
0;CEEGH;MALDIVES;ARS;2560520.4795086402
1;CEEGH;SRI LANKA;LAK;44823924.35311554
2;HIIVW;SRI LANKA;CLP;5724495.575587592
3;HIIVW;BELIZE;JOD;25354.911767805213
4;HIIVW;GUYANA;TZS;72983082.85868378
5;HIIVW;DOMINICA;DKK;23515.44954040516
6;HIIVW;TAIWAN, PROVINCE OF CHINA;NPR;4821931.420740738
7;HIIVW;NEW ZEALAND;PHP;734988.2365166006
8;NNWWc;BOTSWANA;ALL;4672.228359936733
9;NNWWc;NIGERIA;CNY;7418.141332007603
10;NNWWc;PAPUA NEW GUINEA;UAH;106672.24439529887
11;NNWWc;SWAZILAND;DZD;178957.72321798833
12;NNWWc;BELARUS;CAD;3846.1629959585307
13;NNWWc;ANGOLA;SRD;18205.591713657082
14;NNWWc;SAO TOME AND PRINCIPE;UGX;9944204.947445434
15;NNWWc;RWANDA;CAD;1701.6357497271076
16;NNWWc;INDONESIA;MRO;770249.1177055016
17;NNWWc;MOZAMBIQUE;TRY;38436.983614731544
18;NNWWc;GUINEA;GTQ;20658.22352461434
19;NNWWc;COLOMBIA;NGN;79768.82775527745
20;NNWWc;HONG KONG;TTD;6250.845643735571
21;NNWWc;ETHIOPIA;LAK;29013652.67836443
22;NNWWc;ZIMBABWE;LYD;9733.632822609867
23;NNWWc;SAMOA;ZMW;4762.238014858675
24;NNWWc;DJIBOUTI;ANG;1853.735387952001
25;NNWWc;BANGLADESH;KZT;1178445.5782642884
26;MXWWc;ARGENTINA;PEN;18283.73617843511
27;MXWWc;MOROCCO;TOP;13392.437507289937
28;MXWWc;LIBYAN ARAB JAMAHIRIYA;GYD;126170.38402417219
29;MXWWc;NEW ZEALAND;MVR;145296.20629307986
30;MXWWc;ALGERIA;NPR;1213490.9943534692
31;MXWWc;NICARAGUA;SCR;125767.15151592868
32;MXWWc;BELIZE;HKD;84708.14340988176
33;ADNVc;LEBANON;NIO;95861.22365202259
34;BBBL2;MALAYSIA;HNL;32581.125591015985
35;AGK23;URUGUAY;BYR;27235728.791843146
36;AGK23;CYPRUS;MAD;96624.69725261974
37;AGK23;PARAGUAY;XCD;38030.8312558163
38;AGK23;LIBERIA;MGA;49517607.25777444
39;AGK23;AUSTRALIA;NPR;1229805.4661036797
40;AGK23;VANUATU;TND;54673.301698470284
41;AGK23;INDIA;LRD;855352.5938412185
42;AGK23;NETHERLANDS ANTILLES;RWF;14110453.728413533
43;AGK23;SINGAPORE;BHD;1710.5397983785958
44;AGK23;VIET NAM;SBD;77439.31928030649
45;AGK23;PAPUA NEW GUINEA;NZD;15372.394542752207
46;BBWab;ALBANIA;NGN;973369.8451708917
47;BBWab;THAILAND;VUV;30458.847992474577
48;BBWab;ZAMBIA;XAF;7432766.204360945
49;BBWab;INDONESIA;BMD;12494.89950468737
50;BBWab;IRAQ;PAB;5486.683922213222
51;BBWab;MALDIVES;RUB;390740.3499997995
52;BBWab;JAMAICA;KRW;9580231.398092955
53;BBWab;ZIMBABWE;XPF;1244919.4531529574
54;BBWab;NEPAL;TOP;18152.093621754357
55;BBWab;LEBANON;GBP;10050.674480991125
56;BHHY1;FIJI;CNY;-1074.9499095059211
57;BHHY1;CAMBODIA;CHF;5314.050874609718
58;BHHY1;SWEDEN;FJD;8601.45017461355
59;BHHY1;LIBYAN ARAB JAMAHIRIYA;PYG;80948297.8307352
60;BHHY1;BELIZE;PGK;51573.78292395237
61;GMVY3;CYPRUS;HUF;1469237.880118782
62;GMVY3;COLOMBIA;MVR;58972.41876434077
63;GMVY3;QATAR;TOP;4875.400602554908
64;GMVY3;IRAQ;MUR;202676.77965654508
65;GMVY3;VIET NAM;HUF;13888.612302007794
66;GMVY3;NEW ZEALAND;TOP;1862.4731798249325
67;DGKNb;ARGENTINA;MXN;39002.69550201781
68;DGKNb;MALDIVES;LYD;23079.283676443385
69;DGKNb;HAITI;BRL;15283.124278015563
70;DGKNb;INDONESIA;GMD;277773.97151518025
71;DGKNb;AUSTRALIA;ZWL;861131.6473571874
72;DGKNb;BRUNEI DARUSSALAM;SBD;18893.87235964638
73;DGKNb;EL SALVADOR;ARS;1900422.4574825477
74;DGKNb;VENEZUELA;GMD;160883.20835530534
75;DGKNb;NAMIBIA;MZN;348431.8255329483
76;DGKNb;PERU;TTD;5288.211497004957
77;CEHac;EURO;IRR;756271637.7449958
78;CEHac;MAURITANIA;SZL;292136.1327035437
79;CEHac;CHINA;EUR;7713.913785490578
80;CEHac;KENYA;BOB;134873.245779483
81;CEHac;SOLOMON ISLANDS;SVC;66947.94926213058
82;CEHac;BURUNDI;RON;19803.016952631042
83;CEHac;BHUTAN;BIF;9795943.146728827
84;CEHac;BURUNDI;CRC;5341488.321262248
85;CEHac;OMAN;KHR;9561479.280165363
86;CEHac;DOMINICA;NAD;168586.9658143736
87;CEHac;ALBANIA;CYP;8323.89518903644
88;CEHac;INDONESIA;PEN;22929.470838207064
89;CEHac;ALGERIA;IDR;311110491.0019133
90;BEFZ3;BRUNEI DARUSSALAM;JOD;7446.015777705653
91;BEFZ3;BELARUS;ANG;6226.77916981112
92;MVcc2;PAPUA NEW GUINEA;HRK;161854.0177055814
93;MVcc2;PAKISTAN;PLN;213963.2214017407
94;MVcc2;PARAGUAY;CAD;53489.7702356967
95;MVcc2;TUNISIA;KRW;18738166.398296706
96;MVcc2;LIBERIA;MAD;247231.7250081786
97;DJKa1;GUATEMALA;AUD;4942.311557014855
98;DJKa1;PAKISTAN;KHR;6719250.184983024
99;DJKa1;LIBERIA;VES;82565.49547597938
100;DJKa1;BULGARIA;NAD;30763.946598539616
101;DJKa1;TONGA;INR;155240.07388565442
102;BGGNa;LIBYAN ARAB JAMAHIRIYA;PES;4179473.755848089
103;BGGNa;TRINIDAD AND TOBAGO;SAR;72421.02061634374
104;BGGNa;IRAN (ISLAMIC REPUBLIC OF);WST;54520.98757776984
105;BGGNa;LAO PEOPLE'S DEMOCRATIC REP;BWP;212579.47751155504
106;BGGNa;ETHIOPIA;TOP;44886.17601948952
107;BGGNa;TANZANIA, UNITED REPUBLIC OF;ZMW;191486.647797249
108;BGGNa;SWEDEN;TZS;5959439.662236084
109;BGGNa;SAUDI ARABIA;PKR;2583131.183144121
110;BGGNa;VENEZUELA;CHF;1377.6836086696806
111;BGGNa;GUINEA;GNF;19364572.38564157
112;BGGNa;SOLOMON ISLANDS;FJD;47861.21868881625
113;BGGNa;TOGO;PES;290691.8894315271
114;BGGNa;GHANA;ILS;75843.09923613834
115;BGGNa;SWEDEN;NOK;137114.00971856024
116;BGGNa;CAPE VERDE;BTN;302933.17444189463
117;BGGNa;ALGERIA;BZD;17574.97134577868
118;EFIVb;CAYMAN ISLANDS;SAR;14680.514247282694
119;EFIVb;JAMAICA;INR;751878.1675025774
120;EFIVb;CANADA;COP;53074689.40188902
121;EFIVb;PERU;CYP;2314.1927126551186
122;EFIVb;NEPAL;CYP;3466.14336920654
123;GWYYb;CAYMAN ISLANDS;UGX;9709792.46013859
124;GWYYb;PARAGUAY;RON;8486.70263329719
125;GWYYb;SWEDEN;BBD;2355.5798292003865
126;GWYYb;MAURITANIA;SLL;9881405.450126866
127;GWYYb;BOTSWANA;MZN;418795.9746574053
128;GWYYb;SERBIA;MZN;328915.1101999238
129;GWYYb;BELARUS;WST;3661.3782347561773
130;GWYYb;BARBADOS;TZS;7978751.4153424995
131;GWYYb;IRAQ;KRW;8713414.337328307
132;GWYYb;RUSSIAN FEDERATION;ALL;303780.06364323996
133;GWYYb;NORWAY;DOP;364273.67676347424
134;GWYYb;BURUNDI;XCD;15999.473856565714
135;GWYYb;ALGERIA;MVR;120245.65877513989
136;GWYYb;TANZANIA, UNITED REPUBLIC OF;OMR;1896.89757142076
137;GWYYb;BELIZE;CNY;1345.7889074518384
138;GWYYb;JORDAN;LVL;1235.1400675295188
139;GWYYb;SWEDEN;COP;5505483.089177648
140;GWYYb;COSTA RICA;AZN;2952.0726566090802
141;GWYYb;ANGOLA;SGD;7282.5368151802195
142;GWYYb;LEBANON;GYD;186890.09404807785
143;FGGLX;ANGOLA;OMR;-4.712799709990059
144;FGGLX;JAPAN;SBD;112.09860602227475
145;FGGLX;MADAGASCAR;MWK;272407.9043619689
146;DDFVX;YEMEN;RWF;1395863.199894092
147;DDFVX;GUATEMALA;HUF;1460469.2779902832
148;DDFVX;KUWAIT;BBD;664.6214410622542
149;DDFVX;HONDURAS;ISK;194428.48297733208
150;DDFVX;SEYCHELLES;BSD;4087.7905115096805
151;DDFVX;DOMINICAN REPUBLIC;SBD;22585.23115539034
152;DDFVX;OMAN;UYU;137819.89734819825
153;DDFVX;SINGAPORE;AWG;6229.28292699868
154;DDFVX;KOREA, REPUBLIC OF;AUD;3944.224875343037
155;HNYb2;PANAMA;PKR;340534.9788070477
156;HNYb2;HAITI;RON;33607.012455571385
157;HNYb2;BOTSWANA;HRK;77175.71476473157
158;HNYb2;NETHERLANDS ANTILLES;LVL;5753.771599677042
159;HNYb2;MALAWI;XAF;4092969.9688587827
160;HNYb2;MALAYSIA;TRY;114254.6183750866
161;HNYb2;NEW ZEALAND;GHS;98731.88933970268
162;HNYb2;ARGENTINA;LBP;15046339.765412912
163;HNYb2;MEXICO;TTD;62630.615877087555
164;HNYb2;SWEDEN;CZK;231511.19411656217
165;HNYb2;NEW ZEALAND;MRO;2995464.723908586
166;HNYb2;BOLIVIA;ALL;433389.05212606414
167;NNYbc;BRAZIL;YER;2565276.314145796
168;NNYbc;GHANA;PAB;4402.703033823231
169;NNYbc;URUGUAY;SDG;5533003.170875179
170;NNYbc;BERMUDA;BSD;11181.266569035071
171;NNYbc;ROMANIA;INR;593554.9014178058
172;NNYbc;HUNGARY;HRK;58990.23464667935
173;NNYbc;GHANA;BDT;836021.4871914887
174;NNYbc;CENTRAL AFRICAN REPUBLIC;ILS;27243.10044175445
175;NNYbc;JORDAN;NAD;185300.5437014131
176;NNYbc;MAURITIUS;DZD;228334.5950488192
177;NNYbc;PERU;BBD;-253.83125014835576
178;NNYbc;BARBADOS;PHP;437808.4984800413
179;NNYbc;QATAR;WST;32862.081492421064
180;NNYbc;MADAGASCAR;BMD;10192.593849707226
181;NNYbc;KOREA, REPUBLIC OF;MAD;88228.74851466523
182;NNYbc;BULGARIA;KZT;393559.62350340694
183;NNYbc;SURINAME;ZMW;137378.43985958953
184;NNYbc;CYPRUS;BTN;222297.4254522409
185;CNaac;SRI LANKA;IQD;749965.5636368467
186;CNaac;BERMUDA;NIO;121027.57716007979
187;CNaac;HAITI;MWK;2939089.90322064
188;CNaac;JAMAICA;BZD;11759.614304714849
189;CNaac;ARUBA;HRK;23714.693560665204
190;AEKNV;ISRAEL;SZL;73582.33889680615
191;AEKNV;YEMEN;GMD;568476.9776307053
192;AEKNV;GUATEMALA;KZT;5831156.870907793
193;AEKNV;NORWAY;GTQ;66844.95125170042
194;AEKNV;VENEZUELA;RUB;563829.9517253735
195;AEKNV;DOMINICA;CNY;-1678.5188772004044
196;AEKNV;ANGOLA;TTD;63805.776045585764
197;AEKNV;CAYMAN ISLANDS;SVC;211099.37800349513
198;AEKNV;COLOMBIA;ZMW;385205.1737016175
199;AEKNV;SURINAME;SGD;35873.68669160995
200;AEKNV;NORWAY;PHP;1525149.0114988773
201;AEKNV;TONGA;CAD;22947.048136669586
202;AEKNV;TANZANIA, UNITED REPUBLIC OF;GBP;13816.224327998823
203;AEKNV;EURO;PES;2289509.7637802684
204;AEKNV;ALBANIA;KWD;1611.76915506986
205;AEKNV;SUDAN;VND;150068607.97108683
206;CFIXa;SURINAME;SRD;100198.34587296238
207;CFIXa;PERU;DJF;284598.6820699345
208;CFIXa;AZERBAIJAN;CNY;11374.419341888111
209;CFIXa;UKRAINE;VUV;593551.3974354563
210;CFIXa;PERU;GHS;49553.43003467575
211;CFIXa;UNITED KINGDOM;EUR;1434.632897599391
212;CFIXa;SOMALIA;BGN;7262.244740369122
213;CFIXa;BRUNEI DARUSSALAM;WST;11725.015695370657
214;CFIXa;SOUTH AFRICA;SEK;15287.59035779401
215;CFIXa;URUGUAY;WST;387.0610591845634
216;CFIXa;GUATEMALA;MZN;76754.94040387783
217;CFIXa;POLAND;DZD;507761.4231771066
218;CFIXa;CYPRUS;PLN;8409.106930209991
219;CFIXa;PAKISTAN;BND;1874.2946628128518
220;CFIXa;AZERBAIJAN;WST;13702.240961602272
221;CFIXa;LATVIA;XOF;2189462.4669009903
222;CFIXa;GUYANA;MWK;279781.95190053654
223;CFIXa;CHILE;SEK;48973.68129943349
224;LNXXY;BAHAMAS;DKK;35306.84734253701
225;LNXXY;JAMAICA;BND;7814.207561593573
226;LNXXY;NETHERLANDS ANTILLES;AUD;16737.885889832753
227;LNXXY;BAHAMAS;LRD;2441514.470155664
228;LNXXY;BAHRAIN;LVL;4994.823875946702
229;LNXXY;FIJI;TTD;42279.920469939774
230;ALMXa;BHUTAN;KWD;2266.3230406990133
231;ALMXa;SINGAPORE;PEN;20078.007475727885
232;ALMXa;LAO PEOPLE'S DEMOCRATIC REP;EUR;2259.7916502757735
233;ALMXa;PARAGUAY;INR;357899.8139161996
234;ALMXa;TUNISIA;MMK;2037230.5376238592
235;ALMXa;COSTA RICA;RON;53775.44436247351
236;ALMXa;MACAU;HNL;271965.63167111546
237;ALMXa;CZECH REPUBLIC;SVC;70218.20142605502
238;ALMXa;JORDAN;GHS;151925.5232943222
239;ALMXa;CROATIA;CZK;175973.3293255769
240;ALMXa;SINGAPORE;AZN;7499.886567145743
241;ALMXa;UGANDA;DZD;1367012.1368155926
242;ALMXa;MAURITANIA;BDT;946678.0818790426
243;ALMXa;BRUNEI DARUSSALAM;MRO;3295235.0849164696
244;ALMXa;CHINA;KRW;1341965.1136869641
245;ALMXa;HONDURAS;AZN;4849.293744934235
246;ALMXa;INDONESIA;ZWL;300988.8265656778
247;ALMXa;FRENCH POLYNESIA;MUR;166691.49625726065
248;ALMXa;SERBIA;GTQ;64038.32046983286
249;KK111;URUGUAY;KHR;1691486.6414829409
250;KK111;SOUTH AFRICA;SVC;4721.222410063502
251;KK111;LIBYAN ARAB JAMAHIRIYA;SAR;2129.79229955762
252;KK111;HUNGARY;PLN;1316.8803656673729
253;KK111;KENYA;BWP;320.94400808375593
254;KK111;KAZAKHSTAN;KES;48992.08083955499
255;KK111;MADAGASCAR;OMR;499.8782340429039
256;KK111;FIJI;PKR;341621.45718336175
257;AAGV3;UGANDA;VND;151337432.3445493
258;AAGV3;PANAMA;MGA;35741969.11468392
259;AAGV3;RUSSIAN FEDERATION;SYP;3211464.1389491996
260;AAGV3;INDONESIA;RSD;504062.2758313601
261;AAGV3;KOREA, REPUBLIC OF;RSD;153147.126132727
262;AAGV3;JAMAICA;BGN;6356.587513619072
263;AAGV3;UNITED KINGDOM;MYR;21565.18122356558
264;AAGV3;ALBANIA;TZS;19277644.865933873
265;AAGV3;JORDAN;SGD;9433.716020740341
266;AAGV3;TAIWAN, PROVINCE OF CHINA;KZT;632865.4830183615
267;AAGV3;SOMALIA;TRY;56266.080272257925
268;AAGV3;SAO TOME AND PRINCIPE;PHP;415388.26640462346
269;AAGV3;VENEZUELA;MZN;70148.36200361073
270;AAGV3;INDONESIA;MWK;3440027.315134865
271;AAGV3;TONGA;BDT;623543.9246423749
272;AAGV3;BOTSWANA;MRO;1465533.6715672477
273;AAGV3;QATAR;AZN;14476.908032859606
274;AAGV3;QATAR;BYR;165873930.3860526
275;AAGV3;NICARAGUA;CLP;6094143.714846465
276;AAGV3;TUNISIA;ANG;798.0950410963826
277;ANWWZ;GHANA;VND;31299488.320739187
278;ANWWZ;NORWAY;CHF;4362.664694978434
279;ANWWZ;SEYCHELLES;PKR;1043949.8319443958
280;ANWWZ;BAHRAIN;TOP;8363.82888006047
281;ANWWZ;ARGENTINA;MAD;86365.1044344413
282;ANWWZ;COSTA RICA;SOS;546564.804946784
283;ANWWZ;CHINA;MVR;47090.44104294899
284;ANWWZ;CANADA;ETB;306990.1448520057
285;ANWWZ;PERU;ALL;775015.5330991716
286;ANWWZ;GAMBIA;DJF;276009.854991602
287;ANWWZ;NETHERLANDS ANTILLES;BWP;66624.31246660669
288;ANWWZ;LAO PEOPLE'S DEMOCRATIC REP;XAF;5114875.878983851
289;ANWWZ;GAMBIA;KHR;31780714.682879668
290;ANWWZ;GAMBIA;DJF;321690.1533996694
291;ANWWZ;ZAMBIA;WST;22406.918609933025
292;ANWWZ;JORDAN;THB;106543.6903210215
293;ANWWZ;CHILE;DZD;478530.20474263566
294;ANWWZ;BRUNEI DARUSSALAM;PKR;69234.88758190113
295;IMXWb;SOUTH AFRICA;CLP;22688115.399462506
296;IMXWb;CHINA;STD;676225879.1015188
297;IMXWb;UNITED KINGDOM;KRW;65543693.65973134
298;IMXWb;ANGOLA;COP;302046737.19256455
299;LXW33;ZAMBIA;AZN;2219.6721830854167
300;LXW33;PHILIPPINES;GYD;307455.4034980706
301;LXW33;LATVIA;ALL;117464.68663942328
302;LXW33;MALDIVES;HKD;5847.062080837887
303;LXW33;FRENCH POLYNESIA;RSD;38397.957104381014
304;LXW33;COSTA RICA;BTN;-632.1044525902234
305;LXW33;HONG KONG;BOB;4324.788314207288
306;LXW33;FRENCH POLYNESIA;HTG;182983.80034199063
307;LXW33;HAITI;TTD;5390.523797769302
308;LXW33;KOREA, REPUBLIC OF;CRC;746423.2831932332
309;LXW33;POLAND;AWG;-5.184030882705383
310;LXW33;ICELAND;KRW;1730157.265707997
311;LXW33;QATAR;BBD;1019.7513302123215
312;LXW33;TONGA;MAD;13831.694444181008
313;LXW33;PERU;AWG;622.3717076403519
314;LXW33;SAUDI ARABIA;MAD;2218.274256314421
315;LXW33;TONGA;BWP;5759.112542800847
316;AFHIa;SURINAME;MZN;21068.541338334035
317;AFHIa;SEYCHELLES;MXN;60153.69291111641
318;EIYZc;TONGA;SRD;4080.404811717533
319;EIYZc;GAMBIA;HRK;3076.61729736238
320;EIYZc;BURUNDI;WST;304.32232219094175
321;EIYZc;BAHAMAS;RON;2770.5656760067354
322;EIYZc;SERBIA;BWP;10065.241726259634
323;EIYZc;SEYCHELLES;EUR;733.241532315557
324;EIYZc;LEBANON;HRK;3648.9828318578016
325;EIYZc;SWAZILAND;BWP;3286.037116633102
326;EIYZc;CANADA;AOA;66085.99771062708
327;EIYZc;PHILIPPINES;LRD;57732.53811942409
328;EIYZc;GAMBIA;ZAR;6910.118674070938
329;EIYZc;KAZAKHSTAN;SEK;888.3582462605337
330;EIYZc;OMAN;LRD;34799.25716684654
331;EIYZc;BAHAMAS;VUV;94062.3341653632
332;EIYZc;ROMANIA;BMD;490.15332261907747
333;EIYZc;ETHIOPIA;PEN;735.064279627528
334;EIYZc;SOLOMON ISLANDS;XCD;1602.5925791476047
335;EIYZc;MYANMAR;GBP;408.36280302090205
336;EIYZc;ALBANIA;SDG;385712.3394211338
337;EIYZc;LEBANON;NZD;857.8545074369348
338;GJJN1;ALGERIA;VUV;167358.07907473927
339;GJJN1;BANGLADESH;BOB;13646.367745966734
340;GJJN1;CYPRUS;THB;25868.423887296125
341;GJJN1;EURO;SEK;95381.62547078912
342;GJJN1;LAO PEOPLE'S DEMOCRATIC REP;TZS;13472679.606056262
343;GJJN1;NIGERIA;TWD;29302.217225604505
344;GJJN1;MALAYSIA;IQD;18114394.75812762
345;GJJN1;CHILE;VES;286629.50789061276
346;GJJN1;DJIBOUTI;YER;2197441.346752784
347;GJJN1;BRAZIL;XOF;11912175.337415082
348;GJJN1;BARBADOS;MGA;31415574.205253847
349;GJJN1;MADAGASCAR;ZAR;170126.17957809678
350;GJJN1;NEW ZEALAND;DZD;2902836.7801507274
351;GJJN1;SOLOMON ISLANDS;SBD;149631.8038827393
352;GJJN1;UNITED ARAB EMIRATES;JPY;1659590.6867256886
353;GJJN1;BARBADOS;MOP;149023.31524008507
354;GJJN1;MACAU;WST;54369.77330884421
355;GJJN1;SWEDEN;CYP;11857.815682758783
356;GJJN1;UNITED KINGDOM;LYD;28715.595864354473
357;GJJN1;KENYA;YER;4611120.272840285
358;EFII1;PARAGUAY;MAD;60322.030656316885
359;EFII1;HAITI;BWP;319909.2585183011
360;EFII1;INDONESIA;BDT;508361.2172957128
361;EFII1;TURKEY;TOP;47378.96253082001
362;EFII1;CHINA;BGN;40208.133542855816
363;EFII1;SOLOMON ISLANDS;THB;476604.2166500236
364;EFII1;UNITED ARAB EMIRATES;GHS;57233.50690248849
365;CGHIY;URUGUAY;COP;7179634.52823491
366;CGHIY;SIERRA LEONE;PES;495895.1209959774
367;CGHIY;MACAU;AUD;4660.9587206422475
368;CGHIY;COLOMBIA;UYU;96698.81641495987
369;CGHIY;MADAGASCAR;NAD;47540.30348684704
370;CGHIY;GUINEA;RON;3717.858719861501
371;CGHIY;TANZANIA, UNITED REPUBLIC OF;SVC;16830.359464113393
372;CGHIY;BELIZE;ETB;82204.9575451946
373;CGHIY;TOGO;ZWL;652502.563615187
374;CGHIY;MAURITIUS;IRR;117348087.15099353
375;CGHIY;JAMAICA;MOP;21321.131927811773
376;CGHIY;DOMINICAN REPUBLIC;CZK;36169.52129867798
377;CGHIY;PARAGUAY;BDT;90847.47881539588
378;CGHIY;ZIMBABWE;BRL;11759.799341019281
379;CGHIY;UKRAINE;BMD;2348.7096425010895
380;CGHIY;BOTSWANA;LAK;48470674.87544427
381;CGHIY;LIBYAN ARAB JAMAHIRIYA;EGP;33517.59618650092
382;AGJZc;LIBERIA;YER;949738.6867055187
383;AGJZc;BOTSWANA;BMD;645.3126236562059
384;AGJZc;LATVIA;PKR;425678.0030381823
385;AGJZc;TOGO;KZT;2521283.3740266557
386;AGJZc;EL SALVADOR;BDT;175956.58615719245
387;AGJZc;SWITZERLAND;LAK;16013465.561421603
388;AGJZc;TOGO;SBD;47986.760422454776
389;AGJZc;SAO TOME AND PRINCIPE;ZAR;18762.995386153092
390;AGJZc;IRAN (ISLAMIC REPUBLIC OF);CAD;5159.594175629574
391;AGJZc;SINGAPORE;MMK;9153805.807301482
392;AGJZc;PERU;BYR;37339925.61653076
393;AGJZc;CHINA;HKD;6863.789937266305
394;AGJZc;KOREA, REPUBLIC OF;ARS;948091.287812394
395;AGJZc;SEYCHELLES;JOD;1366.0925187789273
396;AGJZc;SYRIAN ARAB REPUBLIC;MZN;294399.6068325145
397;AGJZc;KOREA, REPUBLIC OF;FJD;11361.392986445037
398;AGJZc;URUGUAY;BND;5125.155498166868
399;EENN1;YEMEN;DZD;1345146.4614082086
400;EENN1;BELIZE;KES;2347651.820604925
401;EENN1;UKRAINE;SCR;125134.12260355239
402;EENN1;CHILE;CVE;861321.7509310985
403;EENN1;NETHERLANDS ANTILLES;BWP;294336.51712880156
404;EENN1;PANAMA;XAF;10206424.641169116
405;EENN1;UGANDA;TZS;24474251.04752164
406;EENN1;UKRAINE;KRW;43012326.36217744
407;EENN1;GAMBIA;MOP;226713.733969269
408;EENN1;NIGERIA;CAD;21467.145795689845
409;CCDVV;BELIZE;STD;4302909.660448534
410;CCDVV;SAO TOME AND PRINCIPE;HUF;777309.3091616515
411;CCDVV;BAHAMAS;WST;109.51188481026928
412;CCDVV;BRUNEI DARUSSALAM;GTQ;19177.033169288195
413;CCDVV;MOROCCO;MYR;34159.00913801917
414;CCDVV;ETHIOPIA;OMR;1492.7631810913865
415;CCDVV;BERMUDA;GBP;8535.492418579384
416;CCDVV;HONDURAS;BDT;979652.6058329007
417;CCDVV;MAURITIUS;BMD;6351.397287302791
418;CCDVV;MEXICO;ZMW;6889.166503651595
419;CCDVV;GUATEMALA;WST;21693.30881832516
420;CCDVV;SYRIAN ARAB REPUBLIC;LBP;9476087.469197558
421;CCDVV;EL SALVADOR;AUD;17392.63933205344
422;CCDVV;BARBADOS;XPF;743790.0406437439
423;CCDVV;SINGAPORE;ILS;26700.890106187097
424;CCDVV;DOMINICA;KHR;10155879.179954967
425;CCDVV;PANAMA;SEK;94066.15302550198
426;CJMNY;KENYA;LRD;189658.45229630757
427;CEGGM;DJIBOUTI;ISK;1066710.8457780352
428;CEGGM;CHILE;ZAR;142561.90839604885
429;CEGGM;SOMALIA;NAD;65242.65819121555
430;CEGGM;TANZANIA, UNITED REPUBLIC OF;BTN;295603.6584043406
431;CEGGM;ZAMBIA;PES;392866.6913361624
432;CEGGM;PERU;HUF;3550049.9251548387
433;CEGGM;SINGAPORE;HUF;2038797.1294951444
434;CEGGM;SERBIA;INR;363597.07338543184
435;CEGGM;PAKISTAN;XPF;143065.73500071347
436;CEGGM;UNITED ARAB EMIRATES;ZWL;4938941.985162438
437;CEGGM;COLOMBIA;NAD;46982.46358238981
438;CEGGM;MAURITIUS;HKD;24571.46357014923
439;CEGGM;MALAWI;OMR;1030.5844083603722
440;CEGGM;MAURITANIA;MWK;5296838.914145197
441;CEGGM;BRAZIL;CAD;2084.13115641211
442;CEGGM;SURINAME;ISK;84918.9698924252
443;CEGGM;CAMBODIA;PHP;253114.25514837343
444;CEGGM;ZAMBIA;MRO;1226314.027658162
445;CEGGM;THAILAND;TRY;56014.38856267936
446;CEGGM;SWAZILAND;AZN;2026.005904832351
447;AKMW3;HONDURAS;WST;37699.07969129824
448;ALXbb;SINGAPORE;UGX;7140638.324886897
449;ALXbb;INDONESIA;DZD;259221.99721222167
450;ALXbb;PAPUA NEW GUINEA;CYP;1888.3248263473138
451;AGHLa;URUGUAY;SBD;37880.49334403955
452;AGHLa;URUGUAY;VUV;23533.253589455737
453;AGHLa;SYRIAN ARAB REPUBLIC;ARS;1246358.939619626
454;AGHLa;TOGO;PKR;1060710.1867675604
455;AGHLa;TUNISIA;PES;812095.0332852469
456;AGHLa;ANGOLA;THB;102925.11300949
457;AGHLa;UNITED ARAB EMIRATES;CRC;-4168.302532474733
458;AGHLa;BELIZE;AOA;581343.1317041041
459;AGHLa;BULGARIA;NAD;45045.31094809716
460;AGHLa;TAIWAN, PROVINCE OF CHINA;SYP;1417485.058763227
461;AGHLa;MADAGASCAR;ZMW;2414.1220786598474
462;AGHLa;KOREA, REPUBLIC OF;LBP;4679395.6817696495
463;AGHLa;ICELAND;CLP;2082414.4570159465
464;AGHLa;PERU;KWD;636.1377291521229
465;AGHLa;EGYPT;TND;3985.118996728077
466;AGHLa;UNITED KINGDOM;MMK;9705561.435379846
467;AZbb3;LIBYAN ARAB JAMAHIRIYA;BMD;11834.165949250792
468;AZbb3;PERU;LYD;47810.197394254574
469;AZbb3;NIGERIA;GYD;276923.8878264179
470;AZbb3;PAPUA NEW GUINEA;ZAR;190493.61485878605
471;AZbb3;MALAWI;MZN;98577.13139049936
472;AZbb3;SYRIAN ARAB REPUBLIC;QAR;2867.849037512265
473;AZbb3;RUSSIAN FEDERATION;QAR;3125.7712207574796
474;AZbb3;MACAU;SAR;19007.619902484923
475;AZbb3;LAO PEOPLE'S DEMOCRATIC REP;YER;1223628.3494501302
476;AZbb3;INDIA;CYP;9059.430013907273
477;AZbb3;HAITI;QAR;24754.388587177604
478;AZbb3;MADAGASCAR;COP;11095577.330000918
479;AZbb3;SAUDI ARABIA;LYD;1833.7932609079414
480;AZbb3;MAURITANIA;ZMW;149755.47514372694
481;AZbb3;CYPRUS;SAR;54782.226367956544
482;AZbb3;EURO;EGP;409068.391905714
483;AFJMb;SERBIA;NZD;3391.9645018633314
484;AFJMb;EGYPT;ISK;300217.2015575476
485;AFJMb;GUYANA;LRD;213969.68702065854
486;AFJMb;INDIA;WST;3323.314424056365
487;AFJMb;ANGOLA;SEK;2330.044490011695
488;AFJMb;CYPRUS;HNL;51145.074340627754
489;AFJMb;MAURITANIA;KHR;15854718.07141606
490;AFJMb;SWITZERLAND;XAF;2451529.654711422
491;AFJMb;SRI LANKA;VES;84525.8189397531
492;AFJMb;NIGERIA;TRY;8914.576503424641
493;AFFLc;PAKISTAN;PHP;161815.20474288394
494;AFFLc;PARAGUAY;MZN;626318.011957527
495;AFFLc;BAHAMAS;LAK;213000345.9869081
496;AFFLc;VANUATU;BHD;427.9738807054556
497;GKV33;SURINAME;VES;72689.09224614613
498;GKV33;SYRIAN ARAB REPUBLIC;BBD;10660.141086014435
499;BG112;TRINIDAD AND TOBAGO;BZD;437.4677256593102
500;BG112;UKRAINE;ZMW;13612.187202551211
501;BG112;BARBADOS;SAR;1848.24342994318
502;BG112;BOTSWANA;NPR;109089.80203094988
503;BG112;RWANDA;MMK;1293684.6093958302
504;BG112;SOMALIA;NAD;12243.240008802602
505;BG112;EURO;DJF;50290.53950279879
506;BG112;ZIMBABWE;TZS;1473681.8969833106
507;BG112;BOTSWANA;VES;19596.520091211998
508;BG112;ALGERIA;XOF;97734.06441266228
509;BG112;PANAMA;IRR;18075375.500560258
510;BG112;CZECH REPUBLIC;CVE;83346.25812793428
511;BG112;FRENCH POLYNESIA;BGN;1415.0717488429987
512;BG112;NETHERLANDS ANTILLES;MOP;5913.806940689623
513;BG112;TONGA;OMR;182.54294607353503
514;Xaab3;PAPUA NEW GUINEA;NIO;788305.7312801562
515;Xaab3;BERMUDA;CZK;1019871.3479537553
516;Xaab3;CYPRUS;SLL;627626293.4083008
517;Xaab3;UKRAINE;MVR;-6374.057148969986
518;Xaab3;VIET NAM;RWF;20752896.842822723
519;Xaab3;SAMOA;TND;53855.66933116698
520;Xaab3;CHINA;ETB;153886.06807410813
521;Xaab3;POLAND;VND;-9065327.776159773
522;Xaab3;MOZAMBIQUE;BGN;18005.87592759543
523;Xaab3;ROMANIA;BND;20547.84392980371
524;Xaab3;ALBANIA;BTN;3339800.293962805
525;GHMNc;ETHIOPIA;MAD;407071.1270705826
526;GHMNc;PHILIPPINES;EUR;34957.78414754432
527;GHMNc;SURINAME;MXN;931310.1860097956
528;GHMNc;TAIWAN, PROVINCE OF CHINA;KZT;19548544.90414314
529;GHMNc;MALAWI;BND;29802.823165012844
530;GHMNc;SWAZILAND;HKD;268985.97157831566
531;GHMNc;SINGAPORE;BTN;2561945.105898509
532;CFXYY;EGYPT;KHR;21583443.228455298
533;CFXYY;SWAZILAND;UYU;162976.4406936222
534;CFXYY;CYPRUS;RUB;313375.5922831823
535;CFXYY;EL SALVADOR;ANG;7782.131532605987
536;CFXYY;SAMOA;PES;1163944.7638279747
537;CFXYY;HONDURAS;SYP;373544.60766688833
538;CFXYY;LAO PEOPLE'S DEMOCRATIC REP;NOK;-223.08728502427223
539;CFXYY;MAURITIUS;SBD;19258.745677982548
540;CFXYY;SAO TOME AND PRINCIPE;SBD;24061.87222612285
541;CFXYY;CAYMAN ISLANDS;DOP;26175.70525591973
542;CFXYY;TANZANIA, UNITED REPUBLIC OF;CLP;5192540.510222915
543;CFXYY;HONDURAS;PHP;284112.86670048296
544;CFXYY;CYPRUS;RWF;1784782.4421802086
545;AHHKV;DJIBOUTI;GMD;1467.4036643595853
546;AHHKV;GAMBIA;CYP;33.42133755634548
547;AHHKV;SRI LANKA;MVR;5436.055470730874
548;AHHKV;HAITI;BTN;5895.638061696558
549;AHHKV;ANGOLA;PKR;25387.704150310317
550;AHHKV;MAURITANIA;GTQ;3174.1785406753197
551;AHHKV;BOTSWANA;SOS;191743.4459469504
552;JLLW3;BELIZE;SRD;257706.10054064685
553;JLLW3;SYRIAN ARAB REPUBLIC;LAK;109611054.07714178
554;JLLW3;TAIWAN, PROVINCE OF CHINA;PGK;17496.87246376217
555;JLLW3;DENMARK;UYU;402059.5615961866
556;JLLW3;PAKISTAN;KRW;3102995.3682849593
557;JLLW3;OMAN;HNL;172856.24212237305
558;JLLW3;TAIWAN, PROVINCE OF CHINA;MOP;8958.604371510628
559;JLLW3;POLAND;BZD;17558.132842650677
560;JLLW3;COLOMBIA;CVE;99508.16576540418
561;JLLW3;BRAZIL;GYD;548480.1836658374
562;JLLW3;TURKEY;DOP;531082.9515138709
563;JLLW3;CAMBODIA;DJF;1513160.5187914618
564;JLLW3;KOREA, REPUBLIC OF;TND;1435.5473024964006
565;JLLW3;DENMARK;PYG;63074020.31852851
566;JLLW3;BRUNEI DARUSSALAM;CAD;11044.885990716259
567;JLLW3;OMAN;PES;1447426.4019089653
568;JLLW3;BOLIVIA;MVR;142746.72485038024
569;JLLW3;JORDAN;TTD;25889.921556500056
570;JLLW3;BURUNDI;XOF;1186886.954502815
571;GHKXW;MALDIVES;BOB;619.3504227138964
572;GHKXW;NICARAGUA;LRD;2449162.7930840133
573;GHKXW;ISRAEL;MWK;112629675.04597937
574;GHKXW;TURKEY;INR;6523836.844910762
575;GHKXW;PARAGUAY;UAH;4076424.211931835
576;GHKXW;PARAGUAY;ALL;10711925.506286494
577;GHKXW;HONDURAS;CVE;1993485.4562656775
578;EGLLV;ZAMBIA;KES;100929.84498005756
579;EGLLV;NEW ZEALAND;INR;28262.085918144952
580;EGLLV;TURKEY;SVC;72243.72261080702
581;EGLLV;NIGERIA;LYD;36333.843949776776
582;EGLLV;BHUTAN;CHF;8207.401345064214
583;EGLLV;BULGARIA;KES;1023242.704699136
584;EGLLV;UNITED KINGDOM;NPR;966923.4198124479
585;EGLLV;TONGA;PES;702716.2783111564
586;EGLLV;HONDURAS;CYP;126.89835390881395
587;EGLLV;TANZANIA, UNITED REPUBLIC OF;THB;100536.01200806256
588;EGLLV;IRAN (ISLAMIC REPUBLIC OF);CNY;-629.9118462177014
589;EGLLV;PERU;IRR;366365873.50108474
590;EGLLV;TURKEY;SDG;3744828.299279059
591;EGLLV;SEYCHELLES;PKR;575319.727799466
592;IMWb1;KOREA, REPUBLIC OF;HKD;20040.20096327521
593;IMWb1;UKRAINE;BYR;83579919.19528013
594;IMWb1;PAPUA NEW GUINEA;MAD;8036.218079193139
595;IMWb1;MYANMAR;AWG;4020.266579715886
596;IMWb1;BARBADOS;PKR;341933.07129169506
597;IMWb1;KUWAIT;KHR;7140802.116803215
598;IMWb1;KAZAKHSTAN;LRD;438444.85708819365
599;IMWb1;EL SALVADOR;IQD;3015766.790762506
600;IMWb1;SAO TOME AND PRINCIPE;ZAR;5591.50497913964
601;IMWb1;HUNGARY;MYR;3112.0591307064706
602;IMWb1;DENMARK;SYP;670874.3639649006
603;IMWb1;ICELAND;AED;4057.441301557947
604;IMWb1;TONGA;EGP;72164.28109904093
605;IMWb1;COSTA RICA;ETB;64864.99174319943
606;IMWb1;NIGERIA;PHP;218131.86605866413
607;DLL11;MAURITANIA;SDG;535849.667277283
608;DLL11;BULGARIA;NGN;1899277.885961285
609;DLL11;COLOMBIA;PES;1151923.0188678969
610;DLL11;SOLOMON ISLANDS;MAD;54972.586804004764
611;DLL11;KUWAIT;TZS;15175277.985368693
612;DLL11;TURKEY;SZL;119663.36201264117
613;DLL11;TANZANIA, UNITED REPUBLIC OF;CHF;7421.830994063766
614;DLL11;GUATEMALA;BHD;2184.784965641677
615;DLL11;TURKEY;EUR;7768.808072122199
616;DLL11;BAHAMAS;BMD;8106.9879860974015
617;DLL11;LIBERIA;MRO;3230661.586894743
618;DLL11;LIBERIA;LYD;31885.60691475119
619;DLL11;QATAR;NPR;113330.33093948397
620;DLL11;ETHIOPIA;INR;282225.056719557
621;DLL11;BHUTAN;WST;22535.358094765073
622;DLL11;GUATEMALA;BWP;101382.62138462153
623;DLL11;KOREA, REPUBLIC OF;MOP;34939.60635854307
624;DLL11;DJIBOUTI;PHP;141325.68390670998
625;DLL11;BAHRAIN;BGN;5297.8333864312735
626;DHKa1;MALDIVES;SDG;2818315.219262788
627;DHKa1;LIBERIA;GNF;47893691.85387417
628;DHKa1;COLOMBIA;SCR;12855.107275222195
629;DHKa1;KOREA, REPUBLIC OF;SVC;14667.83119530268
630;DHKa1;LATVIA;AED;23439.52518146765
631;DHKa1;CZECH REPUBLIC;PES;1161364.2770638226
632;DHKa1;TRINIDAD AND TOBAGO;IQD;9397136.548266323
633;DHKa1;KENYA;GMD;397130.79597120214
634;DHKa1;CYPRUS;ISK;951322.9890459604
635;DHKa1;SERBIA;GMD;182669.2032538345
636;DHKa1;POLAND;JPY;692797.6378880993
637;DHKa1;SAUDI ARABIA;RWF;2786471.189635865
638;DHKa1;MALAYSIA;VES;74385.2038058934
639;DHKa1;MOZAMBIQUE;AOA;2658309.6084381966
640;DHKa1;BARBADOS;ZAR;72334.73455408632
641;DHKa1;BRAZIL;MVR;70470.99290714189
642;DHKa1;BOLIVIA;JMD;883103.5332007796
643;DHKa1;FIJI;JOD;5101.146317636793
644;DHKa1;KUWAIT;BDT;727044.8328189882
645;DHKa1;MYANMAR;PLN;26002.41485081387
646;FGGVa;IRAN (ISLAMIC REPUBLIC OF);SYP;1971326.005944942
647;FGGVa;ZAMBIA;DOP;501815.29689158424
648;FGGVa;NIGERIA;AZN;38198.42803604423
649;aa122;FIJI;GBP;21805.39319553544
650;BJJJL;CHILE;HNL;158369.96632184822
651;BJJJL;BANGLADESH;KES;1198230.356672364
652;BJJJL;SAMOA;CLP;17618425.204368643
653;BJJJL;SUDAN;EUR;2560.6784332757147
654;BJJJL;MAURITIUS;UYU;299315.430062657
655;BJJJL;SYRIAN ARAB REPUBLIC;TRY;326022.60161236685
656;EFYYb;MAURITIUS;HTG;5937.829089884847
657;EFYYb;URUGUAY;MXN;14470.930316454976
658;EFYYb;THAILAND;BGN;1858.591367433236
659;EFYYb;SERBIA;FJD;3823.5770724673303
660;EFYYb;ISRAEL;PLN;108.86823067357645
661;EFYYb;PAKISTAN;SBD;4106.548798424842
662;EFYYb;SINGAPORE;HUF;118453.47371540256
663;EFYYb;CZECH REPUBLIC;WST;3579.4136080130256
664;EFYYb;BELIZE;BTN;61505.741618128326
665;EFYYb;PHILIPPINES;ZAR;11806.256960710543
666;EFYYb;UNITED KINGDOM;NZD;1371.7224328873228
667;EFYYb;PERU;AUD;995.3053211318648
668;EGNc3;UGANDA;MAD;54082.66887199013
669;EGNc3;GUINEA;QAR;16675.39397210099
670;EGNc3;UNITED ARAB EMIRATES;BDT;481065.3564251006
671;EGNc3;MALAWI;SAR;10288.0328653063
672;BGIMa;KENYA;QAR;18499.117283291576
673;BGIMa;TRINIDAD AND TOBAGO;TOP;8592.955003119307
674;BGIMa;TONGA;DZD;484367.46369401086
675;BGIMa;CHILE;SCR;72517.54936429317
676;BGIMa;LAO PEOPLE'S DEMOCRATIC REP;NIO;77924.99744696148
677;BGIMa;QATAR;CZK;84859.80936989708
678;BGIMa;ETHIOPIA;ANG;10455.288527329021
679;BGIMa;BULGARIA;RWF;6232033.117051197
680;BGIMa;MAURITANIA;SVC;35574.10597494546
681;BGIMa;BRUNEI DARUSSALAM;SYP;1368213.2297551744
682;BGIMa;HAITI;TND;12262.337491435665
683;BGIMa;ZAMBIA;MWK;3839325.0416636067
684;BGIMa;EURO;BDT;243575.5132243982
685;BGIMa;NEW ZEALAND;MWK;2752512.213721866
686;BGIMa;PAKISTAN;NAD;7265.761143048621
687;BGIMa;PERU;LAK;27898172.990286976
688;BGIMa;MYANMAR;ZMW;43432.07950910153
689;BGIMa;SERBIA;AUD;6853.858740305727
690;BGIMa;BELARUS;ZMW;23536.667214177753
691;DJWZ2;IRAN (ISLAMIC REPUBLIC OF);GTQ;22973.425202791463
692;DJWZ2;INDONESIA;SOS;1040831.3888401918
693;DJWZ2;SERBIA;TRY;24899.637875729022
694;DJWZ2;ZAMBIA;DOP;211887.6059379474
695;DJWZ2;MOZAMBIQUE;MMK;6445090.258448879
696;DJWZ2;BULGARIA;CZK;84017.54580982399
697;DJWZ2;TANZANIA, UNITED REPUBLIC OF;MWK;2632979.915906071
698;DJWZ2;CAMBODIA;PYG;6400028.309088337
699;DJWZ2;EURO;DOP;102642.50939406038
700;DJWZ2;SERBIA;NIO;37116.567951834055
701;DJWZ2;SOUTH AFRICA;RWF;3983057.0506618875
702;DJWZ2;RWANDA;BTN;256618.223045654
703;DJWZ2;SAMOA;CRC;347203.8643338127
704;DJWZ2;POLAND;NOK;44258.106645464046
705;DJWZ2;PANAMA;STD;76877464.5890252
706;DJWZ2;ANGOLA;LKR;840639.6739163569
707;DJWZ2;UNITED ARAB EMIRATES;PAB;2980.926223165283
708;JWcc1;QATAR;CYP;810.6262570535355
709;JWcc1;BHUTAN;EGP;28966.62479375647
710;JWcc1;MYANMAR;NOK;25082.752341902138
711;JWcc1;DOMINICAN REPUBLIC;JOD;853.0427574530919
712;DEGLY;BAHAMAS;THB;379869.7245895484
713;DEGLY;GUYANA;MVR;76996.96097330899
714;FIJYb;ZAMBIA;LRD;693405.7698313622
715;FIJYb;BELIZE;AWG;24368.668673437674
716;FIJYb;KOREA, REPUBLIC OF;STD;230159609.3961861
717;EIIaa;BELIZE;NOK;695.9784708897935
718;BHMZ2;MADAGASCAR;MAD;17492.368362106663
719;BHMZ2;CYPRUS;BSD;1493.5170736178152
720;BHMZ2;ETHIOPIA;DJF;191005.12824240047
721;BHMZ2;NIGERIA;RWF;526012.9027294677
722;BHMZ2;ARUBA;LAK;19997854.858680446
723;BHMZ2;SOMALIA;OMR;178.19593597018238
724;BHMZ2;BELIZE;TRY;13088.980280945078
725;BHMZ2;PERU;SYP;613318.9375540167
726;BHMZ2;PERU;CYP;329.38058783318803
