Client;Country;Currency;Transaction
KMM11;AZERBAIJAN;MWK;26049.50775373524
KMM11;QATAR;SDG;136606.01723241064
KMM11;CROATIA;AZN;2105.2168451108228
KMM11;YEMEN;PHP;78045.95625129942
EEGKZ;TRINIDAD AND TOBAGO;PEN;28514.90096573997
EEGKZ;NEPAL;BZD;22237.0777228751
EEGKZ;BAHRAIN;RON;42486.53815351838
EEGKZ;NIGERIA;SAR;29958.325016913783
EEGKZ;HONDURAS;JMD;500931.7734674172
EEGKZ;PERU;HRK;52664.010778340285
EEGKZ;UNITED ARAB EMIRATES;ILS;32221.398758097705
EEGKZ;BAHAMAS;CZK;86998.10406584818
EEGKZ;UNITED ARAB EMIRATES;SZL;30442.435949117644
EEGKZ;ETHIOPIA;LYD;50731.086490218506
EEGKZ;DOMINICAN REPUBLIC;MOP;90509.09233872448
EEGKZ;SWEDEN;GHS;151820.14937920397
EEGKZ;HONG KONG;CLP;1900070.8865188751
FHMNV;BARBADOS;CLP;769517.2288749946
FHMNV;NETHERLANDS ANTILLES;EUR;3184.002365373953
FHMNV;ZAMBIA;ANG;9287.391268468877
FHMNV;NEW ZEALAND;BOB;55906.99168245231
CINW1;NORWAY;RON;2885.024981591024
CINW1;LATVIA;ZWL;123323.61842389168
AACEX;SRI LANKA;GNF;85893091.61847919
AACEX;LIBERIA;JOD;9579.253474680456
AACEX;HONG KONG;MWK;8343702.87160083
AACEX;EGYPT;SVC;59294.639509286106
AACEX;JAMAICA;SAR;57960.59963545731
AACEX;CYPRUS;PES;2929645.8550984464
AACEX;MAURITIUS;UAH;472280.3833543973
AACEX;COLOMBIA;AOA;5639778.1045872625
AACEX;SWEDEN;BIF;3840812.409138028
AACEX;VANUATU;EUR;-128.88387400785138
AACEX;BRUNEI DARUSSALAM;SBD;51285.642362975836
AACEX;KAZAKHSTAN;CHF;5943.2781349009865
AACEX;ALGERIA;DZD;845563.0507179463
AACEX;BANGLADESH;DJF;622311.9410219191
AACEX;LATVIA;CHF;10539.493229635116
AACEX;SURINAME;XCD;11975.208341450716
AACEX;BELARUS;RON;26117.96076738207
AACEX;JAMAICA;KRW;14875851.45783185
AACEX;LEBANON;IQD;756312.4897457504
BIM22;CHINA;DOP;286845.83992659894
BIM22;DOMINICA;LBP;8631277.693703877
BIM22;MAURITIUS;VES;152895.66139359606
BIM22;TRINIDAD AND TOBAGO;BIF;14258394.515526693
BIM22;KUWAIT;MAD;23611.68980390357
GGXb1;MOROCCO;BND;27435.618182847826
GGXb1;UNITED KINGDOM;IQD;22969864.47292744
GGXb1;CAMBODIA;PEN;43664.21823176801
GGXb1;PAPUA NEW GUINEA;NZD;29991.934973488675
GGXb1;DJIBOUTI;FJD;47113.69359288471
GGXb1;HUNGARY;GYD;3914734.8789296644
GGXb1;FRENCH POLYNESIA;CVE;1372377.7502699618
GGXb1;ISRAEL;BRL;200676.59150167127
GGXb1;COSTA RICA;STD;683936322.7177614
GGXb1;NEPAL;NGN;13445459.710577833
GGXb1;EL SALVADOR;CRC;20523370.091494475
GGXb1;CZECH REPUBLIC;KES;2153493.2342125294
GGXb1;SOMALIA;WST;83466.85076498105
GGXb1;LAO PEOPLE'S DEMOCRATIC REP;PHP;935210.9500786569
GGXb1;KENYA;YER;1059198.9916208633
GGXb1;DOMINICA;UYU;1002817.8622113161
GGXb1;UGANDA;AWG;43273.904983624394
LL333;CROATIA;GNF;23250102.20544055
LL333;BULGARIA;ETB;29330.877702360274
LL333;GHANA;ZAR;59607.93999785008
LL333;CHILE;BWP;58276.62336650139
LL333;TUNISIA;GYD;536756.4600814333
LL333;ALBANIA;RWF;701767.51427602
LL333;BRAZIL;MWK;6533294.597904154
LL333;FRENCH POLYNESIA;SGD;8019.930069044963
LL333;CAYMAN ISLANDS;PGK;1811.4492550133127
LL333;AZERBAIJAN;KES;234663.38345479695
LL333;VIET NAM;CZK;56963.90698340271
LL333;MALAYSIA;NIO;215613.41795945683
LL333;EURO;SDG;3582523.475642218
LL333;MAURITIUS;DKK;35072.404585809985
HHa23;LATVIA;BIF;13644424.657753276
HHa23;SYRIAN ARAB REPUBLIC;KES;1442854.242981573
HHa23;NEPAL;MAD;20416.47253313952
HHa23;SRI LANKA;TZS;25610887.4537341
HHa23;PERU;BMD;2485.165435821279
HHa23;MYANMAR;HTG;417062.9895216051
HHa23;ALGERIA;IQD;2422526.215362549
HHa23;MALAWI;JPY;141049.36632543404
HHa23;SOLOMON ISLANDS;MGA;35648504.62418029
HHa23;LIBERIA;OMR;1657.0439815809243
HHa23;MADAGASCAR;SBD;88923.64127131739
HHa23;BRUNEI DARUSSALAM;RUB;32090.69836982026
HHa23;MOZAMBIQUE;YER;1377082.3081136742
HHa23;LIBYAN ARAB JAMAHIRIYA;VES;172108.5563849671
HHa23;URUGUAY;KES;539895.0078846333
HHa23;HUNGARY;OMR;4691.296851599712
HHa23;ANGOLA;ZAR;155730.2729004301
HHa23;SAMOA;ZWL;4988427.857287468
HHa23;BHUTAN;DKK;13402.421639166962
HHa23;LEBANON;MRO;4344744.695367323
KKNNY;SAO TOME AND PRINCIPE;NAD;40458.136716241
KKNNY;SOMALIA;ALL;209982.83696841967
KKNNY;SOMALIA;NZD;387.323993601264
AHJK1;KENYA;NAD;751.5129120667517
AHJK1;ETHIOPIA;JMD;79316.83570289375
AHJK1;NORWAY;RSD;28647.637371209654
AHJK1;DJIBOUTI;JOD;46.50351821697672
AHJK1;UGANDA;CAD;590.2353939652307
AHJK1;TURKEY;NAD;10236.07642292025
AHJK1;NETHERLANDS ANTILLES;PGK;1939.7997248820209
AHJK1;TAIWAN, PROVINCE OF CHINA;XCD;443.608019577099
AHJK1;HONG KONG;AWG;-7.859700053582044
AHJK1;MAURITANIA;CAD;406.6161944534737
AHJK1;SWEDEN;SLL;13207053.25878546
AHJK1;SINGAPORE;BHD;273.0391434555324
AHJK1;GUYANA;AWG;229.07453065258215
AHJK1;PAPUA NEW GUINEA;MGA;1474841.9369863984
AHJK1;POLAND;NOK;984.9723505793648
AHJK1;JAPAN;ZMW;880.0018618918317
AHJK1;NIGERIA;MAD;7765.042911734693
DFKLZ;SIERRA LEONE;XCD;1929.0887193098092
DFKLZ;CAPE VERDE;BRL;4909.70915679382
DFKLZ;CZECH REPUBLIC;KWD;366.289878679381
DFKLZ;HUNGARY;CHF;1081.7419187367427
DFKLZ;TUNISIA;SBD;3144.802996536425
DFKLZ;GUYANA;DJF;75416.39097844456
DFKLZ;ZAMBIA;TWD;23365.685035122762
DFKLZ;CAPE VERDE;BYR;485220.55066533474
DFKLZ;NAMIBIA;NOK;10968.2034314561
DFKLZ;JORDAN;BDT;13770.021929062767
DFKLZ;RWANDA;MWK;641643.6458876785
DFKLZ;CZECH REPUBLIC;AWG;954.2426768781265
DFKLZ;THAILAND;YER;223352.77758022246
DFKLZ;SOMALIA;SAR;1781.1984350415012
DFKLZ;SOLOMON ISLANDS;MRO;438548.9991535245
DFKLZ;AZERBAIJAN;GYD;170189.90506926374
DFKLZ;EGYPT;RWF;1148695.2434653565
DFKLZ;GUINEA;LRD;62267.351689455725
CFLN3;CZECH REPUBLIC;KWD;746.9700950746379
CFLN3;CAMBODIA;KHR;21706158.557353612
CFLN3;BAHAMAS;EUR;5003.2518543541655
CFLN3;NIGERIA;DZD;696648.7968708742
CHHHb;JAMAICA;PGK;180486.33631598833
CHHHb;KUWAIT;KWD;14454.023064417122
CHHHb;PERU;PEN;165080.4023271392
CHHHb;MALAYSIA;AWG;46350.88030837955
CHHHb;UNITED ARAB EMIRATES;UGX;354249.435645356
CHHHb;MOZAMBIQUE;UGX;149257095.55191004
AHKc1;MALAWI;AED;5510.091056034249
AHKc1;SRI LANKA;NOK;29134.934847410517
AHKc1;BELIZE;INR;186281.48594778441
AHKc1;JORDAN;BZD;2924.7922720755637
AHKc1;UNITED ARAB EMIRATES;HTG;456935.7755710623
AHKc1;BURUNDI;BYR;86717508.29733199
AHKc1;KUWAIT;BND;3131.7696636572923
AHKc1;URUGUAY;NOK;30914.336595567114
AHKc1;BOTSWANA;PLN;9720.253881535034
AHKc1;YEMEN;DZD;241474.15541354343
AHKc1;INDONESIA;SLL;318805.4244342948
AHKc1;TAIWAN, PROVINCE OF CHINA;SCR;12976.470289111609
AHKc1;VANUATU;LKR;158756.99571135157
AHKc1;SWITZERLAND;QAR;1396.5902336054494
AHKc1;SAUDI ARABIA;XCD;1126.4694300665412
AHKc1;JAPAN;BZD;2430.6131547819305
AHKc1;NEPAL;KWD;766.6176906359551
AHKc1;SRI LANKA;AOA;838818.064316791
AHKc1;UGANDA;MYR;9033.919005549104
AHKc1;BERMUDA;XAF;1758540.3031365804
DEFH1;NIGERIA;GTQ;195869.54427865343
DEFH1;CHILE;BOB;90003.55536818028
DEFH1;ICELAND;TZS;36545335.72755437
DEFH1;IRAQ;ZWL;14689232.226277238
ANc33;HONDURAS;ILS;4688.335680253083
ANc33;NETHERLANDS ANTILLES;DKK;11744.927411138973
ANc33;AUSTRALIA;BOB;9500.083244647589
ANc33;SERBIA;SCR;25356.889731289128
ANc33;ARUBA;TZS;2838207.441440496
ANc33;MAURITANIA;XAF;385446.7618633605
ANc33;SOUTH AFRICA;TRY;34229.25606788252
ANc33;YEMEN;AZN;3171.2695063531987
ANc33;LIBYAN ARAB JAMAHIRIYA;ILS;5318.564345586544
ANc33;JAMAICA;CRC;538764.2689940508
ANc33;GUATEMALA;BBD;1137.2974715409678
ANc33;BURUNDI;HNL;6036.498178602633
ANc33;NETHERLANDS ANTILLES;SLL;13300435.518804334
ANc33;SAO TOME AND PRINCIPE;PYG;1883956.1015702186
ANc33;CHILE;QAR;5797.218466828258
ANc33;SEYCHELLES;RSD;208518.6548331031
ANc33;MOROCCO;MUR;5930.112550184148
ANc33;SWEDEN;BYR;7521642.745137837
ANc33;OMAN;TRY;16063.698142006906
ANc33;SAUDI ARABIA;KZT;742556.4672586977
GHIJb;NETHERLANDS ANTILLES;LAK;7791111.697850179
GHIJb;ETHIOPIA;TZS;6206284.281741569
GHIJb;HONG KONG;BYR;64287495.38376287
GHIJb;MOROCCO;ALL;518785.69770247256
GHIJb;MAURITANIA;CVE;602827.5671185947
GHIJb;KUWAIT;TND;12569.456089836553
CCHXa;MADAGASCAR;DKK;24315.86738540049
CCHXa;VENEZUELA;CZK;11006.614526386904
CCHXa;MOROCCO;ARS;118770.65459253259
CCHXa;GAMBIA;WST;13327.341918054517
CCHXa;IRAQ;PHP;166358.40823283783
CCHXa;FRENCH POLYNESIA;MVR;12297.265566573364
CCHXa;MALDIVES;THB;167650.97067779492
CCHXa;KENYA;INR;325614.45315450925
CCHXa;TANZANIA, UNITED REPUBLIC OF;CLP;897658.3353297095
CCHXa;MOROCCO;FJD;8707.584801041903
CCHXa;GUATEMALA;LVL;542.3945889726357
CCHXa;BHUTAN;GYD;764108.999461039
CCHXa;JAPAN;SRD;2690.041875566822
CCHXa;HUNGARY;UGX;12333692.875554275
CCHXa;UNITED ARAB EMIRATES;CNY;35546.13886087748
CCHXa;ISRAEL;DKK;7468.388352477097
ALLab;GUATEMALA;DKK;411687.4931221511
ALLab;SINGAPORE;TOP;101608.85739963854
ALLab;DENMARK;NGN;11363890.54940558
ALLab;MAURITIUS;VES;1253106.3415617256
ALLab;MALDIVES;ANG;89484.65212802477
ALLab;SRI LANKA;GTQ;-4087.1454674958704
ALLab;SURINAME;RWF;17928111.959628854
ALLab;CAMBODIA;MUR;812155.5587789176
ALLab;CHILE;BYR;-1293278.023103166
ALLab;LIBERIA;MMK;2996417.277356832
ALLab;JORDAN;MMK;65303085.0580906
ALLab;PANAMA;NZD;101415.22290880048
ALLab;CZECH REPUBLIC;IQD;25652638.70907362
ALLab;ETHIOPIA;TZS;52182116.284201115
ALLab;SWEDEN;RUB;2722441.2316824277
ALLab;ANGOLA;WST;98438.35414312175
ALLab;TAIWAN, PROVINCE OF CHINA;HNL;278938.15589488
GHHY3;CROATIA;LAK;183799664.3118652
GHHY3;BANGLADESH;AOA;3258731.510251516
GHHY3;BOTSWANA;SBD;30194.7314336787
DENVV;GHANA;AUD;108.31790024616885
DENVV;SINGAPORE;CNY;38.57362805589635
DENVV;PAKISTAN;BHD;66.14954163641232
DENVV;LEBANON;TOP;235.18852004641363
DENVV;PHILIPPINES;RWF;165318.37598958693
DENVV;HUNGARY;GHS;612.8095899348488
DENVV;ARGENTINA;PEN;114.68071746778455
DENVV;NEW ZEALAND;MXN;3499.837981402093
DENVV;NAMIBIA;MMK;113874.35363476581
DENVV;EURO;BIF;105733.19623845
DENVV;SOUTH AFRICA;BND;99.40445384299946
DENVV;BERMUDA;UGX;300702.93629386846
GGZZZ;JAMAICA;VND;128691288.4586117
GGZZZ;CAYMAN ISLANDS;ALL;213306.3109961454
GGZZZ;INDONESIA;SYP;1985551.6429296697
GGZZZ;JAPAN;LVL;1812.8110075708487
GGZZZ;BRAZIL;NZD;5628.433115540733
GGZZZ;COLOMBIA;PHP;264947.5749391515
GGZZZ;MACAU;ALL;301096.30565879034
GGZZZ;HUNGARY;UYU;203587.0656641247
GGZZZ;ARUBA;WST;8693.84262914057
GGZZZ;KOREA, REPUBLIC OF;VUV;568995.8220053004
GGZZZ;PERU;PHP;299100.71867054526
GGZZZ;PHILIPPINES;ILS;13919.918883538241
GGZZZ;DOMINICA;ANG;7951.1341641855115
GGZZZ;ARGENTINA;GYD;825400.4812199014
GGZZZ;CYPRUS;VND;903096.7611130647
GGZZZ;TOGO;BMD;59.66576859144417
GGZZZ;KENYA;MOP;19594.08675267966
GGZZZ;PERU;BOB;2647.1631157386655
Cb113;LIBYAN ARAB JAMAHIRIYA;CYP;931.6488767567523
Cb113;CANADA;ZAR;1366.7228615572212
Cb113;SUDAN;NAD;39211.39185037929
Cb113;BAHAMAS;TZS;1013568.3339002358
Cb113;MAURITANIA;MAD;10131.347136165552
Cb113;BERMUDA;INR;149158.0709927495
Cb113;LIBERIA;UAH;95615.25152443913
Cb113;ARGENTINA;BDT;72752.28537258276
Cb113;ISRAEL;NPR;100785.1491089996
Cb113;INDIA;LYD;9320.62928969038
Cb113;NICARAGUA;ILS;10974.050465164919
Cb113;IRAQ;GBP;1360.8038848853362
Cb113;MALDIVES;BMD;1620.0827163828435
Cb113;CAYMAN ISLANDS;PEN;9.121720502457192
Cb113;LAO PEOPLE'S DEMOCRATIC REP;CLP;811785.4760370697
Cb113;SWEDEN;PAB;1199.5062460731208
Cb113;MEXICO;FJD;5373.021943623095
Cb113;BAHRAIN;HRK;9803.562961051308
Cb113;MALAWI;ZMW;30113.101361633624
Cb113;MALAYSIA;LYD;13396.305182968412
ACNYb;TONGA;ZAR;250549.73890683084
ACNYb;QATAR;HRK;46776.023495311376
ACNYb;VANUATU;TWD;768960.907933406
ACNYb;MEXICO;KWD;2706.775952933293
ACNYb;GAMBIA;ETB;945227.8588648326
FFFYb;LAO PEOPLE'S DEMOCRATIC REP;ARS;428956.4752200263
FFFYb;JAPAN;GHS;17417.63421752689
FFFYb;CROATIA;XOF;4836673.155604644
FFFYb;FIJI;INR;424861.42508679105
FFFYb;ICELAND;BGN;13787.626426444625
FFFYb;OMAN;MOP;4489.855975726889
FFFYb;BAHAMAS;MVR;74886.53232755783
FFFYb;SAUDI ARABIA;KYD;4981.516864849679
FFFYb;LATVIA;CVE;536625.2369812086
FFFYb;GAMBIA;PAB;1765.114165525482
FFFYb;MEXICO;MWK;6764977.484060018
FFFYb;SOUTH AFRICA;BWP;95352.92238119908
GLXWZ;PANAMA;UAH;27037.302054221316
GLXWZ;BAHRAIN;TWD;2136.715819601017
GLXWZ;DJIBOUTI;CHF;295.7229465944116
GLXWZ;CROATIA;SDG;365396.83926611993
GLXWZ;UKRAINE;SVC;8069.266385989438
GLXWZ;CHILE;PLN;4749.081712403329
GLXWZ;TURKEY;KES;14458.340473646658
GLXWZ;MEXICO;ZMW;22805.456677061386
GLXWZ;BAHRAIN;IDR;895275.5218540872
GLXWZ;NEPAL;KYD;135.37536212778568
GLXWZ;HUNGARY;CYP;737.5026231993263
GLXWZ;TONGA;ARS;23515.018594147412
GLXWZ;BHUTAN;MGA;2845675.112886199
GLXWZ;MOROCCO;MYR;2078.1828321740336
GLXWZ;BAHRAIN;DKK;4949.445208011651
GLXWZ;PARAGUAY;GTQ;2869.9330264802156
GLXWZ;VENEZUELA;CLP;355105.8299515191
GLXWZ;SEYCHELLES;BOB;1830.9940678317062
AFJXc;PAKISTAN;CZK;210129.4033020917
AFJXc;BELIZE;VND;325623762.3382875
AFJXc;INDIA;UAH;281715.1829970512
AFJXc;GUATEMALA;KWD;1234.7329048865713
AFJXc;SWITZERLAND;CYP;7712.4449855447265
AFJXc;DENMARK;LAK;109747061.9183381
AFJXc;MOZAMBIQUE;HRK;41890.141577471484
AFJXc;SAUDI ARABIA;MAD;-1323.822157801966
AFJXc;SAMOA;HKD;38484.066800802466
AFJXc;SRI LANKA;CVE;1199241.4961144468
AFJXc;KAZAKHSTAN;KRW;11513377.592841288
AFJXc;CANADA;AOA;1235045.6993655995
AFJXc;ALGERIA;PHP;604673.1057997909
AFJXc;NIGERIA;ILS;32690.24688287958
DDZb1;ANGOLA;MUR;-5724.312697067732
DDZb1;BURUNDI;NPR;1873648.3219987275
DDZb1;EURO;MYR;62717.68122456532
DDZb1;VENEZUELA;BND;9939.354046415088
DDZb1;SRI LANKA;LAK;96326542.05202709
DDZb1;DJIBOUTI;GHS;83047.22343623525
DDZb1;ETHIOPIA;BHD;7480.5105887005575
DDZb1;DOMINICAN REPUBLIC;ARS;4910118.252685121
DDZb1;ALBANIA;DKK;15187.614882532693
ACGZb;BAHRAIN;AUD;9236.931782596452
ACGZb;RUSSIAN FEDERATION;SLL;141236037.69172087
ACGZb;IRAQ;COP;22537235.085389458
ACGZb;ANGOLA;SEK;22860.916357666516
ACGZb;NEW ZEALAND;KES;60560.72480039948
ACGZb;VIET NAM;AED;26135.973634998656
ACGZb;BOTSWANA;SAR;9807.711063930521
ACGZb;ROMANIA;VND;168645023.21838957
ACGZb;LEBANON;SVC;50422.805140085
ACGZb;GAMBIA;XCD;700.2095260196103
ACGZb;KOREA, REPUBLIC OF;IRR;259333241.55467463
ACGZb;BOTSWANA;BSD;5316.013907678342
HYb23;BARBADOS;GNF;45455.60424687419
HYb23;LAO PEOPLE'S DEMOCRATIC REP;CYP;0.3499993507328749
HYb23;SURINAME;SYP;3563.236800598837
HYb23;VANUATU;PES;1335.206316390312
HYb23;SERBIA;GYD;587.285516843684
HYb23;SURINAME;QAR;18.062813056781188
HYb23;MEXICO;RUB;273.5866768536442
HYb23;SINGAPORE;SEK;14.99419733705789
HYb23;LIBERIA;ALL;655.9529453532148
HYb23;POLAND;SCR;103.09361526426584
HYb23;SOMALIA;PEN;24.66083564413767
HYb23;UGANDA;TRY;103.63270671465972
HYb23;ETHIOPIA;MYR;20.905898601158313
HYb23;DJIBOUTI;BND;9.202386131950767
HYb23;INDONESIA;PES;1188.4786520862692
HYb23;BELARUS;BHD;0.9638169942700322
HYb23;VIET NAM;RWF;1670.940841719321
HYb23;NICARAGUA;THB;128.83283590164132
HYb23;BOTSWANA;EUR;7.092149265454636
GGJb1;BELIZE;CYP;19069.044117642003
GGJb1;SRI LANKA;JMD;2963877.512842733
GGJb1;CENTRAL AFRICAN REPUBLIC;KRW;14471181.729826199
GGJb1;SWITZERLAND;TZS;29001621.06601456
GGJb1;PAPUA NEW GUINEA;CVE;2372882.528042399
GGJb1;BELIZE;JPY;4164965.129449718
GGJb1;ALBANIA;LBP;20255487.62004045
GGJb1;CAYMAN ISLANDS;CNY;95058.77259818857
GGJb1;VANUATU;BOB;4125.975451762843
GGJb1;TURKEY;LBP;28188539.519450586
GGJb1;GUATEMALA;ISK;4154884.2787277587
GGJb1;TANZANIA, UNITED REPUBLIC OF;BZD;53922.33906650076
GGJb1;VENEZUELA;HNL;331050.7987837562
GGJb1;BELIZE;KZT;14362978.637144934
GGJb1;ETHIOPIA;PHP;893723.776585783
GGJb1;PERU;JOD;6796.141080809315
GGJb1;PAPUA NEW GUINEA;QAR;122979.1368035685
GNab1;PERU;CVE;2690115.4118351364
GNab1;EGYPT;KHR;88120101.07236853
GNab1;SWAZILAND;JMD;241077.60536607573
GNab1;BOTSWANA;GTQ;182657.03638881078
GNab1;BRUNEI DARUSSALAM;DJF;1871556.6026506585
GNab1;LIBERIA;GHS;8388.854672101474
GNab1;SWITZERLAND;HUF;1225397.0574374434
GNab1;SRI LANKA;SOS;-144213.88721412406
GNab1;NEW ZEALAND;CAD;18363.684016299085
GNab1;MOZAMBIQUE;SBD;66925.60879280904
FHMVb;MOROCCO;CVE;148459.67430550902
FHMVb;JORDAN;MAD;12435.552624385475
FHMVb;SAUDI ARABIA;SZL;4621.250584173976
FHMVb;NIGERIA;XPF;109869.19921220372
FHMVb;MALAYSIA;XAF;505877.78999222803
FHMVb;BRUNEI DARUSSALAM;GBP;1067.2941630541852
FHMVb;SWITZERLAND;MRO;578332.6958335129
ABFKY;KOREA, REPUBLIC OF;LVL;3800.2014771762447
ABFKY;UGANDA;FJD;31810.41011466719
ABFKY;CAMBODIA;NZD;8544.451455929911
ABFKY;MALAWI;DZD;557573.1491242092
GHVZ3;SAUDI ARABIA;MMK;8452800.378373967
GHVZ3;HONDURAS;KES;464082.7963707644
AEEa2;MAURITANIA;YER;448410.00168731605
AEEa2;PHILIPPINES;GMD;80507.96989035842
AEEa2;BANGLADESH;NGN;576568.3103529642
AEEa2;ETHIOPIA;KHR;5473774.417101338
AEEa2;BHUTAN;PGK;1227.2151518599367
AEEa2;SWITZERLAND;BDT;63801.67484858283
AEEa2;SIERRA LEONE;EUR;531.8633936618397
AEEa2;LEBANON;ZAR;12290.086510044017
DJLY3;MALAYSIA;HTG;2635139.2158729048
FIJLL;MALAWI;AWG;6860.116959484381
FIJLL;BRAZIL;SYP;1835027.3237756835
FIJLL;FIJI;IRR;58205951.37463281
FIJLL;KENYA;EGP;26545.533661487843
FIJLL;HUNGARY;MGA;14704417.37939573
FIJLL;PANAMA;SOS;3875716.3473487217
FIJLL;MALAWI;SVC;17804.348759606317
FIJLL;SINGAPORE;ALL;503446.3300713737
FIJLL;RWANDA;DKK;1929.6992111281845
FIJLL;SURINAME;GNF;55546186.245736405
FIJLL;QATAR;HTG;511038.12666161667
FIJLL;ETHIOPIA;VUV;248923.48104901088
FIJLL;BANGLADESH;KZT;137119.48370809774
FIJLL;AUSTRALIA;SRD;159501.72896373246
FIJLL;SWITZERLAND;INR;313918.31812977593
KKMb2;MALAWI;BDT;312681.9831775955
KKMb2;SYRIAN ARAB REPUBLIC;VES;107727.89669614616
KKMb2;ISRAEL;ZMW;67629.71312760346
KKMb2;ZAMBIA;PEN;8088.039648891324
AEFIN;SAO TOME AND PRINCIPE;SDG;2245656.9453864824
AEFIN;BAHRAIN;SAR;24388.43965799656
AEFIN;VENEZUELA;STD;8897325.80496581
AEFIN;KUWAIT;MYR;16888.13755425935
AEFIN;PERU;JMD;851822.308604915
AEFIN;VENEZUELA;DJF;1062215.699959962
JMVXY;NAMIBIA;SVC;9399.2669324478
JMVXY;UNITED ARAB EMIRATES;MXN;81977.62563433654
DNNV1;MOROCCO;CHF;-10.20172832716887
DNNV1;PHILIPPINES;LVL;228.94639866246732
DNNV1;AZERBAIJAN;SLL;11163201.320875384
DNNV1;ETHIOPIA;KYD;324.88419705908746
DNNV1;AZERBAIJAN;ZMW;22331.12056973215
DNNV1;ALGERIA;ZWL;668222.212481707
DNNV1;SWAZILAND;BSD;919.67929955022
DNNV1;CZECH REPUBLIC;BSD;1427.5229940113475
DNNV1;IRAN (ISLAMIC REPUBLIC OF);SCR;10363.073204270702
DNNV1;LEBANON;LAK;14700152.434890848
DNNV1;ARUBA;LRD;263661.58046156476
DNNV1;SUDAN;PAB;2083.5058670962944
DNNV1;COSTA RICA;NGN;124216.50282941833
DNNV1;TAIWAN, PROVINCE OF CHINA;KES;151955.1689164764
Cacc1;KOREA, REPUBLIC OF;KWD;143.6322581886096
Cacc1;BANGLADESH;FJD;7436.014858298854
Cacc1;ZAMBIA;ARS;631397.3025151126
Cacc1;GUYANA;UYU;346342.8612103338
Cacc1;BRAZIL;NIO;62605.97504191185
Cacc1;BAHAMAS;RSD;1154977.1097709052
Cacc1;MAURITANIA;PKR;1957231.5404700206
DJZc2;PAPUA NEW GUINEA;NPR;111325.3839124456
AWYbc;EGYPT;UAH;193414.90169508356
AWYbc;THAILAND;NGN;2104298.263009819
AWYbc;LIBERIA;KZT;2563441.9087880226
AWYbc;CHILE;PYG;51304230.730029404
AWYbc;NETHERLANDS ANTILLES;VES;183374.28112197763
AWYbc;SRI LANKA;MUR;20685.70106466099
AWYbc;TURKEY;BIF;1450322.755908154
AWYbc;MALAWI;TWD;15334.371377370868
AWYbc;DOMINICA;ARS;939547.1282801647
AWYbc;ISRAEL;DZD;678293.2629937552
AWYbc;JORDAN;CYP;4920.637952334174
AWYbc;AZERBAIJAN;COP;10447623.948370287
AWYbc;NICARAGUA;RWF;2622169.1534277904
AWYbc;ZIMBABWE;KYD;2221.243442267111
AWYbc;BAHAMAS;OMR;619.1635468454859
AWYbc;ARGENTINA;GNF;40628758.87735596
EKNc2;SIERRA LEONE;BND;230.75591347724725
BBBJK;NEW ZEALAND;CNY;47768.682408562294
BBBJK;MAURITIUS;SOS;3380790.247286382
BBBJK;MALAWI;BTN;31090.376793549727
BBBJK;EL SALVADOR;VES;67437.54922673102
BCGIa;URUGUAY;DJF;648050.0314854945
BCGIa;BERMUDA;AWG;6828.59863318827
BCGIa;LATVIA;BMD;3960.6791236849645
BCGIa;COSTA RICA;RUB;23072.734555880914
BCGIa;JAMAICA;FJD;3216.339872449835
BCGIa;GHANA;UAH;-333.11981142494125
BCGIa;IRAN (ISLAMIC REPUBLIC OF);RUB;91217.07424818346
BCGIa;UGANDA;BTN;348041.7323221489
BCGIa;VIET NAM;GMD;192734.3629917653
BCGIa;UKRAINE;ETB;130214.90996830048
BCGIa;HAITI;SOS;1460081.599431568
BCGIa;BOLIVIA;PGK;15801.962635172578
BCGIa;PAKISTAN;BRL;21536.041867215765
BCGIa;TUNISIA;LAK;13342036.15107376
BCGIa;TRINIDAD AND TOBAGO;NOK;982.3933477501209
BCGIa;HAITI;PHP;120785.71667874124
BCGIa;MAURITANIA;JMD;342309.91386782314
BCGIa;POLAND;KYD;326.2581922186639
BCGIa;MADAGASCAR;THB;102988.14281878702
CNVXb;LIBERIA;NGN;2854536.48682658
CNVXb;AUSTRALIA;BYR;117846642.92250091
CNVXb;TURKEY;AWG;11421.2154516454
CNVXb;LAO PEOPLE'S DEMOCRATIC REP;XOF;1002363.0732364216
CNVXb;ICELAND;HTG;867891.3131279389
CNVXb;THAILAND;NZD;12729.283465154855
CNVXb;CANADA;LYD;14404.084076091709
CNVXb;SURINAME;AED;15377.439690750734
CNVXb;MALDIVES;ILS;9822.62192906202
CCEHZ;OMAN;VND;28101741.10166505
CCEHZ;GUINEA;TZS;80663.03886447626
CCEHZ;ISRAEL;BRL;8666.66903534592
CCEHZ;BOTSWANA;BBD;2078.2509311276854
CCEHZ;LEBANON;BDT;48670.580545386336
CCEHZ;SOMALIA;JOD;760.6645818258031
DGY11;FRENCH POLYNESIA;KZT;7511800.095377619
DGY11;SAUDI ARABIA;AUD;336.3627547896985
DGY11;PAPUA NEW GUINEA;LAK;58959235.90582917
DGY11;FRENCH POLYNESIA;GBP;345.17348950684004
DGY11;CAMBODIA;HUF;5728077.506548136
DGY11;BERMUDA;ILS;58249.52225087266
DGY11;MACAU;COP;62113969.43675587
DGY11;UNITED ARAB EMIRATES;CVE;1909364.5695814167
BEFFY;PERU;BWP;120228.31884778173
BEFFY;SYRIAN ARAB REPUBLIC;PES;437481.5203725632
BEFFY;KAZAKHSTAN;ARS;2018558.155245292
BEFFY;POLAND;BDT;915556.4972818904
BEFFY;KOREA, REPUBLIC OF;SRD;84035.34030337514
BEFFY;BOLIVIA;PLN;46081.97574483986
BEFFY;SWITZERLAND;BWP;158368.80638566197
BEFFY;VANUATU;LBP;18098743.21255571
BEFFY;UNITED KINGDOM;TOP;3709.904661315863
BEFFY;UNITED KINGDOM;DOP;52652.26390630516
BEFFY;QATAR;NGN;3318628.460472786
BEFFY;CHINA;OMR;2712.8962996208306
BEFFY;SOUTH AFRICA;ARS;1849926.8815745653
BEFFY;MADAGASCAR;MMK;22766742.28760973
BEFFY;KENYA;IQD;2101317.963051547
BEFFY;SURINAME;AWG;11922.041707922408
BEFFY;SWITZERLAND;YER;2144419.552253034
AABB1;NORWAY;CVE;334235.85555161635
AABB1;POLAND;CZK;85749.22296243084
AABB1;EURO;YER;163106.6821335144
AABB1;MALDIVES;LBP;4634105.739868238
AABB1;UGANDA;XAF;612784.8606434158
AABB1;KENYA;SCR;20250.225171316364
AABB1;AZERBAIJAN;STD;30183974.460867215
AABB1;SOMALIA;TTD;14280.352359818378
AABB1;RWANDA;CHF;2874.208063225303
AABB1;COSTA RICA;ETB;44399.63553185109
DDNc1;KOREA, REPUBLIC OF;MWK;10476437.26996405
DDNc1;SWEDEN;SDG;2742127.305950627
DDNc1;KAZAKHSTAN;YER;1857850.3926076205
DDNc1;ALBANIA;UYU;488092.0349628518
DDNc1;RUSSIAN FEDERATION;CRC;4352587.691413731
DDNc1;SINGAPORE;IRR;402901421.5502568
DDNc1;MOZAMBIQUE;BMD;14286.34081583103
DDNc1;PAKISTAN;MZN;577126.4083282287
DDNc1;LIBYAN ARAB JAMAHIRIYA;BTN;469848.82397559576
DDNc1;INDONESIA;MGA;49063182.52494217
DDNc1;CZECH REPUBLIC;HKD;89716.56575565625
DDNc1;TRINIDAD AND TOBAGO;MUR;487988.0802956217
DDNc1;ICELAND;RON;23598.6041323622
DDNc1;KAZAKHSTAN;GBP;6309.38634854528
DDNc1;SEYCHELLES;SOS;-21357.15216542393
DDNc1;SWEDEN;BZD;13295.397458939211
DDNc1;UNITED ARAB EMIRATES;LYD;63223.54333297465
DDNc1;TRINIDAD AND TOBAGO;JOD;493.99681956921273
JVWZc;CAYMAN ISLANDS;BYR;16396129.394221796
JVWZc;THAILAND;AZN;2035.7912491472557
JVWZc;OMAN;GHS;25954.242416097273
JVWZc;MAURITIUS;AED;6059.915572196974
JVWZc;MADAGASCAR;CHF;859.4653620958505
JVWZc;SAMOA;HKD;13553.404142166859
JVWZc;MACAU;LRD;232360.021926826
JVWZc;ALGERIA;GMD;45878.38614887382
JVWZc;JAMAICA;HKD;12518.052937214812
JVWZc;INDIA;WST;5080.9682916586335
JVWZc;LAO PEOPLE'S DEMOCRATIC REP;PES;222603.0524858718
JVWZc;GHANA;MWK;1406240.731592674
JVWZc;LIBERIA;TWD;14886.706044233797
JVWZc;TANZANIA, UNITED REPUBLIC OF;VND;33215810.57861822
JVWZc;HAITI;SAR;7077.604382092857
JVWZc;BERMUDA;SAR;7134.845835007515
JVWZc;INDIA;AOA;311138.5670253902
JVWZc;SAUDI ARABIA;BDT;130719.06371712963
JVWZc;JORDAN;SCR;17000.4561190104
HIZZa;MEXICO;TWD;350670.299049819
HIZZa;DOMINICA;PAB;19087.511535396487
HIZZa;COLOMBIA;BND;32852.66851822387
HIZZa;BRUNEI DARUSSALAM;SAR;57030.49474478298
HIZZa;GUINEA;TND;68175.45666091237
EIJ12;INDONESIA;ANG;5019.100225282004
EIJ12;PERU;IRR;105285912.28275512
EIJ12;RWANDA;RON;14278.087521372896
EIJ12;MAURITANIA;MMK;8667522.28615168
EIJ12;CZECH REPUBLIC;BRL;29392.72573935216
EIJ12;CAYMAN ISLANDS;KYD;3927.3923328438486
EIJ12;PERU;SGD;4062.722581394341
EIJ12;VIET NAM;SDG;2406478.3122354476
EIJ12;COSTA RICA;LRD;456031.4213118497
EIJ12;JAMAICA;FJD;4513.308142859837
EIJ12;TURKEY;RUB;230151.820729875
EIJ12;PAKISTAN;ISK;852138.7464710794
EIJ12;SAMOA;MXN;80238.28969860397
EIJ12;GAMBIA;MGA;1257749.5252718392
EIJ12;AUSTRALIA;VND;66809240.41679623
EIJ12;SURINAME;UYU;65106.355563286765
EIJ12;TUNISIA;DOP;182591.0363017063
EIJ12;LEBANON;VUV;93197.88287286404
AADLY;PERU;HNL;272539.5603397072
AADLY;GUATEMALA;SLL;158388826.13095447
AADLY;MAURITANIA;JPY;2074668.1939401603
AADLY;NETHERLANDS ANTILLES;CRC;1489297.2233086973
AADLY;CROATIA;PEN;20106.781638671127
AADLY;NEW ZEALAND;MMK;8136636.192474237
AADLY;SOUTH AFRICA;LKR;1695427.8119434682
AADLY;EGYPT;ALL;830526.340406897
AADLY;RUSSIAN FEDERATION;UAH;345265.9673085196
AADLY;SWEDEN;PEN;36996.23308523548
AADLY;SAMOA;LBP;9284097.747991156
DJM13;MEXICO;ETB;2036.8165641592193
DJM13;SAUDI ARABIA;NZD;87.05425176655972
DJM13;BANGLADESH;SAR;841.9903250408729
DJM13;BELIZE;BZD;160.368001722674
DJM13;SAUDI ARABIA;LKR;37150.99301415729
DJM13;UGANDA;ISK;11060.701106224958
DJM13;CHILE;EGP;2432.0657716209
DJM13;FRENCH POLYNESIA;MZN;6571.983654531512
DJM13;LATVIA;CLP;10748.084322688677
DJM13;ZAMBIA;KRW;215502.06123825104
DJM13;BHUTAN;VUV;710.6998788489414
DJM13;UNITED ARAB EMIRATES;UGX;799250.4707055488
DJM13;SYRIAN ARAB REPUBLIC;MWK;14490.411806168926
DJM13;IRAQ;MOP;713.9603866920528
DJM13;CZECH REPUBLIC;PHP;4101.620793294656
EJKNV;INDIA;ZMW;17387.204619878918
EJKNV;CANADA;MAD;3463.373833441797
EJKNV;CHILE;KYD;1654.886911451572
EJKNV;RWANDA;MGA;13316240.61579912
EJKNV;THAILAND;ZAR;43155.282575952224
EJKNV;PARAGUAY;PYG;5478998.837752589
EJKNV;TRINIDAD AND TOBAGO;BBD;2195.6607287893294
EJKNV;POLAND;XCD;1703.5974778803184
EJKNV;SAUDI ARABIA;XCD;7009.450842532887
EJKNV;ISRAEL;NAD;5915.993236312541
EJKNV;BOLIVIA;GHS;49055.84357480702
EJKNV;SURINAME;WST;6862.836081857674
EGMZa;RWANDA;PAB;5588.834517884549
EGMZa;URUGUAY;LVL;2422.282974862401
EGMZa;UGANDA;FJD;18002.028877925404
EGMZa;GHANA;RUB;446775.77303403907
EGMZa;UNITED KINGDOM;MAD;89196.4004673143
EGMZa;SERBIA;ALL;600427.3474654127
KNNNc;UNITED ARAB EMIRATES;HNL;34487.26695545869
KNNNc;CYPRUS;BWP;5506.618741100201
KNNNc;CAPE VERDE;JPY;466264.37136230076
KNNNc;COLOMBIA;MMK;7123026.826085193
KNNNc;EURO;XCD;6474.2034019229595
KNNNc;PERU;ISK;556464.9557260254
KNNNc;CANADA;KRW;5019651.388961135
KNNNc;HUNGARY;KZT;1121762.199343526
KNNNc;BRUNEI DARUSSALAM;KRW;29018.55166492263
KNNNc;MACAU;SVC;34258.86946926051
KNNNc;COSTA RICA;DJF;285214.32095450157
KNNNc;MEXICO;BMD;1356.8480157233228
KNNNc;CHILE;VES;72982.35613808486
KNNNc;GUATEMALA;HKD;23930.212775153068
KNNNc;MOROCCO;GTQ;11301.002485048744
KNNNc;FRENCH POLYNESIA;IRR;30248664.082561698
KNNNc;MALAWI;BTN;235152.75674103003
KNNNc;BARBADOS;XPF;406295.8325495118
KNNNc;ANGOLA;ALL;59571.958911951035
BBLMb;DENMARK;GYD;487045.97294724156
BBLMb;TONGA;FJD;2301.2488735428396
BBLMb;CYPRUS;DZD;464792.4290663955
BBLMb;PARAGUAY;DJF;235583.34611409114
BBLMb;MOROCCO;TND;10400.86876626043
BBLMb;KUWAIT;JPY;421827.3720770123
BBLMb;SINGAPORE;BDT;-3036.987588652568
BBLMb;TUNISIA;AUD;349.371419892413
BBLMb;SYRIAN ARAB REPUBLIC;RSD;389686.0206774521
BBLMb;BRAZIL;SYP;13452.765067631595
BBLMb;ARGENTINA;CLP;1575805.5423555085
BBLMb;GAMBIA;NGN;1602314.5591667872
BBLMb;UGANDA;BOB;6492.641978444946
BBLMb;TRINIDAD AND TOBAGO;ANG;3038.348081188383
BBLMb;BOLIVIA;IRR;105252415.9297838
AAFJ3;KENYA;NZD;16715.183418835066
AAFJ3;JAPAN;BWP;82977.81504766668
AAFJ3;EGYPT;SCR;41590.15643829719
AAFJ3;CANADA;QAR;32345.30401852204
GGJV3;GUYANA;AUD;47458.68756762917
GGJV3;ALBANIA;XAF;24247041.834472593
GGJV3;SOUTH AFRICA;JMD;279709.1638213687
GGJV3;BURUNDI;TZS;100837019.78012118
GGJV3;MAURITANIA;ALL;818531.04181336
GGJV3;INDIA;MWK;9635641.477257894
GGJV3;THAILAND;MVR;340955.96862441424
BDDFJ;VANUATU;WST;592.337592788601
BDDFJ;LIBYAN ARAB JAMAHIRIYA;XCD;310.0270786711205
BDDFJ;MOROCCO;BSD;56.19712247664588
BDDFJ;HONG KONG;GYD;7972.93990733407
BDDFJ;SIERRA LEONE;GMD;10025.205250127667
BDDFJ;PAKISTAN;SLL;307782.058412656
BDDFJ;SYRIAN ARAB REPUBLIC;NGN;161238.30859962074
BDDFJ;LEBANON;BND;54.83388755671443
BDDFJ;POLAND;DKK;2196.333354907178
BDDFJ;SERBIA;PGK;585.3097119948123
BDDFJ;SIERRA LEONE;LRD;49213.870695678095
BDDFJ;EL SALVADOR;HKD;1564.4651490244587
BDDFJ;MOROCCO;DOP;2163.9922118210984
BDDFJ;ROMANIA;RSD;-192.05344218976043
EVXZ3;ROMANIA;NGN;3446157.9233372924
EVXZ3;KUWAIT;BOB;30629.461409140473
EVXZ3;ARGENTINA;INR;407948.9864650525
EVXZ3;NORWAY;BHD;3328.376717151083
EVXZ3;JORDAN;SVC;908.9455561154908
EVXZ3;PERU;NPR;706438.2965199759
EVXZ3;UKRAINE;STD;277330079.8139283
EVXZ3;CAPE VERDE;COP;93109341.29172331
EVXZ3;MALDIVES;SZL;126432.86092473254
EVXZ3;PAKISTAN;MRO;5583183.103518453
EVXZ3;JAMAICA;LVL;5008.649567989811
EVXZ3;EGYPT;MWK;19277670.262203842
EVXZ3;SINGAPORE;LKR;4158605.2460839376
EVXZ3;POLAND;MWK;669810.5381170576
EVXZ3;UNITED ARAB EMIRATES;HRK;93568.53050293689
EVXZ3;HONG KONG;BTN;871242.998620409
EVXZ3;UGANDA;LKR;3611135.9949105806
EVXZ3;JORDAN;VND;256059329.5203469
EVXZ3;SWAZILAND;TTD;97159.1193508933
ENV23;COSTA RICA;HRK;9358.424144575785
ENV23;MADAGASCAR;CHF;607.7080524245878
ENV23;NETHERLANDS ANTILLES;KES;279314.1165048787
ENV23;GUYANA;YER;710103.014883962
ENV23;BERMUDA;BDT;112415.45664149005
ENV23;ISRAEL;THB;66818.07314192232
ENV23;INDIA;BHD;1075.0298993427436
ENV23;LATVIA;SBD;22118.72105976327
ENV23;NETHERLANDS ANTILLES;KHR;565986.2647975413
ENV23;MALDIVES;SZL;26181.876956073414
ENV23;JORDAN;TTD;18051.698605890615
ENV23;PERU;KRW;614005.5163241203
ENV23;DOMINICAN REPUBLIC;DZD;183269.0135032142
ENV23;ARGENTINA;KHR;8752139.536761979
GIKNZ;COLOMBIA;PYG;50764985.52564993
GIKNZ;RUSSIAN FEDERATION;AED;16626.385951759297
GIKNZ;FIJI;DOP;477969.54154284415
FGGJ3;CANADA;KWD;822.2329389051495
FGGJ3;NAMIBIA;TZS;6957523.240302635
FGGJ3;EURO;EGP;91459.15010653566
FGGJ3;SWITZERLAND;GNF;37753965.439215116
FGGJ3;LAO PEOPLE'S DEMOCRATIC REP;ZMW;18646.479747917027
FGGJ3;ANGOLA;PEN;16527.700123850034
XWaa2;MAURITANIA;CLP;783018.1760479074
XWaa2;CAYMAN ISLANDS;SGD;1506.6383931123453
XWaa2;ETHIOPIA;BMD;3763.3659238777736
XWaa2;SWEDEN;CLP;187537.68660900497
XWaa2;ISRAEL;BSD;158.7402888073039
XWaa2;MALAYSIA;HNL;78156.40295791753
XWaa2;ETHIOPIA;BTN;220206.22156559772
XWaa2;INDIA;ZWL;120593.14067021575
XWaa2;EURO;LKR;689030.9031495128
XWaa2;GHANA;ZWL;623882.2866364911
XWaa2;CYPRUS;JPY;522717.28327484836
BGLa2;AUSTRALIA;DKK;9483.470622165016
BGLa2;ALGERIA;MRO;289808.9996079543
BGLa2;CHINA;ILS;6173.873827672567
BGLa2;CAYMAN ISLANDS;KES;173331.86766848204
BGLa2;UNITED ARAB EMIRATES;PLN;7339.8109584956055
BGLa2;MACAU;BIF;5144399.556806217
BGLa2;SRI LANKA;XCD;1386.9414304713118
NNNYa;VIET NAM;BIF;52964259.395452134
NNNYa;SAUDI ARABIA;UYU;230283.7317227523
NNNYa;JAPAN;MAD;106329.24534883937
NNNYa;ZAMBIA;PEN;87321.63204310798
NNNYa;SUDAN;BBD;46568.33321396347
NNNYa;SURINAME;PEN;57657.74796021948
NNNYa;LAO PEOPLE'S DEMOCRATIC REP;INR;224451.89591054327
NNNYa;SURINAME;YER;2575382.2537506004
NNNYa;TANZANIA, UNITED REPUBLIC OF;YER;4995249.884827229
NNNYa;LATVIA;HNL;318658.88459676557
BCIN3;HONG KONG;RON;251474.29011173488
BCIN3;GAMBIA;TND;49021.104213101906
BCIN3;TOGO;RUB;1625658.187346267
BCIN3;CAYMAN ISLANDS;NGN;7605923.822517923
BCIN3;PAKISTAN;ARS;8529995.271943148
BCIN3;UNITED KINGDOM;NOK;409539.98115435976
BCIN3;GUATEMALA;MVR;228303.0459153786
BCIN3;RUSSIAN FEDERATION;PHP;1552679.826874046
BCIN3;BELIZE;DZD;1364529.070338804
BCIN3;MALAWI;UAH;1301430.4298886114
BCIN3;CENTRAL AFRICAN REPUBLIC;SAR;39521.79145842767
BCIN3;IRAQ;GMD;1711625.00130136
BCIN3;SWAZILAND;OMR;21991.62339927263
BCIN3;KENYA;ILS;47690.70519589247
BCIN3;CENTRAL AFRICAN REPUBLIC;RSD;4154419.421326415
BCIN3;TURKEY;MVR;346872.41807617445
BCIN3;YEMEN;SOS;22671331.846193988
BCIN3;JAMAICA;MOP;17915.640805043306
BCIN3;KOREA, REPUBLIC OF;YER;7766670.874100534
BCIN3;BRAZIL;SCR;856639.4347303555
DJKX2;BELARUS;CZK;90218.85470721306
DJKX2;MALDIVES;PYG;21395462.240696367
DJKX2;SERBIA;HNL;-100.74925711347144
DJKX2;CYPRUS;THB;42773.340986527204
DJKX2;DENMARK;MOP;33229.386553455435
DJKX2;ARUBA;CLP;3028062.7078855815
DJKX2;VIET NAM;PAB;3218.47934614799
DJKX2;MACAU;MUR;17369.081347179028
DJKX2;FRENCH POLYNESIA;DJF;455971.983671296
DJKX2;TRINIDAD AND TOBAGO;WST;9325.816771954536
DJKX2;TAIWAN, PROVINCE OF CHINA;BGN;9325.447115829851
DJKX2;BELIZE;DKK;35223.38768078367
DJKX2;MOROCCO;MUR;102020.4988602726
DJKX2;BHUTAN;DZD;-4543.331562812193
DJKX2;HONDURAS;ALL;141340.36514285818
DJKX2;DENMARK;BYR;78267903.85180993
DJKX2;EGYPT;RON;6094.280825674276
DJKX2;CHILE;MGA;3161548.1037196578
DJKX2;CHINA;TRY;29903.88075739871
DJKX2;VANUATU;ETB;165291.6865577601
