Client;Country;Currency;Transaction
BDFYZ;GHANA;BTN;1729505.691437142
BDFYZ;ALBANIA;NGN;6608669.616239543
BDFYZ;CENTRAL AFRICAN REPUBLIC;XOF;4888101.904125955
BDFYZ;TANZANIA, UNITED REPUBLIC OF;UGX;2373187.7424647785
BDFYZ;NEPAL;VES;45754.914786669484
BDFYZ;SOLOMON ISLANDS;SBD;64672.911176002446
JJJV3;ETHIOPIA;HTG;10882.990129280743
JJJV3;CROATIA;CRC;900667.4385517268
JJJV3;BELARUS;INR;194794.63802838547
JJJV3;NEW ZEALAND;NOK;51378.65026168527
JJJV3;SYRIAN ARAB REPUBLIC;PEN;3576.272189586547
CEIKW;GUATEMALA;COP;15804120.28965468
CEIKW;ANGOLA;IQD;2793779.79093302
CEIKW;CZECH REPUBLIC;AWG;15596.299974372614
CEIKW;SWAZILAND;FJD;11697.188000998036
CEIKW;SWAZILAND;XPF;687526.6536528267
CEIKW;PERU;NAD;161995.45551717866
CEIKW;UGANDA;NOK;17753.052003364388
CEIKW;UNITED ARAB EMIRATES;BND;607.5180110753666
CEIKW;INDIA;BBD;7454.519761891058
CEIKW;YEMEN;JMD;750344.2834024268
CEIKW;PAPUA NEW GUINEA;ZAR;7700.180096603379
CEIKW;ROMANIA;TTD;858.2167925032236
CEIKW;BRAZIL;UYU;175945.89726720026
CEIKW;THAILAND;OMR;3367.8372883768193
CEIKW;NICARAGUA;KRW;14885783.28807414
JXWW1;IRAQ;LRD;2759745.6241562204
JXWW1;VIET NAM;VUV;1185270.8030321691
JXWW1;CAYMAN ISLANDS;EGP;538419.4078556295
JXWW1;HUNGARY;ZWL;9935660.77878755
JXWW1;SUDAN;IRR;910472927.1724526
JXWW1;LAO PEOPLE'S DEMOCRATIC REP;TRY;430728.3461763908
JXWW1;SUDAN;JPY;81141.38765574268
JXWW1;MAURITANIA;TRY;57585.647750076314
JXWW1;NIGERIA;COP;36551272.506599516
CILL3;MALDIVES;LBP;1951788.279805345
CILL3;SAUDI ARABIA;MMK;7429294.332990466
CILL3;EGYPT;MWK;4409976.384797472
CILL3;NICARAGUA;CLP;3552053.1889974694
CILL3;MYANMAR;UGX;4816726.414378193
CILL3;BAHRAIN;RWF;2778796.7107756524
CILL3;BHUTAN;PHP;191119.39588699836
CILL3;SWAZILAND;PEN;4967.976121899939
CILL3;SOUTH AFRICA;IQD;1870323.9764696243
CILL3;LEBANON;EUR;2515.280605616132
CILL3;QATAR;AOA;1223172.8469957942
CILL3;KENYA;GTQ;4874.513746741163
FJWYZ;EURO;AED;1455.7338286448887
FJWYZ;ARGENTINA;DKK;19036.59242579381
FJWYZ;OMAN;RUB;116311.22918077937
FJWYZ;PARAGUAY;TTD;54581.58012497297
FJWYZ;SAUDI ARABIA;SOS;4088573.148498736
FJWYZ;LAO PEOPLE'S DEMOCRATIC REP;SGD;302.7985106790193
FJWYZ;LAO PEOPLE'S DEMOCRATIC REP;JPY;13255.260249634857
FJWYZ;NETHERLANDS ANTILLES;UAH;241638.94144061417
FJWYZ;BRUNEI DARUSSALAM;MXN;8355.427012289887
FJWYZ;CYPRUS;MZN;89461.72533941231
FJWYZ;BARBADOS;BWP;90680.77104488223
FJWYZ;SYRIAN ARAB REPUBLIC;PYG;20906606.437161326
FJWYZ;BARBADOS;JPY;702131.1354231584
CCGGL;UKRAINE;XPF;21345.530416384554
CCGGL;SIERRA LEONE;TTD;6308.9823440882465
CCGGL;SERBIA;CHF;461.4016703315827
CCGGL;IRAQ;DZD;76546.59700875124
CCGGL;ZIMBABWE;FJD;595.1475656532243
CCGGL;NETHERLANDS ANTILLES;SVC;3944.663744552871
FYZcc;BELIZE;BTN;591387.7818362426
FYZcc;ETHIOPIA;MXN;42171.976309260725
FYZcc;BAHAMAS;PKR;209416.0638602825
FYZcc;SEYCHELLES;ARS;1528456.2153036736
FYZcc;SWAZILAND;TND;11006.704854649488
FYZcc;MALAYSIA;BTN;693885.3163595285
FYZcc;BOTSWANA;LRD;1793317.3054139903
FYZcc;EGYPT;BMD;8953.860186449929
FYZcc;KUWAIT;UAH;505857.5283883959
FYZcc;SOMALIA;LKR;578173.6272382654
FYZcc;LEBANON;BYR;366228345.3972921
FYZcc;GHANA;ZMW;240170.6112037237
FYZcc;TURKEY;SEK;45626.58614759442
FYZcc;MACAU;HTG;358213.26412391826
FYZcc;PARAGUAY;CVE;794355.84280228
FYZcc;OMAN;XCD;13504.863674180606
ACEIK;RWANDA;PGK;2015.6321940260625
ACEIK;CROATIA;HTG;196980.60533775057
ACEIK;ROMANIA;AZN;921.6372883673546
ACEIK;NEPAL;MRO;187481.22014433023
ACEIK;SWEDEN;TWD;15489.08693344762
ACEIK;MAURITIUS;BZD;1226.908686134605
ACEIK;TONGA;GTQ;5092.9714130735965
ACEIK;BAHAMAS;SOS;682775.0306932637
ACEIK;DENMARK;KHR;1335367.8620067723
ACEIK;TANZANIA, UNITED REPUBLIC OF;SYP;127424.1434690539
ACEIK;KUWAIT;HTG;-1430.8518547536364
ACEIK;EURO;ZMW;11876.496565769512
DIYab;PHILIPPINES;MVR;1373.2851374213367
DIYab;HONDURAS;BYR;26736934.978811547
DIYab;CHILE;HNL;35654.89241275835
DIYab;NEW ZEALAND;SLL;305696.8054929678
DIYab;HUNGARY;CZK;2385.7587793352563
DIYab;DJIBOUTI;RON;310.5480051740477
DIYab;SYRIAN ARAB REPUBLIC;HTG;82450.88661409605
DIYab;BANGLADESH;TRY;6926.303932911206
DIYab;PARAGUAY;DJF;318528.4749096288
DIYab;BARBADOS;BMD;1450.8661140324584
DIYab;SYRIAN ARAB REPUBLIC;TWD;17625.341807700366
DIYab;NEPAL;RON;4886.377795697771
DIYab;CHILE;ZWL;518904.53066851135
DIYab;ROMANIA;XAF;634007.4203863165
BDa13;DOMINICAN REPUBLIC;JOD;2039.7146211702034
BDa13;BAHRAIN;PES;33324.38001303668
BDa13;SUDAN;HKD;21788.20386272727
BDa13;SERBIA;MZN;158974.14606157906
BDa13;TURKEY;HNL;54097.443401344804
BIKMa;SEYCHELLES;BND;1411.0289546035397
BIKMa;NAMIBIA;TZS;3280822.634746377
BIKMa;DOMINICA;IDR;27094387.414210714
BIKMa;TANZANIA, UNITED REPUBLIC OF;JOD;188.22235375066688
BMMNY;POLAND;ILS;4464.884037892624
BMMNY;SEYCHELLES;TWD;81723.3336295207
BMMNY;PHILIPPINES;SCR;6125.458914147236
BMMNY;BANGLADESH;LBP;1831859.7473900053
BMMNY;UNITED ARAB EMIRATES;SDG;2270907.628833749
BMMNY;TOGO;MAD;1002.6461924624468
BMMNY;GUINEA;BND;3365.3514262158756
GIJJW;BANGLADESH;PAB;899.6611567160966
GIJJW;MAURITIUS;BZD;5075.180876733218
GIJJW;HAITI;VUV;294894.11177348066
GIJJW;DENMARK;PGK;5520.352997299408
GIJJW;BULGARIA;PLN;4760.1661718624155
GIJJW;SAUDI ARABIA;CNY;13739.585847910783
GIJJW;NORWAY;ANG;942.3943081113931
GIJJW;RUSSIAN FEDERATION;MAD;18257.69833293357
GIJJW;CANADA;JOD;1490.3113550254618
GIJJW;TONGA;HRK;6212.761344430122
GIJJW;BRAZIL;SOS;472186.82928905473
GIJJW;OMAN;CYP;1375.9982885499091
GIJJW;TURKEY;MAD;17591.54780927358
GIJJW;EGYPT;BND;1341.296448658569
GIJJW;KOREA, REPUBLIC OF;DZD;141662.9793272538
GIJJW;OMAN;KYD;1113.6050561212817
EGGJ2;MALDIVES;HRK;25722.70865994171
EGGJ2;SWEDEN;JOD;2343.587519100728
EGGJ2;LIBERIA;RON;30127.25948738738
EGGJ2;LEBANON;JPY;172251.33345756153
EGGJ2;TRINIDAD AND TOBAGO;BGN;4445.476578748171
EGGJ2;KOREA, REPUBLIC OF;CRC;3859759.9712345176
EGGJ2;URUGUAY;MGA;27060074.024910673
EGGJ2;COLOMBIA;CVE;445413.0442592527
EGGJ2;MALAYSIA;DKK;7772.163125344019
EGGJ2;QATAR;MXN;83725.82718620719
EGGJ2;OMAN;BOB;13701.000594257233
EGGJ2;TURKEY;RON;31473.514300101786
EGGJ2;CROATIA;NOK;53521.30362338794
EGGJ2;SINGAPORE;KES;214052.84649902646
EGGJ2;NETHERLANDS ANTILLES;AOA;1222854.6488916446
EGGJ2;NIGERIA;DJF;62800.83824222397
EGGJ2;CAMBODIA;ZAR;42074.40435283266
AFIIK;SOMALIA;BIF;18078943.715687107
AFIIK;UGANDA;SRD;33163.92928361833
AFIIK;SUDAN;BYR;542430397.0584106
AFIIK;DOMINICA;COP;102774141.61764717
AFIIK;DOMINICAN REPUBLIC;MGA;29882589.01334444
AFIIK;KAZAKHSTAN;GTQ;163201.64875275822
AFIIK;DENMARK;INR;1601976.6662278664
AFIIK;ISRAEL;RSD;2171973.3711299594
AFIIK;VIET NAM;QAR;86295.8332056725
AFIIK;BOTSWANA;BND;30434.46046123726
AFIIK;SERBIA;QAR;81004.6501587134
AFIIK;DOMINICA;LRD;3660572.1544674267
AFIIK;MACAU;XCD;5948.545122212035
AFIIK;MEXICO;NOK;44881.12448542483
EEEYc;LIBYAN ARAB JAMAHIRIYA;PGK;67361.4922391675
EEEYc;QATAR;CVE;397484.62694519863
EEEYc;CENTRAL AFRICAN REPUBLIC;LKR;5028577.746208092
EEEYc;HONDURAS;BND;10856.9568160621
EEEYc;CHILE;ILS;87374.26014703054
EEEYc;ANGOLA;MGA;99005735.71845256
EEEYc;ICELAND;VUV;2831165.725937789
EEEYc;BAHRAIN;XAF;17347823.3335661
EEEYc;BARBADOS;COP;62071740.6916523
EEEYc;TAIWAN, PROVINCE OF CHINA;LKR;6976845.81594639
EEEYc;INDIA;JPY;3204017.0611834554
EEEYc;INDIA;PAB;3748.8124161324495
EEEYc;UNITED KINGDOM;SVC;34443.53909804738
EEEYc;CAYMAN ISLANDS;MOP;149078.38243231754
EEEYc;TONGA;BZD;11975.625135635379
EEEYc;SWITZERLAND;ETB;370501.7682122955
EEEYc;ARGENTINA;PHP;1410044.0623651752
EEEYc;BRAZIL;GYD;324869.60121569614
GGJaa;ZAMBIA;NIO;27639.75449952253
GGJaa;LEBANON;PHP;78398.86467512975
GGJaa;GHANA;PES;40627.606457475194
GGJaa;DOMINICA;SYP;99371.15343106036
GGJaa;BERMUDA;OMR;446.7281777598753
GGJaa;SERBIA;TZS;1473543.417022545
GGJaa;GUATEMALA;TND;6925.700538685063
GGJaa;BHUTAN;HKD;14007.486865518213
GGJaa;SWEDEN;QAR;6355.4888614361125
GGJaa;PERU;GHS;2045.8050504006765
GGJaa;UKRAINE;LAK;8391064.547974996
GGJaa;BELIZE;ISK;265646.1242774413
GGJaa;SOLOMON ISLANDS;DKK;11711.0034634462
GGJaa;EURO;CVE;182248.48396951126
GGJaa;CAYMAN ISLANDS;RWF;1074071.6013976638
CEFZb;BULGARIA;TOP;40507.11691443877
CEFZb;INDIA;PHP;900159.263856149
CEFZb;DJIBOUTI;ETB;1132235.2649725813
CEFZb;DENMARK;SLL;384494363.2706701
BIIXa;BOLIVIA;MWK;23929694.343897697
BIIXa;PANAMA;BGN;37969.00460462683
BIIXa;MEXICO;ILS;81334.6060738218
BIIXa;VIET NAM;COP;101477310.24850743
BIIXa;MOZAMBIQUE;SAR;99857.31331082188
BIIXa;MEXICO;VES;88393.10065708683
BIIXa;INDONESIA;UYU;437285.18046043656
BIIXa;POLAND;CNY;7114.102502015161
BIIXa;CAYMAN ISLANDS;NZD;33446.614082144704
BIIXa;CAPE VERDE;SDG;14710158.625594588
BIIXa;NIGERIA;HTG;3131748.7018335555
BIIXa;CYPRUS;SBD;64547.55354168691
BIIXa;MEXICO;KYD;13152.55475772789
BIIXa;SUDAN;KES;479986.9202797666
BIIXa;NAMIBIA;RWF;7737664.084412054
BIIXa;MACAU;MGA;34258599.62950333
BIIXa;SURINAME;BTN;1771146.9507940433
BIIXa;CENTRAL AFRICAN REPUBLIC;SRD;27279.81605747984
MYYZZ;HAITI;SEK;296732.40210991225
MYYZZ;MACAU;SLL;70721155.1142897
MYYZZ;PANAMA;MWK;24009880.0625784
MYYZZ;BAHAMAS;BHD;13576.78821377927
MYYZZ;LIBYAN ARAB JAMAHIRIYA;SCR;146507.84517687175
HHINY;PANAMA;PKR;409848.886980417
HHINY;SINGAPORE;BRL;20792.47180432928
HHINY;VENEZUELA;LVL;1610.1468136930391
HHINY;GUYANA;DOP;68375.16289491185
HHINY;BANGLADESH;NZD;2186.9899986952514
HHINY;LIBERIA;IQD;6306544.748851401
HHINY;EL SALVADOR;TTD;19130.567810778128
HHINY;KAZAKHSTAN;CZK;106547.13301271212
HHINY;YEMEN;BND;3839.901216010742
HHINY;EGYPT;TZS;8294078.952394808
HHINY;UKRAINE;XCD;-66.05718268681754
HHINY;URUGUAY;TND;7016.497195197305
HHINY;MACAU;NOK;20024.692990526622
HHINY;CAMBODIA;TZS;4307941.020560742
HHINY;LEBANON;MUR;92353.65502136249
LMMY2;PAKISTAN;XOF;1655002.6984680921
LMMY2;MACAU;SVC;159194.21312389532
LMMY2;MALAWI;BRL;166424.48380943094
LMMY2;PAPUA NEW GUINEA;GTQ;290708.27491889434
LMMY2;PARAGUAY;CAD;4465.858794691305
LMMY2;FRENCH POLYNESIA;FJD;89900.55751259153
LMMY2;CHINA;AUD;42703.03512202941
LMMY2;HONDURAS;BTN;3926340.4994764994
LMMY2;ALGERIA;CYP;29106.739197183866
LMMY2;MOROCCO;UYU;2411459.0993792918
LMMY2;LAO PEOPLE'S DEMOCRATIC REP;DZD;5590415.744776593
LMMY2;AZERBAIJAN;JOD;40924.33278858705
LMMY2;BAHRAIN;NIO;931873.2759661401
LMMY2;LIBERIA;GTQ;1323.6834624977132
LMMY2;LIBYAN ARAB JAMAHIRIYA;CLP;33009318.1039083
LMMY2;MAURITIUS;TRY;915528.7101255902
CHMXa;GUATEMALA;LBP;4744478.401856715
CHMXa;CZECH REPUBLIC;MAD;283220.51303342107
CHMXa;GUATEMALA;KYD;16453.848778880892
CHMXa;CYPRUS;NZD;26571.24324436003
CHMXa;SAO TOME AND PRINCIPE;LRD;2506272.170540939
CHMXa;CYPRUS;NOK;11578.510134711812
CHMXa;SIERRA LEONE;TWD;49181.5479663686
CHMXa;LATVIA;AWG;38583.48765282702
CHMXa;DJIBOUTI;SZL;364204.18854057946
CHMXa;INDONESIA;XAF;7593874.937637537
CHMXa;INDONESIA;LYD;59083.50822879203
CHMXa;ALBANIA;LVL;2954.5237517971573
CHMXa;SRI LANKA;CLP;11152769.49007978
CHMXa;JAMAICA;MAD;88282.9925273844
CHMXa;SEYCHELLES;HRK;14473.728208646671
CHMXa;LIBYAN ARAB JAMAHIRIYA;RSD;2250038.349618561
CHMXa;NETHERLANDS ANTILLES;HNL;247820.41412168325
FIWY1;VIET NAM;FJD;30755.180935229666
FIWY1;LIBERIA;JPY;1061981.3339961343
FIWY1;LIBERIA;XPF;818193.9128476303
FIWY1;SWAZILAND;CAD;2988.0954997073236
FIWY1;KENYA;KWD;3296.096231342869
FIWY1;KOREA, REPUBLIC OF;BDT;1110765.6096617405
FIWY1;AZERBAIJAN;BHD;2540.2663101346157
FIWY1;UNITED ARAB EMIRATES;CVE;1430239.4383341353
FIWY1;EURO;MYR;22029.81422434174
FIWY1;ANGOLA;COP;14802185.475409664
FIWY1;ANGOLA;AUD;14461.831905670902
FIWY1;NETHERLANDS ANTILLES;HKD;10607.507951938109
FIWY1;SUDAN;COP;63468060.22932065
FIWY1;JORDAN;KWD;565.886903921886
FIWY1;CAMBODIA;THB;114655.57505268669
EEFNN;EL SALVADOR;LKR;3623488.0899388846
EEFNN;BRUNEI DARUSSALAM;YER;98142.98864243674
EEFNN;BOTSWANA;BOB;8310.977471691685
VZZ13;DENMARK;RWF;23423368.451886408
VZZ13;THAILAND;BDT;1587051.792835126
VZZ13;PERU;MOP;231138.65224254716
VZZ13;HUNGARY;IDR;294752766.3897196
VZZ13;DENMARK;IQD;29921213.582744367
VZZ13;SRI LANKA;UYU;96848.15310639462
VZZ13;LIBYAN ARAB JAMAHIRIYA;BTN;1216242.2647481107
VZZ13;CROATIA;HUF;2795712.521896802
VZZ13;NAMIBIA;LVL;12224.944415514441
VZZ13;MEXICO;BHD;6770.687134712361
VZZ13;TANZANIA, UNITED REPUBLIC OF;SVC;242234.7772550003
VZZ13;NICARAGUA;TND;75454.67103990998
VZZ13;CAMBODIA;NGN;14273055.097554365
VZZ13;RWANDA;SAR;48305.73150461347
VZZ13;SOUTH AFRICA;TZS;20468324.954738446
VZZ13;INDONESIA;MYR;45682.164448832526
VZZ13;INDIA;SGD;44470.350240460604
VZZ13;SYRIAN ARAB REPUBLIC;ZWL;10435805.095490513
JJYYY;EL SALVADOR;PAB;1580.7049409154458
JJYYY;PANAMA;BZD;15634.451963376612
JJYYY;HONDURAS;SZL;186783.83109637385
JJYYY;HAITI;HTG;1525951.1607610267
JJYYY;POLAND;SAR;50068.15133722084
JJYYY;RWANDA;MZN;266982.53268486896
JJYYY;NICARAGUA;VES;246687.75133330852
JJYYY;PERU;EGP;142544.98738727072
JJYYY;FRENCH POLYNESIA;BOB;49606.49357140815
JJYYY;CENTRAL AFRICAN REPUBLIC;SLL;7597451.48443247
JJYYY;ZIMBABWE;PES;2210162.8595861597
JJYYY;MALAYSIA;OMR;4248.937045298378
GNWc2;VIET NAM;CZK;8250.018673255008
ADDEG;BRUNEI DARUSSALAM;BBD;1154.0623989792286
ADDEG;KUWAIT;HTG;1038085.4503327425
ADDEG;CYPRUS;MWK;10071415.738758447
ADDEG;BOLIVIA;PYG;37967937.29203727
ENNVZ;VANUATU;NZD;7088.232118102924
ENNVZ;GHANA;ZMW;121482.29151496707
ENNVZ;JORDAN;KWD;148.9929260950038
ENNVZ;HONG KONG;SYP;2943978.409099722
ENNVZ;POLAND;MAD;37929.73783295986
ENNVZ;SWEDEN;ANG;5303.179905435115
ENNVZ;LIBERIA;LRD;1072010.6712092406
ENNVZ;SOLOMON ISLANDS;AWG;11753.93775034367
ENNVZ;TURKEY;KES;263938.76973749587
ENNVZ;HONG KONG;EUR;4461.751474678295
ENNVZ;SOUTH AFRICA;HTG;355070.6377122135
ENNVZ;TONGA;GBP;2200.369654149378
ENNVZ;QATAR;BOB;11425.93446074717
EJWab;BULGARIA;JMD;17890.371359021465
EJWab;JAMAICA;TTD;3876.5448468317595
EJWab;SAUDI ARABIA;EGP;14433.53411551772
EJWab;PAPUA NEW GUINEA;LBP;410428.4774406768
EJWab;MEXICO;NZD;601.674119714384
EJWab;TONGA;DKK;4762.530032475329
EJWab;CHINA;RUB;57121.450290364926
EJWab;GUATEMALA;MRO;134354.2396890804
EJWab;YEMEN;CNY;1488.4926103127782
NXZZZ;SYRIAN ARAB REPUBLIC;ILS;30306.331582875926
NXZZZ;ZIMBABWE;MYR;9708.794757827294
NXZZZ;PAPUA NEW GUINEA;SGD;17119.610626446596
AAKa2;BOTSWANA;EUR;3243.7267858034675
AAKa2;KENYA;KHR;12025201.405549895
AAKa2;BULGARIA;PLN;5511.6453439797915
AAKa2;TRINIDAD AND TOBAGO;ISK;768199.9273126881
AAKa2;RWANDA;YER;995687.3374634007
AAKa2;NIGERIA;BSD;6513.442307076503
CEGVW;MOZAMBIQUE;NPR;1436806.6446020335
CEGVW;MALAWI;PAB;8281.750450258278
CEGVW;CAYMAN ISLANDS;PHP;46309.40399713296
CEGVW;BARBADOS;SAR;33994.34316912591
CEGVW;GUINEA;KES;2994737.7675665347
CEGVW;UKRAINE;LRD;4800256.548568004
CEGVW;JAPAN;RSD;2010100.3912726592
CEGVW;CHINA;JOD;19628.16398804864
CEGVW;HAITI;IQD;30827665.967473585
CEGVW;SRI LANKA;INR;470828.9849579198
CEGVW;ALBANIA;KES;3788037.690485181
CEGVW;TURKEY;DZD;2438011.077015302
CEGVW;NICARAGUA;MAD;194589.89195681398
CEGVW;TAIWAN, PROVINCE OF CHINA;ARS;4045515.681656753
CEGVW;ROMANIA;DKK;197121.57988478127
CEGVW;RWANDA;RON;136453.79686232272
CEGVW;CANADA;BSD;7991.455410301602
CEGVW;LEBANON;GYD;3951414.7156712473
CEGVW;BRUNEI DARUSSALAM;JOD;-82.85921355466196
LNWWW;MOZAMBIQUE;JMD;48533.72100061816
LNWWW;INDONESIA;BRL;345.1360858079832
LNWWW;MADAGASCAR;MYR;1551.7280154926439
LNWWW;DOMINICAN REPUBLIC;PKR;53433.92860448264
BBBCV;SURINAME;LVL;4806.461484774026
BBBCV;SRI LANKA;PAB;16079.392056695615
BBBCV;TOGO;CLP;1564731.6140988076
BBBCV;INDONESIA;VUV;1062631.079740754
BBBCV;MEXICO;SYP;4123194.472708553
BBBCV;BAHRAIN;LKR;1588787.7379587472
BBBCV;SAMOA;IQD;23028697.652615167
BBBCV;BANGLADESH;HRK;22952.051159563114
BBBCV;ALBANIA;ARS;2459546.2070024675
BBBCV;LIBERIA;STD;261772568.3670417
BBBCV;VANUATU;ISK;1022868.5014177491
BBBCV;JAPAN;OMR;2761.5235467828406
CVYab;TUNISIA;IDR;67420350.88473405
CVYab;EL SALVADOR;CVE;242780.33459104667
CVYab;SEYCHELLES;UAH;194537.02112309326
CVYab;DOMINICA;FJD;179.748017582046
CVYab;KOREA, REPUBLIC OF;UYU;99720.42100673914
CVYab;INDONESIA;NPR;363483.3723765132
CVYab;MALDIVES;CLP;4793409.202865968
EMVVc;DOMINICAN REPUBLIC;TWD;81020.09752217593
AALWY;BRUNEI DARUSSALAM;NGN;818130.18695518
AALWY;OMAN;MMK;2685072.0063565085
AALWY;EURO;PAB;789.3874780569927
AALWY;IRAN (ISLAMIC REPUBLIC OF);PEN;8875.470769020769
AALWY;PANAMA;IQD;2771955.4731800775
AALWY;NETHERLANDS ANTILLES;SLL;13581133.98022316
AALWY;AUSTRALIA;TOP;4735.555942478753
AALWY;EL SALVADOR;MXN;34388.45729121452
AALWY;CAPE VERDE;JPY;282162.0885786901
AALWY;MOZAMBIQUE;CHF;1711.3429240844043
AALWY;GUYANA;TND;235.71975406904167
AALWY;EL SALVADOR;LYD;2172.495953805349
AALWY;TANZANIA, UNITED REPUBLIC OF;BYR;21302239.000107378
AALWY;KAZAKHSTAN;GNF;451723.87871644786
AALWY;LIBYAN ARAB JAMAHIRIYA;GHS;4155.972448922102
AALWY;ALGERIA;CNY;7159.66236906871
AALWY;CYPRUS;TZS;1930879.9967025453
AALWY;BURUNDI;KHR;5119662.017426215
AALWY;SRI LANKA;RUB;73807.20461538526
AALWY;TRINIDAD AND TOBAGO;SVC;17286.62650445436
AHIb2;RUSSIAN FEDERATION;MAD;49792.43878932381
AHIb2;NICARAGUA;UYU;333569.16670151195
AHIb2;OMAN;ZAR;79877.32351930087
AHIb2;JORDAN;PGK;4960.421693679128
AHIb2;SRI LANKA;ILS;6842.097212511383
AHIb2;THAILAND;BTN;114873.0367021672
AHIb2;PARAGUAY;VUV;92642.24785374558
AHIb2;NIGERIA;MVR;101150.196604834
AHIb2;MALDIVES;BYR;151311926.78198636
AHIb2;BELIZE;KHR;13576819.374910617
AHIb2;BOTSWANA;MXN;49438.28328075434
AHIb2;MADAGASCAR;CNY;5508.394000275829
AHIb2;MACAU;ISK;440714.5950075675
AHIb2;BULGARIA;MZN;389875.15600614244
AHIb2;BAHRAIN;ISK;305674.0617372048
BDGNa;VENEZUELA;GBP;14099.624790278562
BDGNa;TRINIDAD AND TOBAGO;VUV;1725142.1175695127
BDGNa;PHILIPPINES;BMD;32649.889845646714
BDGNa;BELIZE;ZWL;933196.68426121
BDGNa;BURUNDI;RSD;1987626.1542334298
BDGNa;COSTA RICA;XAF;18837590.94183187
BDGNa;BAHAMAS;KES;2713905.0660979985
BDGNa;SRI LANKA;ANG;33144.57405153528
BDGNa;SURINAME;VUV;3231620.986253062
BDGNa;MOZAMBIQUE;MAD;222941.2483993396
BDGNa;ARUBA;SDG;17230571.13922788
BDGNa;NAMIBIA;PYG;179675312.33689007
BDGNa;BHUTAN;LKR;3816908.0692652697
BDGNa;BERMUDA;BDT;498055.81127005105
BDGNa;TURKEY;OMR;3110.00237767612
BDGNa;MACAU;PLN;144619.71338257866
BDGNa;UGANDA;THB;79671.49480150225
BDGNa;NEPAL;CVE;825808.3950757044
EVZ11;UNITED ARAB EMIRATES;OMR;2670.0675275759127
EVZ11;INDONESIA;COP;34122499.3648581
EVZ11;HAITI;BGN;5259.909557514026
EVZ11;SAMOA;XOF;7607101.285342675
EVZ11;MAURITANIA;MYR;42154.67137464611
EVZ11;CENTRAL AFRICAN REPUBLIC;KRW;11098101.187903598
EVZ11;HONDURAS;CYP;530.4274273205964
EVZ11;FRENCH POLYNESIA;SOS;2667955.7533703293
EVZ11;NAMIBIA;NZD;11073.290581753023
EVZ11;SAUDI ARABIA;KYD;280.16833453297767
EVZ11;MOZAMBIQUE;IQD;10118069.800452722
EVZ11;SERBIA;NOK;72742.19692905746
EVZ11;PAPUA NEW GUINEA;CYP;1339.6563676730816
EVZ11;VENEZUELA;AWG;26402.008601784833
BCL22;GUYANA;THB;14201.033910543634
BFGYY;KAZAKHSTAN;XOF;3072339.67474109
BFGYY;SIERRA LEONE;SGD;2622.3407420046246
BFGYY;MADAGASCAR;SGD;7742.094776199882
BFGYY;CAPE VERDE;LBP;11001533.868614139
BFGYY;SYRIAN ARAB REPUBLIC;NGN;44558.078690481685
BFGYY;TOGO;XAF;4775392.938584034
BFGYY;ANGOLA;BRL;16157.870536776805
BFGYY;CAPE VERDE;CNY;6849.604852355294
BFGYY;AZERBAIJAN;NIO;262628.75115599704
BFGYY;CAYMAN ISLANDS;PYG;15135484.52778546
BGLNV;ROMANIA;TRY;11844.787329590672
BGLNV;MACAU;MYR;12286.075761719989
BGLNV;OMAN;ILS;2702.097933703608
BGLNV;SWEDEN;BGN;6969.869892467997
BGLNV;LATVIA;NIO;36676.18666053812
BGLNV;RUSSIAN FEDERATION;SEK;37447.7681675597
BGLNV;IRAQ;MVR;56336.11639365201
BGLNV;TRINIDAD AND TOBAGO;IRR;84276168.39233069
BGLNV;GUINEA;TOP;5900.93215453804
BGLNV;GUINEA;SBD;9459.77027927726
BGLNV;MOROCCO;SOS;302058.9703803275
CEHcc;EL SALVADOR;LKR;2908482.9541721153
CEHcc;INDONESIA;SGD;12078.554324487392
CEHcc;TURKEY;JMD;38950.21105147634
CEHcc;INDONESIA;MWK;-55330.91059744646
CEHcc;DOMINICA;BIF;10013706.803585518
CEHcc;BELARUS;CYP;6774.522029802225
CEHcc;SAUDI ARABIA;RUB;227324.6516755126
CEHcc;DOMINICA;XOF;6627186.808433236
CEHcc;SOUTH AFRICA;PGK;33922.57596059495
CEHcc;JORDAN;FJD;9558.77530379827
CEHcc;IRAN (ISLAMIC REPUBLIC OF);UYU;60792.28697698015
CEHcc;ALGERIA;EUR;13898.816926217525
CEHcc;BARBADOS;ANG;23888.61543425871
CEHcc;MAURITIUS;LBP;7453975.617382698
CEHcc;IRAN (ISLAMIC REPUBLIC OF);MMK;15514663.144859692
AIVXZ;MAURITIUS;IDR;181789371.0927401
AIVXZ;HUNGARY;YER;1424109.14214032
AIVXZ;KUWAIT;JOD;3381.069513812065
AIVXZ;BELARUS;NZD;1875.8690238044214
AIVXZ;JORDAN;ZMW;89329.9578841882
AIVXZ;IRAQ;SGD;8252.962640322497
AIVXZ;MAURITANIA;MOP;47394.27076014195
AIVXZ;MAURITIUS;WST;6908.700000596879
AIVXZ;BARBADOS;ISK;886292.8602662905
AIVXZ;MYANMAR;BTN;1250002.296323571
AIVXZ;KAZAKHSTAN;RON;82648.43538436053
AIVXZ;CHINA;PLN;877.6995255870443
AIVXZ;SOLOMON ISLANDS;GNF;164058761.7133575
AIVXZ;IRAQ;TWD;596440.0200311583
AIVXZ;BANGLADESH;SRD;101518.30009775757
AIVXZ;DOMINICA;MYR;30711.6238752027
AIVXZ;MALAYSIA;BRL;68193.23965640304
AIVXZ;MOROCCO;BBD;35784.71052546606
AIVXZ;SUDAN;LRD;1780157.11912459
AIVXZ;SYRIAN ARAB REPUBLIC;MYR;65175.624290110434
ILMZ2;GHANA;UGX;27367489.437161203
ILMZ2;DENMARK;NGN;17047357.54287403
ILMZ2;MALDIVES;MUR;1220047.2096470979
ILMZ2;MALAYSIA;NOK;88864.02857747462
ILMZ2;MACAU;ARS;5129846.378168287
ILMZ2;JAMAICA;BYR;275675406.29737663
ILMZ2;CENTRAL AFRICAN REPUBLIC;TND;101166.0827926855
ILMZ2;NIGERIA;KWD;5818.677846667492
ILMZ2;CAMBODIA;CZK;646412.7387080359
ILMZ2;HUNGARY;CAD;28711.865538789618
ILMZ2;HONDURAS;INR;1523493.8523834557
ILMZ2;JAMAICA;KRW;44595874.76038138
ILMZ2;MADAGASCAR;JMD;3830074.297928801
ILMZ2;SOMALIA;ARS;5670811.99622967
EJKMX;EGYPT;MGA;35676162.638166815
EJKMX;PARAGUAY;BND;8847.05866807156
EJKMX;ZIMBABWE;ALL;928372.9645199915
EJKMX;SYRIAN ARAB REPUBLIC;SOS;13586.12589993913
EJKMX;NETHERLANDS ANTILLES;EUR;4010.9807001872687
EJKMX;BOLIVIA;MUR;337395.74023457925
EJKMX;BELIZE;SEK;50403.63593831433
EJKMX;SRI LANKA;INR;285501.7522242345
EJKMX;SOLOMON ISLANDS;TZS;19367621.26958035
EJKMX;NIGERIA;QAR;27670.464029564235
EJKMX;BAHRAIN;CZK;145989.7456146604
EJKMX;TAIWAN, PROVINCE OF CHINA;AZN;17301.838297935123
EJKMX;CROATIA;IQD;5272199.002612479
EJKMX;TAIWAN, PROVINCE OF CHINA;BRL;59767.92976986879
EJKMX;MOZAMBIQUE;JMD;226031.46910050462
EJKMX;POLAND;MXN;5868.33405457258
EJKMX;PARAGUAY;MRO;4024602.41722641
EJKMX;COSTA RICA;UYU;144610.71450922036
EJKMX;BOTSWANA;INR;136977.5203919925
EJKMX;NETHERLANDS ANTILLES;SGD;11153.14165777678
EVVV3;NIGERIA;CYP;1978.4809601899544
EVVV3;HONDURAS;GBP;9340.232503430558
EVVV3;GUINEA;RSD;1248275.1491353416
EVVV3;UKRAINE;PHP;273610.13915955095
EVVV3;COSTA RICA;KHR;47935125.97538732
EVVV3;BURUNDI;WST;16367.318047296436
EVVV3;CAPE VERDE;MVR;54937.95816433151
EVVV3;KENYA;STD;143393914.48002166
EVVV3;MOZAMBIQUE;AED;8320.707889611813
EVVV3;CENTRAL AFRICAN REPUBLIC;RSD;806790.6525116051
EVVV3;MOZAMBIQUE;WST;2768.563117972323
EVVV3;MAURITANIA;KHR;50838368.793517634
EVVV3;FRENCH POLYNESIA;TWD;208244.19505534487
EVVV3;CAYMAN ISLANDS;MXN;158799.985674549
BDKW2;MYANMAR;SGD;263.6122504149679
BDKW2;MALAYSIA;RUB;18594.949186931004
BDKW2;KOREA, REPUBLIC OF;ZAR;7263.299895599899
BDKW2;CHINA;CZK;414.4857579185015
BDKW2;NAMIBIA;JOD;171.24808859657585
BDKW2;BOLIVIA;NAD;4080.332117604647
BDKW2;BELARUS;IDR;1928973.7698178287
BDKW2;MYANMAR;LKR;88512.2079075027
BDKW2;GUATEMALA;AED;725.1855351880486
BDKW2;DOMINICA;OMR;157.0785818936783
BDKW2;SUDAN;SBD;1005.1840694252718
BDKW2;BHUTAN;AOA;5570.4810140478185
BDKW2;JAMAICA;NIO;9278.319443927432
BDKW2;POLAND;PGK;1577.7536561558898
BDKW2;NORWAY;KES;2964.697345030607
BDKW2;ICELAND;SBD;2843.780247044914
BDKW2;PANAMA;SZL;5620.876173103803
BDKW2;MEXICO;GNF;3891143.2614674447
BDKW2;OMAN;LYD;415.3386150732128
BDKW2;EURO;IDR;5089207.392710866
JVaab;BERMUDA;BGN;3203.7727214436904
JVaab;EURO;DZD;185396.58174949442
JVaab;YEMEN;BBD;2961.6481676732
JVaab;SOMALIA;CHF;199.22955514380365
JVaab;KUWAIT;ARS;289181.78539514163
JVaab;KOREA, REPUBLIC OF;OMR;1169.006101075222
JVaab;KENYA;NZD;1900.4268469589165
JVaab;ZAMBIA;ALL;243376.2776090059
JVaab;BOTSWANA;BDT;352008.1093706341
AEKZa;IRAQ;QAR;22018.52506207244
AEKZa;ALBANIA;TRY;93888.99963281052
AEKZa;ANGOLA;KES;284043.17790788994
AEKZa;CROATIA;SEK;83439.10268770672
AEKZa;SERBIA;BRL;5488.606240549945
AEKZa;YEMEN;RUB;275680.38009719335
AEKZa;VENEZUELA;LVL;3726.2960382855663
AEKZa;FIJI;FJD;9474.616985793324
AEKZa;HONDURAS;PGK;499.58860098470456
AEKZa;INDONESIA;OMR;1674.5913661296806
AEKZa;LAO PEOPLE'S DEMOCRATIC REP;TZS;5700631.753733793
AEKZa;QATAR;UAH;255332.4499492495
AEKZa;CAMBODIA;ARS;992271.2153024771
AEKZa;NEPAL;TOP;17331.64812119518
AEKZa;SERBIA;MGA;11579382.006117646
AEKZa;SUDAN;SVC;4423.363421270177
AEKZa;MOZAMBIQUE;MXN;23441.73594585686
AEKZa;SERBIA;RSD;612114.9171565083
AEKZa;SOUTH AFRICA;VND;67553633.71025485
AEKZa;ALBANIA;TWD;163279.96288216795
ACDFX;INDIA;BYR;88413498.98214239
ACDFX;EL SALVADOR;CVE;755676.3675497
ACDFX;LIBERIA;NZD;9426.105651644826
ACDFX;BRAZIL;CHF;4369.029625078148
HLNN2;PERU;JMD;3191.324639990226
HLNN2;CYPRUS;SBD;160.23240263142216
HLNN2;SWEDEN;CYP;13.412493099676327
HLNN2;LIBERIA;IRR;124332.74429609803
HLNN2;DOMINICAN REPUBLIC;TRY;-0.4218720435793583
HLNN2;CZECH REPUBLIC;KRW;7440.289993431179
HLNN2;PAPUA NEW GUINEA;GTQ;8.157544774412898
HLNN2;SUDAN;SDG;1949.829604806502
HLNN2;VANUATU;GHS;76.79824818035017
HLNN2;YEMEN;XAF;3764.6706838130062
HLNN2;SOUTH AFRICA;AED;80.57050360060943
HLNN2;TONGA;CYP;3.720337568997424
HLNN2;TRINIDAD AND TOBAGO;GMD;1543.675852665541
HLNN2;BRAZIL;COP;88068.2712751088
HLNN2;ALBANIA;VES;159.2201686756859
HLNN2;FRENCH POLYNESIA;MWK;545.0970846119675
DDXX2;SAUDI ARABIA;MOP;33735.04248023632
DDXX2;CHILE;IDR;59690139.387459874
DDXX2;CYPRUS;XAF;1721709.391503309
DDXX2;URUGUAY;ISK;775913.3131174822
DDXX2;HONG KONG;CZK;123311.56025827688
DDXX2;LAO PEOPLE'S DEMOCRATIC REP;LAK;30045436.196447935
DDXX2;SOUTH AFRICA;TWD;126956.2914260266
DDXX2;FIJI;SDG;3713360.6435386706
DDXX2;CHINA;OMR;1358.9772731185374
DDXX2;LIBERIA;AED;71.08644564429169
DDXX2;SOUTH AFRICA;VUV;107813.86358561229
DDXX2;MALAYSIA;BOB;39802.76180938117
DDXX2;IRAQ;DZD;805474.278858208
DFGVb;TAIWAN, PROVINCE OF CHINA;BZD;18605.798624366336
DFGVb;TONGA;SYP;2042466.8326638108
DFGVb;COSTA RICA;LYD;17478.99471985907
DFGVb;GUATEMALA;PHP;260781.84760200322
DFGVb;EGYPT;CZK;203657.20230817687
DFGVb;NAMIBIA;VND;124186696.76921017
DFGVb;SRI LANKA;BMD;7993.625084661014
DFGVb;PANAMA;XAF;2912369.062758998
DFGVb;GUINEA;BSD;8221.547139881499
DFGVb;LATVIA;YER;1818139.4434607509
DFGVb;NETHERLANDS ANTILLES;DJF;816103.9447739073
DFGVb;GHANA;ZWL;3338129.599931938
DFGVb;BOTSWANA;QAR;30603.158310086284
DFGVb;BANGLADESH;IDR;21841890.560119454
DFGVb;SOUTH AFRICA;SYP;1950747.1262957929
DFGVb;DENMARK;PES;742661.5819378418
DFGVb;NEW ZEALAND;PLN;30542.605002071796
DFGVb;TOGO;DOP;200521.38368873962
DFIJZ;HONG KONG;KZT;1332435.100030129
DFIJZ;HONG KONG;CAD;2457.409176124167
DFIJZ;NORWAY;AWG;520.7848152619047
DFIJZ;MALDIVES;TZS;3625336.470508005
CZZbc;EL SALVADOR;THB;1867.4913336415896
CZZbc;ISRAEL;HRK;542.9019444161482
CZZbc;GAMBIA;SAR;137.4415046323249
CZZbc;SWEDEN;XPF;3634.4746799229124
CZZbc;YEMEN;PLN;301.78781851198283
CZZbc;THAILAND;RSD;1961.4205729127207
CZZbc;NICARAGUA;UAH;363.0477719009198
CZZbc;SAO TOME AND PRINCIPE;TTD;480.02705312181934
CZZbc;SURINAME;BYR;1290878.1769908806
CZZbc;RUSSIAN FEDERATION;WST;70.97393959620234
CZZbc;IRAQ;MZN;3914.208900595504
CZZbc;DOMINICAN REPUBLIC;HTG;7300.861771130406
CZZbc;NORWAY;EUR;12.997049477395118
CZZbc;OMAN;AZN;52.51105723716554
CZZbc;NEW ZEALAND;XPF;7908.307951709478
CZZbc;TRINIDAD AND TOBAGO;PEN;130.54627492684392
CZZbc;SOLOMON ISLANDS;UAH;132.01737160033449
CZZbc;NETHERLANDS ANTILLES;RSD;1756.6475881651459
CZZbc;NAMIBIA;TOP;107.0120332094977
CZZbc;JAPAN;UYU;2412.6126393923355
FGLc1;EL SALVADOR;MWK;1294604.1387869283
FGLc1;THAILAND;LAK;39563226.426338166
FGLc1;PERU;HTG;840284.7889426271
FGLc1;TRINIDAD AND TOBAGO;KWD;1298.2314809042127
FGLc1;PAKISTAN;CVE;363414.51993668213
FGLc1;BELARUS;KWD;1874.3639921617787
ac222;MALDIVES;CZK;193374.72152544712
ac222;NAMIBIA;KHR;44912816.561918646
ac222;SEYCHELLES;PGK;29121.414231917573
ac222;SIERRA LEONE;PGK;63804.3083037355
ac222;MALDIVES;SZL;345553.4427613746
ac222;CAPE VERDE;HRK;134676.16691123354
ac222;HAITI;BIF;24653463.546913862
ac222;ARGENTINA;DOP;583387.0176827892
ac222;SEYCHELLES;AOA;3755282.5479149357
ac222;COLOMBIA;KZT;795038.3722722492
ac222;EGYPT;MUR;502747.9124416225
ac222;URUGUAY;CAD;2636.905665273331
ac222;BAHAMAS;BOB;6443.571924370939
ac222;BHUTAN;KZT;7200241.635002087
ac222;CAYMAN ISLANDS;NOK;8388.497515064531
ac222;SOLOMON ISLANDS;VND;32370598.363509167
ac222;SOLOMON ISLANDS;JPY;403561.827793709
ac222;BANGLADESH;BHD;1697.7657866575248
ac222;CAYMAN ISLANDS;MOP;90779.3230540463
CIIJX;BARBADOS;LVL;1743.2704858386162
CIIJX;TONGA;BTN;473206.8536007635
CIIJX;SOLOMON ISLANDS;SRD;10456.838291806167
CIIJX;MAURITANIA;SZL;67332.0975606722
CIIJX;CAYMAN ISLANDS;CAD;9020.106144511148
CIIJX;BELARUS;ALL;68747.01836912625
CIIJX;CANADA;BWP;60965.684092045805
CIIJX;TANZANIA, UNITED REPUBLIC OF;MZN;436753.0945449619
CIIJX;SURINAME;BBD;3665.1987176157777
EGKb3;PARAGUAY;MRO;1217265.3729170274
EGKb3;CAPE VERDE;HUF;2502178.4322342114
EGKb3;RWANDA;ISK;555458.7453439092
EGKb3;DENMARK;MWK;574681.6324416528
EGKb3;CHILE;LKR;13186.296055982524
EGKb3;GUYANA;VUV;248301.08962926886
EGKb3;JAMAICA;AWG;6991.380277717254
EGKb3;SAMOA;ZMW;32754.255321351233
EGKb3;CAPE VERDE;STD;139354556.96016738
EGKb3;UNITED ARAB EMIRATES;MZN;139456.96499589735
DFFN3;THAILAND;RWF;10373882.357013537
DFFN3;SAUDI ARABIA;JPY;1442697.2009167336
DFFN3;SOUTH AFRICA;KRW;13262520.254727993
AEYa2;ETHIOPIA;MWK;2219461.3867548844
AEYa2;MALAWI;RWF;6637139.900621884
AEYa2;TAIWAN, PROVINCE OF CHINA;TRY;14024.378517023159
AEYa2;NETHERLANDS ANTILLES;GTQ;38415.3037167577
AEYa2;SAMOA;MUR;212470.22665630176
AEYa2;NEPAL;BOB;8747.812831977224
AEYa2;BRUNEI DARUSSALAM;SYP;2685856.782748248
AEYa2;KAZAKHSTAN;SDG;942814.7324283377
AEYa2;UKRAINE;PKR;575630.6218843766
AJZaa;CROATIA;COP;67186937.71740744
AJZaa;HAITI;WST;26009.815857320544
AJZaa;MALDIVES;PHP;855717.4794551365
AJZaa;BHUTAN;AZN;3454.012489064806
AJZaa;ICELAND;ISK;2261804.215689693
AJZaa;NIGERIA;SRD;538567.7914178427
AJZaa;SRI LANKA;WST;24483.841656131917
AJZaa;ISRAEL;LKR;140880.2768347935
AJZaa;CYPRUS;OMR;2826.250660043932
AJZaa;EURO;BRL;13082.996528023947
AJZaa;POLAND;PLN;4069.2816722034117
AJZaa;RUSSIAN FEDERATION;RSD;1116432.536144292
AJZaa;MALDIVES;JOD;7677.928389079184
AJZaa;LEBANON;MGA;64104609.76068313
HNZc3;LEBANON;ANG;1843.2754871023858
HNZc3;SOMALIA;FJD;3967.474503895964
HNZc3;AZERBAIJAN;RWF;2879459.432281229
HNZc3;KENYA;GHS;62066.36889348698
HNZc3;SUDAN;IRR;61699698.34193846
HNZc3;VANUATU;GMD;134501.38050802491
HNZc3;MYANMAR;GBP;274.77862276233327
HNZc3;URUGUAY;DJF;627788.0095043717
HNZc3;TUNISIA;XCD;12738.049397641505
HNZc3;SWAZILAND;EGP;51762.14905822937
EEa12;GUATEMALA;JMD;1234064.159454919
EEa12;CHILE;BBD;8978.522974785265
EEa12;BELIZE;SBD;75052.59470204696
EEa12;PARAGUAY;BWP;142894.55634678563
EEa12;IRAN (ISLAMIC REPUBLIC OF);IRR;107017782.51189665
EEa12;POLAND;UYU;256012.45460038134
EEa12;MALAWI;BWP;91632.22511719912
EEa12;NORWAY;JMD;1907728.343079358
V2233;SAMOA;BDT;134106.47834911986
V2233;MALAWI;HTG;485237.3445599583
V2233;PERU;MGA;16042126.592081973
V2233;IRAQ;BOB;37559.0473374419
V2233;INDIA;EUR;3961.069215747053
V2233;SEYCHELLES;BOB;23050.35508038821
V2233;DOMINICA;HNL;93881.23478550579
V2233;GUINEA;KYD;1842.1252970333612
V2233;ALGERIA;UAH;199651.17052041466
V2233;PERU;ETB;230692.6940684494
V2233;SIERRA LEONE;MAD;22479.883339686534
V2233;KOREA, REPUBLIC OF;COP;35090149.0430474
V2233;GAMBIA;DOP;170820.3585064968
V2233;BARBADOS;VUV;152352.45486881136
V2233;TUNISIA;BTN;201299.09004574717
V2233;BERMUDA;INR;413469.08067124605
V2233;MOZAMBIQUE;BBD;4679.195423839037
V2233;ALBANIA;CYP;809.6641591033663
V2233;FRENCH POLYNESIA;LRD;429582.1953318394
AMXYY;MAURITANIA;IRR;1232585216.2984104
DEGJc;EURO;GHS;511685.49355777836
DEGJc;FRENCH POLYNESIA;GBP;13484.826707816095
DEGJc;INDIA;MMK;73731130.43621792
DEGJc;ISRAEL;BTN;1637864.314669934
DEGJc;EL SALVADOR;JPY;2390700.56539902
DEGJc;MALAWI;BTN;1151160.4485535454
DEGJc;QATAR;SZL;481536.3288805167
DEGJc;ROMANIA;LBP;61142332.023870945
DEGJc;SOLOMON ISLANDS;BSD;38057.407766985336
DEGJc;VENEZUELA;DJF;1762992.4404868956
DEGJc;CAYMAN ISLANDS;BBD;34033.55141217562
DEGJc;SAMOA;CYP;11605.629044582114
DEGJc;TONGA;HNL;284129.6077949386
DEGJc;CYPRUS;JPY;5928643.408827699
DEGJc;GUATEMALA;AZN;60144.55253539066
DEGJc;SINGAPORE;IRR;830975528.4924109
DEGJc;ZAMBIA;BWP;334317.55333020986
DEGJc;FIJI;AZN;37115.729833842546
LWa13;EGYPT;RON;25357.22443395824
LWa13;MALAYSIA;TRY;583024.3959635928
LWa13;PERU;JMD;3710701.223852486
LWa13;SERBIA;CZK;501702.86990506045
AGH22;FRENCH POLYNESIA;JPY;115844.01026676974
AGH22;SINGAPORE;ISK;114275.95544508615
AGH22;NICARAGUA;BWP;-169.54887787713335
AGH22;PHILIPPINES;SLL;23773467.2167342
AGH22;PAKISTAN;TRY;13802.884742569006
AGH22;BAHRAIN;NIO;19612.96306846392
AGH22;SYRIAN ARAB REPUBLIC;XAF;608721.842806842
AGH22;GUINEA;UAH;23918.810420718517
AGH22;RWANDA;ZAR;13299.466043538054
AGH22;CANADA;KHR;4303599.233435141
AGH22;TUNISIA;GNF;2547901.267132319
AGH22;MEXICO;TTD;2026.0282718989158
AGH22;RUSSIAN FEDERATION;MYR;1707.2693050518476
AGH22;HONG KONG;DZD;170190.69867323656
AGH22;COLOMBIA;MXN;12182.28322016501
CFGHK;BHUTAN;MWK;1777186.980947264
CFGHK;BULGARIA;BBD;3170.3707223910756
CFGHK;SURINAME;BWP;7407.871987913822
CFGHK;BAHRAIN;BSD;2318.798620798624
CFGHK;MEXICO;SZL;40599.57768610983
CFGHK;BURUNDI;FJD;9991.569446116937
CIJJX;BANGLADESH;SOS;2828613.4148968123
CIJJX;MAURITIUS;TTD;31947.344862110254
CIJJX;BRUNEI DARUSSALAM;EGP;134369.1533913142
CIJJX;SAMOA;GMD;206103.33795064987
CIJJX;FRENCH POLYNESIA;DOP;520060.4903632481
CIJJX;ZAMBIA;MGA;14368394.390575327
CIJJX;SINGAPORE;LYD;16656.47402344881
CIJJX;SYRIAN ARAB REPUBLIC;CZK;97228.39562230112
CIJJX;UGANDA;MUR;188752.3397115514
CIJJX;POLAND;XPF;807936.587266429
CIJJX;MACAU;DZD;112302.55484417698
CIJJX;HONG KONG;KYD;1893.2632636262056
CIJJX;BRAZIL;MUR;16865.613037402654
CIJJX;MACAU;LVL;4171.431751798462
CIJJX;BOTSWANA;JOD;7307.718475271098
CIJJX;PARAGUAY;IRR;11687844.354576418
HIKc1;CHILE;UAH;77103.36304947539
HIKc1;SAMOA;SZL;590217.8707917427
AIKWW;ICELAND;LVL;348.18150183114767
AIKWW;FRENCH POLYNESIA;AOA;2220549.4386376296
AIKWW;SOLOMON ISLANDS;SDG;3049866.7313371557
AIKWW;GUATEMALA;PLN;20895.24644242933
AIKWW;SYRIAN ARAB REPUBLIC;KES;592046.3263764994
AIKWW;SWEDEN;TOP;4866.657680386825
AIKWW;SAUDI ARABIA;BWP;45411.86754686211
AIKWW;BANGLADESH;TWD;49265.32511867272
CCJVX;EGYPT;SCR;127053.95342450943
CCJVX;BRUNEI DARUSSALAM;BIF;15463628.430730404
CCJVX;SAMOA;LKR;3929528.004787642
CCJVX;BAHRAIN;UGX;17366605.243559476
CCJVX;URUGUAY;MMK;19652764.03913993
CCJVX;PANAMA;RWF;11868565.511130704
CCJVX;FIJI;XAF;6923872.089926763
CCJVX;CAPE VERDE;ALL;222991.66232656856
CCJVX;SYRIAN ARAB REPUBLIC;MXN;37411.949256502834
CCJVX;ALBANIA;HTG;1338931.6609376206
CCJVX;ALGERIA;MVR;46699.782034509
CCJVX;NAMIBIA;JOD;6024.082317199083
CCJVX;BELARUS;KRW;-121551.04088765367
CCJVX;HONDURAS;VND;176077796.56280914
CCJVX;MALAWI;IQD;5027538.479958726
CCJVX;UGANDA;XPF;736332.0074711284
CCJVX;CAMBODIA;UYU;168239.84735167836
CCJVX;VIET NAM;BHD;3306.9885053177313
LNWWa;ALGERIA;LBP;2671287.7009561574
LNWWa;BRAZIL;NOK;16894.825838386125
LNWWa;TANZANIA, UNITED REPUBLIC OF;TTD;4286.164275860505
LNWWa;LEBANON;SAR;4986.569486828874
LNWWa;ISRAEL;XOF;1931752.6680945025
FXXac;JAPAN;LAK;65139242.95939854
FXXac;CHILE;CVE;997082.6633561318
FXXac;SOLOMON ISLANDS;STD;129570211.16340856
FXXac;SIERRA LEONE;GNF;28359477.200315192
FXXac;NORWAY;STD;7912335.521097665
FXXac;NORWAY;VND;67473537.67979017
FXXac;SWAZILAND;PYG;20393964.20522474
FXXac;BAHAMAS;UYU;229964.06563647487
FXXac;AUSTRALIA;BTN;388612.1370216462
FXXac;MOROCCO;COP;8966722.833349138
FXXac;CROATIA;TWD;108957.01832108953
FXXac;MEXICO;CVE;284985.5736008959
ABCXb;TANZANIA, UNITED REPUBLIC OF;XOF;925273.0940433865
ABCXb;SAMOA;QAR;5773.889961709033
ABCXb;ANGOLA;UYU;19474.021520464983
ABCXb;SWEDEN;MXN;33293.85257239784
ABCXb;CANADA;BOB;10349.355840414704
ABCXb;ZAMBIA;STD;17665218.746174216
ABDFI;SWITZERLAND;HUF;6567717.277981688
ABDFI;GUYANA;KRW;42948035.71578897
EKVW2;GUINEA;SVC;44897.47819004984
EKVW2;THAILAND;XAF;2821531.2781643206
EKVW2;CHILE;STD;220498433.56298137
EKVW2;SAMOA;AED;29914.133639843018
EKVW2;SAMOA;MAD;38952.43994161601
EKVW2;NETHERLANDS ANTILLES;EUR;2787.0204001955926
BDF23;ARGENTINA;CLP;3174587.6412870483
BDF23;UNITED ARAB EMIRATES;BMD;2076.3072344934135
BDF23;MAURITANIA;HRK;7031.724882706837
BDF23;JAPAN;GMD;504676.3375491676
BDF23;SOUTH AFRICA;MUR;273438.87595014076
BDF23;VIET NAM;ANG;16368.012241721148
BDF23;TONGA;ISK;1305342.4822414983
BDF23;BULGARIA;LRD;929715.7158593788
BDF23;FIJI;XCD;18120.499519153927
BDF23;EL SALVADOR;MRO;1755155.9114515015
BDF23;TOGO;CAD;9682.037947204184
BDF23;SAUDI ARABIA;SGD;5452.025959542818
BDF23;RWANDA;PGK;21967.28673291867
BDF23;CAYMAN ISLANDS;XCD;5444.239364460086
BDF23;COLOMBIA;BIF;4189666.3095259424
BDF23;BOTSWANA;DZD;1359142.0677670098
BDF23;NICARAGUA;PYG;33807176.42478924
BDF23;GAMBIA;NPR;519481.1393086833
BDI12;CYPRUS;RSD;14764.185766249346
BDI12;UGANDA;PKR;31813.470727990363
BDI12;ARGENTINA;BGN;92.29805474366883
BDI12;PARAGUAY;MVR;2829.6584282733734
BDMZb;GHANA;RSD;219633.5302841949
BDMZb;YEMEN;KZT;2254098.9429812483
BDMZb;FRENCH POLYNESIA;PAB;8772.433817816855
BDMZb;NETHERLANDS ANTILLES;DKK;-80.83303794844323
BDMZb;LATVIA;GHS;27724.748488359623
BDMZb;BULGARIA;VND;108444174.84500179
BDMZb;FRENCH POLYNESIA;MOP;96833.46621167759
BDMZb;NAMIBIA;TTD;43563.19453452866
BDMZb;UNITED KINGDOM;GNF;89465297.53175324
BDMZb;ZIMBABWE;BSD;7126.288405224971
BDMZb;SWAZILAND;CNY;3668.806891208808
BDMZb;SYRIAN ARAB REPUBLIC;SYP;2433464.7378907115
BDMZb;ROMANIA;FJD;8775.12214035941
CFLN2;PANAMA;CYP;4726.734785625404
CFLN2;INDIA;QAR;18794.98925878879
CFLN2;TAIWAN, PROVINCE OF CHINA;SEK;99877.29313084006
CFLN2;MAURITANIA;HKD;50547.647759250685
CFLN2;URUGUAY;BIF;20211223.535497002
CFLN2;MALAYSIA;MAD;6474.196247469528
CFLN2;FRENCH POLYNESIA;KES;1170446.6115434996
CFLN2;LATVIA;UGX;36100791.80000188
CFLN2;BELARUS;DZD;1183671.4211849452
CFLN2;SUDAN;CZK;311287.53357904224
EGJJZ;JAMAICA;VUV;211153.707237628
EGJJZ;KOREA, REPUBLIC OF;LBP;10286861.167601753
EGJJZ;TUNISIA;SOS;1194337.676437781
EGJJZ;ALBANIA;CLP;1503564.0118871361
EGJJZ;MALAWI;NIO;295716.93713995395
EGJJZ;PERU;RUB;456233.41405581695
EGJJZ;DOMINICA;STD;125692135.3344234
EGJJZ;HONDURAS;BTN;118391.18024603819
EGJJZ;AZERBAIJAN;IQD;2169608.4893513685
EGJJZ;OMAN;SYP;3270274.390857079
EGJJZ;SAUDI ARABIA;MVR;3457.722101984904
DEHLZ;HUNGARY;CVE;5092.886464020635
DEHLZ;UNITED KINGDOM;THB;42533.96190470012
ACYYa;ARGENTINA;PES;797931.348446463
ACYYa;MAURITANIA;LAK;155555298.54856986
ACYYa;BAHRAIN;ILS;56891.27275565637
ACYYa;NEPAL;KWD;1568.969912108848
ACYYa;DENMARK;LYD;81132.19309079733
ACYYa;JAPAN;MZN;740525.3000712498
ACYYa;SOMALIA;KES;518044.71727057884
ACYYa;BOTSWANA;XCD;48101.3680534978
ACYYa;TAIWAN, PROVINCE OF CHINA;SGD;14487.357379016577
ACYYa;INDIA;VND;331614835.1010124
ACYYa;MAURITIUS;ALL;2310476.6636651745
ACYYa;DOMINICAN REPUBLIC;TND;40504.839652773386
ACYYa;TANZANIA, UNITED REPUBLIC OF;HRK;125817.2211667429
ACYYa;ZIMBABWE;AED;18417.7864796163
ACYYa;THAILAND;UAH;501198.59091847605
ACYYa;BULGARIA;BDT;1866948.85117283
