Client;Country;Currency;Transaction
BBBHM;SOMALIA;SBD;44903.59064909622
BBBHM;MYANMAR;PES;400959.0418122195
BBBHM;ZAMBIA;KHR;20879100.190805886
BBBHM;ICELAND;EGP;127764.52940046339
BBBHM;PAKISTAN;MVR;5805.115864605221
BBBHM;LEBANON;HTG;560637.5012261968
BBBHM;SERBIA;QAR;20125.07943456093
BBBHM;PHILIPPINES;MXN;33566.597048201635
BBBHM;VIET NAM;COP;18205931.93866645
BBBHM;GHANA;GTQ;23416.552972481008
BBBHM;YEMEN;SEK;22101.008782302768
BBBHM;BULGARIA;NZD;2755.0164330394623
EEZc2;CHINA;TTD;1557.130082095451
EEZc2;LATVIA;SVC;2597.077330949656
EEZc2;NICARAGUA;GTQ;539.7988057290128
EEZc2;RWANDA;IRR;10947799.204849588
EEZc2;QATAR;TWD;2302.055674113298
EEZc2;TRINIDAD AND TOBAGO;FJD;333.27766016915155
EEZc2;MALDIVES;RSD;14624.38885210501
EEZc2;TOGO;XCD;336.9107317718993
EEZc2;MADAGASCAR;TOP;210.22124989907044
EEZc2;ICELAND;KHR;17196.32329589213
EEZc2;DOMINICA;LRD;41006.463264227896
EEZc2;SYRIAN ARAB REPUBLIC;PGK;151.6834553538719
EEZc2;INDIA;WST;665.3929903514669
EEZc2;NETHERLANDS ANTILLES;SCR;282.6180627261576
EEZc2;BULGARIA;MYR;1345.992196555545
EEZc2;EURO;SAR;590.3290995661965
EEZc2;SERBIA;SDG;153469.528145402
CMNZ2;SINGAPORE;BZD;1612.1182272890376
CMNZ2;SRI LANKA;GNF;5992343.657878606
CMNZ2;SAMOA;OMR;242.47124830840474
CMNZ2;MACAU;KRW;461195.0136080596
CMNZ2;COSTA RICA;DOP;10973.602846454352
CMNZ2;MOZAMBIQUE;GYD;124614.01359578254
CMNZ2;MALDIVES;CRC;342802.1825083111
CMNZ2;FIJI;NZD;421.5340951790682
CMNZ2;TONGA;SAR;305.262275162281
CMNZ2;KOREA, REPUBLIC OF;SGD;992.8736102297008
CMNZ2;TUNISIA;AWG;196.3913499819622
CMNZ2;ARGENTINA;SGD;1094.5391949163393
CMNZ2;DJIBOUTI;AUD;1452.5071516268576
CMNZ2;BELARUS;CAD;385.0800130153011
CMNZ2;SEYCHELLES;AOA;166427.37196628068
CMNZ2;SWITZERLAND;BND;462.15422423214676
CMNZ2;BARBADOS;CLP;304658.1891635906
EJJZZ;AZERBAIJAN;VND;157256261.92353293
EJJZZ;UGANDA;MXN;40473.69209848138
EJJZZ;HAITI;SGD;9273.293755794663
EJJZZ;BARBADOS;ZWL;2594889.717016121
EJJZZ;PERU;SBD;16552.973226918835
EJJZZ;GUATEMALA;XOF;84839.95717549563
EJJZZ;JAMAICA;TZS;20843988.22877738
FVW12;SAO TOME AND PRINCIPE;LKR;432271.72147564305
FVW12;MYANMAR;MXN;96306.4375913496
FVW12;TAIWAN, PROVINCE OF CHINA;HNL;35455.41547242734
FVW12;MOROCCO;AOA;1194873.34011746
FVW12;THAILAND;CHF;2390.0481489363005
FVW12;INDIA;TOP;170.46814444321632
FVW12;BOTSWANA;KYD;1496.5900275536019
FVW12;BANGLADESH;AZN;7477.754873329518
FVW12;ZIMBABWE;DKK;34033.10111202466
FVW12;TUNISIA;KWD;1165.7599104703809
FVW12;LIBERIA;NAD;111333.16190428153
FVW12;LEBANON;BTN;5944.346685003785
FVW12;CYPRUS;PHP;58620.81594640376
FVW12;NIGERIA;MYR;277.25386421437594
XXb22;ZAMBIA;CVE;860733.5017590265
XXb22;PANAMA;HNL;4733.040056255974
XXb22;GHANA;UYU;318712.926367141
XXb22;SEYCHELLES;GYD;2562885.1979750562
XXb22;MADAGASCAR;JPY;1123826.816799948
XXb22;BHUTAN;MMK;5142917.652802941
XXb22;VIET NAM;ZMW;193785.0622332852
XXb22;MAURITIUS;LBP;24743683.282417733
XXb22;LIBERIA;AOA;7559285.242434244
XXb22;UNITED KINGDOM;MZN;594232.9215746832
XXb22;TOGO;MUR;250058.50351880054
XXb22;DENMARK;XCD;3269.6124516533637
XXb22;IRAN (ISLAMIC REPUBLIC OF);CLP;8620441.710786114
XXb22;IRAQ;EGP;17333.104943100127
KZab2;QATAR;ILS;99490.70260116846
KZab2;DENMARK;HRK;175757.1881621625
KZab2;SOUTH AFRICA;RSD;1968100.2253200724
KZab2;GUYANA;JMD;4908428.0366760325
KZab2;JAPAN;AED;108436.79841917765
KZab2;GUYANA;ANG;30471.451572146514
KZab2;CZECH REPUBLIC;COP;12320956.556243252
KZab2;GUATEMALA;PYG;63966670.78644104
KZab2;EGYPT;KES;2195472.399195667
KZab2;NORWAY;MGA;39239129.69851427
KZab2;AUSTRALIA;JOD;26591.15391163795
KZab2;ICELAND;CAD;37772.04072863188
CFJMV;COSTA RICA;KZT;152030.0586601369
CFJMV;BARBADOS;ALL;18747.56943791037
CFJMV;BURUNDI;SCR;675.0364620790897
CFJMV;TUNISIA;DKK;407.3182233731826
CFJMV;IRAQ;BRL;635.4454754918598
CFJMV;NICARAGUA;PAB;591.7594751631138
CFJMV;BELARUS;LVL;82.74624152847198
CFJMV;MACAU;NGN;281557.6558769962
CFJMV;JAPAN;XCD;793.1079112582868
BEEJJ;ETHIOPIA;CRC;3372803.4080218635
BEEJJ;TONGA;GHS;54432.04154568402
BEEJJ;EGYPT;PAB;5547.656099371231
BEEJJ;ARGENTINA;CYP;3076.197526197245
BEEJJ;ARUBA;AUD;5307.680456536349
BEEJJ;MADAGASCAR;IQD;8684737.62061715
BEEJJ;LIBERIA;HNL;117443.65317028703
BEEJJ;ZIMBABWE;KYD;5013.055016759563
BEEJJ;INDIA;NIO;208434.53342556406
IMYZa;JAMAICA;RUB;207203.22379831827
IMYZa;INDIA;KES;174525.3179433096
IMYZa;CROATIA;LKR;813697.3616927776
IMYZa;MAURITIUS;MUR;221729.3975565756
IMYZa;SWITZERLAND;ISK;485409.9502958685
IMYZa;PANAMA;RUB;6531.740509238949
IMYZa;CENTRAL AFRICAN REPUBLIC;FJD;597.062379071362
IMYZa;MALAYSIA;ZMW;12676.140881023954
IMYZa;MACAU;KWD;1323.2028579560415
IMYZa;PHILIPPINES;LBP;2649364.322391346
IMYZa;BRUNEI DARUSSALAM;MGA;5997895.373784533
CKKXa;OMAN;CNY;72787.48407279339
CKKXa;IRAN (ISLAMIC REPUBLIC OF);SYP;0.0
CKKXa;SIERRA LEONE;SLL;181978515.56649107
CKKXa;MALAYSIA;MVR;84401.72785118001
CKKXa;BOTSWANA;VND;64483055.23631309
CKKXa;NEPAL;BIF;3106191.882374354
CKKXa;VENEZUELA;LKR;451781.5067870276
CKKXa;BERMUDA;CYP;4917.569605385958
CKKXa;SIERRA LEONE;GMD;314375.40874561435
CKKXa;NIGERIA;VUV;1566598.1887996066
CKKXa;SUDAN;CYP;2826.468180760335
CKKXa;DOMINICAN REPUBLIC;SLL;19042247.7167821
CFFZ3;TAIWAN, PROVINCE OF CHINA;TND;5066.942494430925
CFFZ3;JAPAN;AED;2928.827082749185
CFFZ3;LIBERIA;SCR;28631.682385121185
CFFZ3;JAPAN;JMD;26899.266451925716
CFFZ3;DOMINICAN REPUBLIC;MGA;8779083.382591065
CFFZ3;ROMANIA;NOK;6157.3899602549145
CFFZ3;SYRIAN ARAB REPUBLIC;SDG;51843.876954900144
CLM13;NAMIBIA;XOF;3699789.964222487
CLM13;AZERBAIJAN;VES;267358.0065482394
HMMNb;ICELAND;GHS;981.6299850578448
HMMNb;EL SALVADOR;ISK;1323.3491616785527
HMMNb;MOZAMBIQUE;DJF;18716.94026591978
HMMNb;DOMINICAN REPUBLIC;CLP;225981.86155979292
HMMNb;GAMBIA;GYD;45587.958268119095
HMMNb;BAHAMAS;KES;33642.69514326482
HMMNb;JORDAN;PYG;1495629.5346103811
HMMNb;LIBERIA;BZD;126.95983056284645
HMMNb;MEXICO;CRC;2996.275336599419
HMMNb;MADAGASCAR;SRD;4358.85634547839
HMMNb;MOROCCO;CRC;84037.42515016344
HMMNb;EGYPT;QAR;28.014241707438874
HMMNb;PARAGUAY;TRY;3076.6782146329915
AAFKL;COSTA RICA;MZN;52664.68168846351
AAFKL;CYPRUS;MUR;198664.4779977133
AAFKL;COLOMBIA;SRD;126838.14060272744
AAFKL;BHUTAN;ILS;21578.33338453862
AAFKL;PAKISTAN;PGK;11620.45621686492
AAFKL;DOMINICA;AZN;2179.721311556842
AAFKL;QATAR;XPF;196676.08784372063
AAFKL;CHILE;KWD;319.278337122676
AAFKL;POLAND;ZMW;1890.074564283876
AAFKL;CAMBODIA;NZD;4409.047460473841
AAFKL;BOTSWANA;DKK;32136.79472439076
AAFKL;BANGLADESH;JMD;415315.6780715379
BGVWa;FIJI;MYR;1360.4677510301665
BGVWa;LIBERIA;HUF;40678.51130385981
BGVWa;NAMIBIA;CRC;247720.87019165934
BGVWa;BULGARIA;PES;21154.479366470423
BGVWa;CZECH REPUBLIC;AUD;679.904370431081
BGVWa;SOLOMON ISLANDS;VUV;18501.185224456294
HXWZa;HAITI;AZN;2007.6790795622746
HXWZa;CROATIA;BTN;151039.5263524077
HXWZa;HONDURAS;LVL;938.3560432205311
HXWZa;ETHIOPIA;MAD;19204.799883490487
HXWZa;SOMALIA;CHF;1818.2716877609346
HXWZa;NEW ZEALAND;BGN;2860.8986238391994
HXWZa;MALAWI;TRY;23281.174071291152
HXWZa;BERMUDA;YER;687.3007039856997
HXWZa;MALAYSIA;BGN;2740.5857117139035
HXWZa;ALBANIA;BZD;2571.593958375001
HXWZa;VENEZUELA;BHD;496.7408622529816
HXWZa;FRENCH POLYNESIA;KZT;411127.44437217165
HXWZa;URUGUAY;LKR;63985.36170321901
HXWZa;EURO;ILS;5971.856489523946
HXWZa;HONDURAS;PYG;13077938.25781819
HXWZa;TAIWAN, PROVINCE OF CHINA;PLN;185.42809333175998
HXWZa;HONDURAS;SOS;79244.37226386684
FFIX2;GUATEMALA;PEN;12541.181780057956
FFIX2;ISRAEL;GMD;752125.6089635331
FFIX2;BOTSWANA;IRR;840534168.3546064
FFIX2;VENEZUELA;TND;68937.23268520636
FFIX2;MEXICO;KZT;6555565.163919356
FFIX2;OMAN;RON;47285.166447835414
FFIX2;GUYANA;ZAR;222309.82467686915
FFIX2;JAPAN;ALL;1408250.7628608693
ILMMV;SWEDEN;JPY;937925.9066039738
ILMMV;BARBADOS;CLP;3467989.8936189604
ILMMV;GUYANA;DZD;36697.91439610036
ILMMV;YEMEN;UGX;10513651.407703374
ILMMV;PARAGUAY;EUR;4463.00442048669
ILMMV;FIJI;KHR;4614392.180848591
MMN11;AUSTRALIA;SVC;13885.544591759519
MMN11;QATAR;CAD;2596.515619711484
MMN11;MOROCCO;BDT;68451.36102814229
MMN11;ROMANIA;TND;13618.507339102835
MMN11;HONDURAS;LYD;21428.51374431001
MMN11;BAHRAIN;AED;13708.619253434907
MMN11;SWITZERLAND;SDG;690990.6543849555
MMN11;DOMINICAN REPUBLIC;SCR;25757.36984816124
MMN11;SURINAME;BZD;589.4271768936188
MMN11;DOMINICAN REPUBLIC;VES;99739.02608604444
MMN11;ALBANIA;UYU;167488.97272361632
MMN11;CYPRUS;GNF;-100142.5745841945
MMN11;NAMIBIA;LYD;18713.887016392015
MMN11;RWANDA;HNL;92742.17734931705
BBGKa;TUNISIA;BGN;3659.5753578511117
BBGKa;BULGARIA;ETB;129034.31989557328
BBGKa;RWANDA;SDG;1443333.3099742937
BBGKa;MALAYSIA;XOF;1142206.5539176783
BBGKa;MACAU;CVE;395313.78877310216
CYYb1;PHILIPPINES;CYP;766.2445160253616
CYYb1;PERU;MMK;6671833.039749968
CYYb1;MOROCCO;MWK;1431166.6608944584
CYYb1;NETHERLANDS ANTILLES;TOP;424.53780603216194
CYYb1;UNITED KINGDOM;XPF;289274.26027404534
CYYb1;GAMBIA;CHF;1189.61543945129
CYYb1;SOUTH AFRICA;BRL;4455.574847167442
CYYb1;DOMINICA;BOB;23260.28923684418
CYYb1;NEW ZEALAND;NAD;47918.34073846917
CYYb1;MOROCCO;HNL;70787.55054383412
CYYb1;BOLIVIA;VUV;300910.3424527588
CYYb1;VIET NAM;PES;613232.3765024964
CYYb1;MALDIVES;GMD;51082.27581962276
CYYb1;GUINEA;CHF;1792.775160125464
AELX2;MAURITIUS;PKR;104071.28932342742
AELX2;SYRIAN ARAB REPUBLIC;SAR;12970.412161211187
AELX2;PANAMA;THB;64582.28199877323
AELX2;CHILE;COP;-157893.7381401628
AELX2;LATVIA;TND;6581.198972071084
AELX2;TURKEY;MVR;28072.826559545105
AELX2;SUDAN;BSD;231.45786613728413
AELX2;BELIZE;ALL;391071.7129294301
FGIKK;YEMEN;BZD;4045.8071767926435
FGIKK;TANZANIA, UNITED REPUBLIC OF;CLP;1201521.0874740155
FGIKK;JAPAN;AZN;3426.2304496200163
FGIKK;BRAZIL;PGK;1103.3850344222458
FGIKK;TANZANIA, UNITED REPUBLIC OF;UGX;2406850.4706900055
FGIKK;SRI LANKA;BTN;81377.83857805624
FGIKK;LATVIA;RON;6059.525248033359
FGIKK;OMAN;BWP;19196.980910253147
FGIKK;TRINIDAD AND TOBAGO;YER;474169.8573658255
FGIKK;EL SALVADOR;SGD;1843.2213382501866
FGIKK;BELIZE;BDT;163006.14365711686
FGIKK;HONG KONG;SAR;519.6617337441821
FGIKK;MYANMAR;KWD;215.61292574924857
FGIKK;SURINAME;HRK;15648.80597728734
FGIKK;SINGAPORE;BIF;1349422.3200410453
FGIKK;DOMINICA;SLL;5007520.346066642
FGIKK;CANADA;IRR;68981098.98087691
FGIKK;MYANMAR;KHR;5428729.329282366
FGIKK;HUNGARY;SOS;1258428.2501793164
