Client;Country;Currency;Transaction
BFHMV;ZAMBIA;MUR;44628.5723897578
ADHLL;VENEZUELA;HKD;26590.070883995955
ADHLL;EGYPT;MWK;3355138.970229306
ADHLL;ALGERIA;SAR;5611.768242873165
ADHLL;MAURITIUS;NGN;528200.682694108
ADHLL;SAMOA;MRO;954795.3084838424
ADHLL;PAKISTAN;SZL;21090.886455192445
ADHLL;MALDIVES;CVE;53150.30196863734
ADHLL;CROATIA;RUB;238165.19300054677
ADHLL;POLAND;AOA;1803922.0576873433
ADHLL;HONG KONG;WST;6761.192438760271
ADHLL;SURINAME;CVE;32536.544754835515
ADHLL;GUYANA;DOP;218401.82414934773
GJNX2;TONGA;SLL;72033977.82823071
GJNX2;KUWAIT;SLL;285358481.81954575
Y1123;LAO PEOPLE'S DEMOCRATIC REP;NPR;2473653.616985676
Y1123;KOREA, REPUBLIC OF;BDT;969015.8156689608
Y1123;CENTRAL AFRICAN REPUBLIC;JMD;588614.8721351448
Y1123;MACAU;IDR;74247719.20701718
Y1123;LIBYAN ARAB JAMAHIRIYA;DJF;3512872.6762785735
Y1123;HONDURAS;UAH;470475.09989122645
Y1123;UKRAINE;BND;29283.949840086952
Y1123;LIBERIA;BRL;38717.59452402679
Y1123;MAURITIUS;CVE;1928561.7392636652
Y1123;GUYANA;CNY;97203.66605696456
Y1123;BELIZE;KYD;8423.900711021079
Y1123;GHANA;IDR;75398321.96592265
Y1123;JAMAICA;NZD;317.70068368285456
Y1123;MAURITIUS;JPY;2789984.7742301
JLNVb;DENMARK;KZT;291409.66606533824
JLNVb;LATVIA;PKR;217753.86003277573
JLNVb;SAMOA;RWF;62400.72928621903
JLNVb;SAUDI ARABIA;SAR;2531.525886192014
JLNVb;CROATIA;PKR;26996.068610274557
JLNVb;DJIBOUTI;ETB;5617.837336368457
JLNVb;NEW ZEALAND;TRY;14168.34138123249
EHIYZ;COLOMBIA;KES;217741.9570262383
JXXb1;SWAZILAND;SDG;4932816.62062082
JXXb1;TOGO;NZD;8683.212018424223
JXXb1;FIJI;IRR;287059838.23450834
JXXb1;DJIBOUTI;BRL;24081.750753362172
JXXb1;BERMUDA;XOF;6331128.391509313
AEGLL;NEPAL;NPR;416611.1719710143
AEGLL;LIBERIA;AWG;12367.1584929767
AEGLL;SAO TOME AND PRINCIPE;MOP;51869.46017108416
AEGLL;BURUNDI;KES;879765.2265116932
AEGLL;INDONESIA;KYD;6176.482077165966
AEGLL;AUSTRALIA;ALL;57959.13070847287
AEGLL;LIBYAN ARAB JAMAHIRIYA;BYR;27940922.889380667
AEGLL;BHUTAN;TOP;3212.111469830282
AEGLL;NEPAL;TND;3499.385600832936
AEGLL;VENEZUELA;ILS;7083.248826791628
AEGLL;SRI LANKA;ARS;1321071.9938004655
HHKNX;SOLOMON ISLANDS;XOF;2822981.527053049
HHKNX;FRENCH POLYNESIA;XAF;6575258.054092751
HHKNX;ISRAEL;XCD;53533.45459023222
HHKNX;BAHAMAS;DJF;3222350.656866501
HHKNX;NORWAY;BND;20278.146838646022
HHKNX;NAMIBIA;ARS;1186155.0521078967
HHKNX;SWEDEN;TOP;54948.31732004852
HHKNX;MOZAMBIQUE;NZD;22497.312663926365
HHKNX;MADAGASCAR;RSD;1100331.1187950608
HHKNX;LIBYAN ARAB JAMAHIRIYA;SYP;3213162.2801577435
DMVZ1;LEBANON;STD;275390951.7177599
FJKXb;SRI LANKA;UGX;29736517.596031636
FJKXb;LAO PEOPLE'S DEMOCRATIC REP;STD;118463641.69310415
FJKXb;VIET NAM;UAH;181582.2637789851
FJKXb;TRINIDAD AND TOBAGO;ALL;816843.5717284537
FJKXb;DJIBOUTI;BSD;7816.344391959587
FJKXb;CROATIA;GTQ;597.572812369125
FJKXb;ZIMBABWE;LAK;197827881.61750048
FJKXb;ETHIOPIA;SOS;4344100.033819317
FJKXb;TRINIDAD AND TOBAGO;VES;250786.25766373094
FJKXb;MAURITANIA;BRL;61298.64375190367
FJKXb;SWITZERLAND;MXN;82313.4519460244
FJKXb;NETHERLANDS ANTILLES;CHF;4544.047676759814
FJKXb;PARAGUAY;GNF;71914457.65950295
FJKXb;THAILAND;XPF;1124802.9278986577
GIKXZ;JORDAN;BSD;509.5345137131977
GIKXZ;IRAQ;BIF;13030843.59091563
GIKXZ;CENTRAL AFRICAN REPUBLIC;RSD;724186.2284485352
GIKXZ;PANAMA;FJD;6942.144467332758
GIKXZ;SOMALIA;THB;84261.7193002613
HXaa3;PARAGUAY;TZS;11244704.655904518
HXaa3;CROATIA;BZD;1157.4703188539368
HXaa3;SAO TOME AND PRINCIPE;DZD;478392.6937491008
HXaa3;ARUBA;HKD;12574.500390774172
HXaa3;CHINA;NOK;3696.7600888635307
HXaa3;LEBANON;BHD;2186.925820613992
HXaa3;UNITED KINGDOM;DZD;566380.9227225053
HXaa3;TOGO;SBD;1090.392254138325
HXaa3;MOZAMBIQUE;THB;224545.89833903353
HXaa3;PAPUA NEW GUINEA;UYU;70784.58074970423
HXaa3;DENMARK;DJF;716338.1827695674
HXaa3;KOREA, REPUBLIC OF;AED;3925.235832976823
HXaa3;CANADA;KHR;15551658.608775832
HXaa3;TOGO;EGP;111777.4764620434
HXaa3;BAHRAIN;PES;662828.1650846726
HXaa3;MALAWI;UAH;209588.6989275747
HXaa3;JORDAN;INR;129957.17128356844
HXaa3;JAMAICA;UAH;110745.57688163455
HXaa3;BELARUS;AUD;3096.3347146477968
HXaa3;NETHERLANDS ANTILLES;XCD;4484.887009808148
DDGW3;MADAGASCAR;BGN;47423.95094286951
DDGW3;MEXICO;MXN;550226.3302799697
DDGW3;AZERBAIJAN;GYD;2822372.074905567
DDGW3;SIERRA LEONE;DZD;4519026.081589043
DDGW3;NICARAGUA;BMD;11023.98243759291
DDGW3;SWAZILAND;BYR;895231428.0833577
DDGW3;COSTA RICA;SBD;319448.05829211324
DDGW3;LIBERIA;YER;2153157.1244610758
DDGW3;PERU;SEK;436186.5472689096
DDGW3;FIJI;VUV;1955476.5386157262
DDGW3;SRI LANKA;AWG;39886.91248805754
DDGW3;MALAYSIA;KWD;5007.112906344468
BILX2;BHUTAN;EUR;516.621937494182
BILX2;SOUTH AFRICA;BRL;4699.787086864607
BILX2;GUATEMALA;GNF;5934240.354374464
BILX2;LIBERIA;IQD;1018950.6026092365
BILX2;EL SALVADOR;HRK;5841.850970119249
BILX2;SYRIAN ARAB REPUBLIC;THB;48741.99730412554
BILX2;PAPUA NEW GUINEA;PYG;9213218.935469672
BILX2;ETHIOPIA;STD;27629233.14696821
BILX2;INDONESIA;XCD;3564.421344586912
BILX2;VIET NAM;IDR;20950570.331801068
BILX2;TAIWAN, PROVINCE OF CHINA;CRC;693926.756475928
BILX2;KUWAIT;JPY;187669.40868690345
BILX2;MAURITANIA;PHP;1733.908000576709
FGYb2;ZIMBABWE;TOP;789.4851830141824
FGYb2;RUSSIAN FEDERATION;SCR;12689.533671525363
FGYb2;TONGA;RON;3777.5584200185435
FGYb2;LIBERIA;MOP;5919.48812718094
FGYb2;BANGLADESH;AOA;185267.34019596374
FGYb2;BOTSWANA;RWF;1036271.7622138007
FGYb2;EURO;DJF;452.75679039856374
FGYb2;UNITED KINGDOM;WST;2245.926739082938
FGYb2;MADAGASCAR;JPY;29172.547035020332
FGYb2;RUSSIAN FEDERATION;ETB;50785.10606150964
FGYb2;RWANDA;BBD;1755.6582351899397
FGYb2;EGYPT;RWF;557951.0294275581
FGYb2;MAURITIUS;TND;3275.84667746729
FGYb2;KOREA, REPUBLIC OF;CYP;479.6458800208505
AAHJa;PERU;QAR;18614.544493741698
AAHJa;AZERBAIJAN;BBD;3837.0571082828997
AAHJa;VENEZUELA;SBD;16014.594108377823
AAHJa;KENYA;CRC;4753835.192149468
AAHJa;SAUDI ARABIA;SDG;5133088.666815789
AAHJa;ICELAND;MXN;117446.7877933566
AAHJa;NETHERLANDS ANTILLES;PYG;54361787.02674171
AAHJa;NIGERIA;AZN;3.263710368870773
AAHJa;MOROCCO;MRO;1502080.6153833389
AAHJa;ARUBA;KYD;7606.604224069162
AAHJa;TUNISIA;LYD;6766.327977773775
AAHJa;PERU;GMD;258489.7538119957
AAHJa;GUINEA;MMK;15836964.175466547
AAHJa;LATVIA;KHR;31273641.148052704
AAHJa;LAO PEOPLE'S DEMOCRATIC REP;GMD;50976.584007574966
AAHJa;MYANMAR;AED;33750.24952513415
AAHJa;BRAZIL;DJF;318578.2948917248
AAHJa;BERMUDA;IRR;282967204.8730604
AFILM;GUATEMALA;PKR;261177.66091537452
AFILM;CENTRAL AFRICAN REPUBLIC;SDG;422757.3886704983
AFILM;SAO TOME AND PRINCIPE;JPY;649252.1552499788
AFILM;ANGOLA;FJD;8218.035859861277
AFILM;PERU;XCD;4491.529459187997
AFILM;HONG KONG;QAR;3849.984192221702
AFHMc;EURO;MRO;21476.906178846264
AFHMc;UGANDA;TOP;133.72073185325593
AFHMc;TURKEY;JPY;10530.657276492202
AFHMc;BURUNDI;PES;3146.579870206528
AFHMc;OMAN;JOD;67.3413425078046
AFHMc;COLOMBIA;BBD;115.78823408817719
AFHMc;HONDURAS;CNY;835.5726801483148
AFHMc;COLOMBIA;MMK;216383.16429308982
AFHMc;BARBADOS;SGD;147.55149523864233
AFHMc;PANAMA;SCR;1247.9484554501419
AFHMc;SUDAN;MMK;194068.72787005285
AFHMc;INDONESIA;COP;433114.982367927
AFHMc;BOTSWANA;KWD;32.36434126591321
AFHMc;AZERBAIJAN;EUR;64.26281909798418
CJNXb;IRAN (ISLAMIC REPUBLIC OF);ZWL;3577616.583969418
CJNXb;NEW ZEALAND;GMD;216105.23604696227
CJNXb;ARGENTINA;CZK;51338.54283831894
CJNXb;PARAGUAY;SOS;2969792.073639618
CJNXb;PANAMA;TZS;1056888.1666266897
CJNXb;TAIWAN, PROVINCE OF CHINA;SLL;72754854.23083712
CJNXb;CROATIA;SDG;4220459.658092156
CJNXb;MACAU;ZMW;1990.8905726525134
CJNXb;FIJI;BMD;6199.635039842172
CJNXb;HONDURAS;ZAR;12579.505954773542
CJNXb;GUATEMALA;BYR;156271877.5428225
CJNXb;THAILAND;KWD;917.6440688874828
FHHZ2;SAUDI ARABIA;PGK;1827.90984095963
FHHZ2;CYPRUS;ISK;123436.95039932407
FHHZ2;CAYMAN ISLANDS;SDG;702887.8453442598
FHHZ2;TUNISIA;CAD;2456.956549512235
FHHZ2;BARBADOS;NZD;942.4253398653952
FHHZ2;PARAGUAY;BGN;4275.211706039197
FHHZ2;KENYA;IRR;59377914.535503194
FHHZ2;BULGARIA;BND;467.09763653661844
FHHZ2;BRAZIL;VES;49616.98955279164
FHHZ2;BAHRAIN;BYR;3613138.4486576454
FHHZ2;CAMBODIA;AUD;1853.7695700208114
FHHZ2;NEPAL;MMK;2954702.513114889
KXYc3;VANUATU;KYD;11059.360071462359
KXYc3;TONGA;BWP;105181.33276204388
KXYc3;VIET NAM;TRY;135899.2360816712
KXYc3;RWANDA;AED;20140.46583437137
KXYc3;UNITED KINGDOM;INR;346499.0015633398
KXYc3;MADAGASCAR;MVR;147242.98260549436
KLMX2;LIBERIA;PGK;515.5835261813761
KLMX2;JORDAN;CLP;129523.61591122443
KLMX2;BOTSWANA;CNY;8872.178315067807
FKKY2;THAILAND;EUR;2994.5886217177954
FKKY2;CZECH REPUBLIC;BND;799.2558408245817
FKKY2;HONDURAS;ZMW;43129.00684734863
FKKY2;SAMOA;DKK;29081.70092284617
FKKY2;CAPE VERDE;SRD;89569.67559304334
FKKY2;BURUNDI;DJF;811884.3715540634
FKKY2;EL SALVADOR;PKR;96224.16826625605
FKKY2;KAZAKHSTAN;EUR;3014.4084020059395
FKKY2;NIGERIA;SCR;39622.69689262716
