;Client;Country;Currency;Transaction
0;DFJYb;ISRAEL;UYU;4620.2514647281
1;DFJYb;BRUNEI DARUSSALAM;BRL;77.41355291352505
2;DFJYb;BAHRAIN;RWF;70127.68437422877
3;DFJYb;BARBADOS;RON;42.07937124047898
4;DFJYb;SAMOA;PES;13380.894003391597
5;DFJYb;PERU;RSD;11269.751175050778
6;DFJYb;AZERBAIJAN;LAK;274862.9620761952
7;DFJYb;MAURITIUS;LVL;34.830642934313744
8;DFJYb;BOLIVIA;MAD;1171.5281033900237
9;DFJYb;INDONESIA;DZD;7272.910677372409
10;DFJYb;SAMOA;AUD;102.40764025463096
11;DFJYb;MAURITANIA;PGK;426.1236241524216
12;DFJYb;SRI LANKA;MWK;104561.455849129
13;DFJYb;BOTSWANA;CRC;35349.56646846605
14;DFJYb;DOMINICA;CAD;0.7515938182714063
15;DFJYb;LAO PEOPLE'S DEMOCRATIC REP;CLP;86325.7975131679
16;DFJYb;GAMBIA;MAD;1411.4865220324791
17;DFJYb;SIERRA LEONE;AOA;45208.516227746244
18;DFJYb;NIGERIA;MWK;20289.86919453465
19;DNVVZ;SOUTH AFRICA;XOF;2236762.0680397064
20;DNVVZ;TAIWAN, PROVINCE OF CHINA;HUF;5076797.998497163
21;DNVVZ;CAMBODIA;CRC;3925482.015920371
22;DNVVZ;MALAWI;CAD;18669.25309821787
23;DGLV1;JAMAICA;BGN;8.441549890309872
24;DGLV1;ANGOLA;RWF;32742.848081401728
25;DGLV1;SWAZILAND;SLL;706376.7099549172
26;DGLV1;UKRAINE;DJF;17396.318482179202
27;DGLV1;SIERRA LEONE;QAR;288.6738724968766
28;DGLV1;BARBADOS;ZAR;1011.2552637577088
29;DGLV1;CYPRUS;NOK;31.089738495506108
30;DGLV1;VANUATU;ZAR;737.9649478905493
31;DGLV1;VENEZUELA;EUR;99.7027979965743
32;DGLV1;TANZANIA, UNITED REPUBLIC OF;CYP;34.359894752029106
33;DGLV1;CROATIA;AWG;13.209013240437502
34;DGLV1;TONGA;ZMW;1555.677092710109
35;DGLV1;UGANDA;GHS;930.4454832583231
36;DGLV1;TOGO;MGA;240677.6094349495
37;DGLV1;SOUTH AFRICA;ZAR;1060.5205061580943
38;DGLV1;ISRAEL;KES;13227.89529847517
39;DGLV1;TOGO;KES;9053.746755082866
40;DGLV1;SEYCHELLES;VND;2575324.9880415443
41;DGLV1;NORWAY;SVC;876.1355039091893
42;DGLV1;CANADA;YER;7543.854100266864
43;BDKa1;ANGOLA;RUB;42628.65999578028
44;FHIKZ;OMAN;MGA;157692032.98849383
45;FHIKZ;MADAGASCAR;BYR;88120709.35987036
46;BBJac;BANGLADESH;SOS;25728.35030139272
47;BBJac;COSTA RICA;PHP;61071.09744775596
48;BBJac;LIBYAN ARAB JAMAHIRIYA;RSD;58818.03191300047
49;BBJac;NEPAL;GHS;14272.693192850867
50;BBJac;SRI LANKA;BHD;66.56108284233183
51;BBJac;QATAR;HNL;14605.429900211304
52;BBJac;ALBANIA;COP;5432171.585765448
53;BBJac;HONG KONG;LYD;1543.9767086620645
54;BBJac;PAPUA NEW GUINEA;IQD;122724.81114812232
55;BBJac;TANZANIA, UNITED REPUBLIC OF;COP;5374064.443452244
56;BBJac;DJIBOUTI;TND;1659.4911702669303
57;BBJac;ARUBA;MGA;1261830.8960929664
58;BBJac;ZAMBIA;MRO;63787.68186463172
59;BBJac;MACAU;CZK;11602.898901061133
60;BBJac;LATVIA;NGN;445094.904683833
61;BBJac;SINGAPORE;AOA;123026.56717532674
62;CHa22;GUYANA;SOS;474161.9913992899
63;CHa22;GHANA;LRD;14337.757760871295
64;CHa22;LEBANON;SEK;1718.0598813389286
65;CHa22;PANAMA;LKR;1047.129526315529
66;CHa22;CAMBODIA;MGA;4524143.010251286
67;CHa22;BRUNEI DARUSSALAM;KHR;2598179.088272575
68;CHa22;MYANMAR;MWK;297371.1123492569
69;CHa22;HONG KONG;UAH;18944.156989673633
70;CHa22;PAKISTAN;SDG;43075.283580236
71;CHa22;NORWAY;PLN;1935.2601260916342
72;CHa22;POLAND;LVL;381.60327395097977
73;CHa22;GUYANA;MGA;1202885.5018698934
74;CHa22;KAZAKHSTAN;PYG;4167631.873279398
75;EX112;UNITED ARAB EMIRATES;BND;14383.261522235869
76;EX112;QATAR;SAR;40961.953844486205
77;EX112;MALDIVES;CZK;294973.6356932957
78;EX112;IRAQ;LAK;66207323.20340511
79;EX112;PAPUA NEW GUINEA;SAR;32362.354639724876
80;EX112;FIJI;GBP;10415.297002621708
81;EX112;VENEZUELA;NGN;3580190.318229952
82;EX112;TAIWAN, PROVINCE OF CHINA;BWP;125148.4898919812
83;EX112;SOLOMON ISLANDS;INR;517396.12083377014
84;EX112;BELARUS;PHP;442974.5576375508
85;EX112;CYPRUS;PLN;61030.380169688295
86;EX112;SERBIA;BYR;261161176.86235845
87;EX112;PAKISTAN;LVL;3967.2932367926273
88;EX112;MACAU;XOF;4450534.402086003
89;EX112;CZECH REPUBLIC;PES;1583500.108633857
90;EX112;LATVIA;STD;115113548.18158503
91;EX112;OMAN;LYD;32018.45044918571
92;EX112;SURINAME;BSD;3129.5430123538845
93;DIZc2;SWEDEN;BDT;80044.03300306175
94;DIZc2;JAPAN;ZWL;3523564.8286405876
95;DIZc2;SEYCHELLES;UGX;4944272.827217054
96;DIZc2;EURO;SEK;44087.407305924906
97;DIZc2;VIET NAM;PKR;1511737.638399658
98;DIZc2;TUNISIA;KZT;3097152.8310803347
99;DIZc2;PARAGUAY;SDG;2604102.1867741765
100;DIZc2;NICARAGUA;MWK;4477449.702258522
101;DIZc2;MEXICO;VND;127013640.78942092
102;DIZc2;BOLIVIA;TND;20892.270105680836
103;DIZc2;DJIBOUTI;DJF;1110791.2403529163
104;DIZc2;IRAN (ISLAMIC REPUBLIC OF);BBD;8030.915277810511
105;DIZc2;CAPE VERDE;BYR;7372692.913624407
106;DIZc2;LEBANON;KWD;348.4957389361254
107;DIZc2;BAHAMAS;KWD;1331.8561643495261
108;DIZc2;CHINA;PEN;10212.034231915884
109;DIZc2;MALDIVES;VND;166261984.8783902
110;DIZc2;BHUTAN;XPF;64110.884242799744
111;DIZc2;TONGA;SDG;1672648.3342211542
112;DIZc2;CANADA;EGP;7299.251120661312
113;EJMMY;PERU;BDT;25949.00527665226
114;EJMMY;ZAMBIA;CAD;80.11114476171328
115;EJMMY;SUDAN;LBP;691793.1713629587
116;EJMMY;QATAR;IQD;1930540.5817380936
117;EJMMY;EL SALVADOR;CAD;1539.5002160022264
118;EJMMY;CZECH REPUBLIC;VND;13979428.148080511
119;EJMMY;SWEDEN;SRD;2269.355191030042
120;EJMMY;QATAR;PES;117904.0444870086
121;EJMMY;GUATEMALA;BZD;2957.6786239374114
122;EJMMY;ROMANIA;BBD;340.37507263253207
123;EJMMY;TRINIDAD AND TOBAGO;RON;6258.483294386721
124;EJMMY;GUINEA;NPR;103946.2898510343
125;EJMMY;EL SALVADOR;CNY;235.9861547444747
126;EJMMY;EURO;YER;160654.35624302021
127;EJMMY;PARAGUAY;MMK;110660.30529115189
128;EIZa1;LIBERIA;LVL;1275.7960297654165
129;EIZa1;LIBYAN ARAB JAMAHIRIYA;AED;3019.5845753177114
130;EIZa1;BRAZIL;MAD;18397.670184230283
131;EIZa1;PERU;IQD;2628896.8705580328
132;EIZa1;ALGERIA;LKR;222309.41409772364
133;EIZa1;YEMEN;NGN;170129.6853250916
134;EIZa1;JAMAICA;AZN;3292.79569883914
135;AAEJ1;JAPAN;WST;6111.768564909291
136;AAEJ1;MALAWI;VUV;47309.203038782085
137;AAEJ1;JORDAN;XPF;125563.15197846213
138;AAEJ1;MALDIVES;AWG;3158.3693559517837
139;AAEJ1;QATAR;DKK;9298.435223525421
140;AAEJ1;NEPAL;BYR;48122622.92831832
141;AAEJ1;MAURITANIA;TRY;31319.810137331137
142;AAEJ1;DENMARK;CYP;347.52753213531764
143;AAEJ1;SERBIA;TWD;17723.29886625107
144;AAEJ1;SAMOA;SBD;9841.578434322786
145;AAEJ1;BARBADOS;SAR;3013.689360320992
146;AAEJ1;HUNGARY;TTD;1468.9665978345233
147;AAEJ1;EGYPT;GNF;688119.0097407603
148;AAEJ1;SWEDEN;AOA;866404.2619228021
149;AAEJ1;JORDAN;SDG;1207389.7598359247
150;AAEJ1;SURINAME;SLL;13403493.957798377
151;AAEJ1;UGANDA;TOP;181.17561281283326
152;AAEJ1;BAHAMAS;XOF;1080072.6651415722
153;AAEJ1;HUNGARY;ETB;11680.514306182418
154;BLLLW;JAPAN;KRW;17434124.37527981
155;BLLLW;VENEZUELA;MAD;118808.03833026248
156;BLLLW;CANADA;SLL;137298501.99747622
157;BLLLW;BELIZE;GBP;-75.80672496485353
158;BLLLW;GUATEMALA;JPY;13870.574414684836
159;BLLLW;AZERBAIJAN;NAD;150467.77289674373
160;BLLLW;PAKISTAN;RSD;2136377.1037957114
161;BLLLW;OMAN;BTN;1129273.5359359835
162;BLLLW;RUSSIAN FEDERATION;SBD;58704.99748920803
163;BLLLW;BURUNDI;CLP;17490319.215860665
164;BLLLW;THAILAND;MRO;5926685.265429578
165;BLLLW;PAPUA NEW GUINEA;LRD;2635816.642982076
166;BLLLW;GUINEA;RWF;24257772.511797052
167;BLLLW;INDIA;PAB;18952.9676583643
168;BLLLW;TONGA;DOP;346957.51189844223
169;aaaa1;KENYA;DOP;25707.858099564877
170;aaaa1;CENTRAL AFRICAN REPUBLIC;MWK;341659.5652249805
171;CHVXa;BAHRAIN;BDT;1094035.1370721343
172;CHVXa;SERBIA;THB;610883.4954802562
173;ADEM1;LATVIA;IDR;1144226.3990460176
174;ADEM1;CENTRAL AFRICAN REPUBLIC;MOP;398.37464898110267
175;ADEM1;GHANA;GNF;1415836.301440395
176;ADEM1;QATAR;BDT;8111.02622920648
177;ADEM1;TAIWAN, PROVINCE OF CHINA;GBP;113.93564712204872
178;ADEM1;CAMBODIA;HKD;522.2511394837176
179;ADEM1;SWAZILAND;LBP;27068.5735100865
180;ADEM1;ARUBA;RON;925.086132379106
181;ADEM1;IRAN (ISLAMIC REPUBLIC OF);CVE;18705.978300762898
182;ADEM1;GUYANA;KZT;11064.278759142382
183;GJJXW;ICELAND;OMR;270.63696406194913
184;GJJXW;HUNGARY;CYP;193.88479853488414
185;GJJXW;MEXICO;TZS;2570539.3815850904
186;GJJXW;LEBANON;RSD;110481.79520056314
187;GJJXW;HONG KONG;AUD;973.4648903661089
188;GJJXW;MALAYSIA;DOP;56530.82340496503
189;GJJXW;VENEZUELA;MOP;1265.208516201992
190;GJJXW;UKRAINE;EGP;23519.402022908445
191;BCDZ2;PAKISTAN;WST;1047.6281261442582
192;BCDZ2;SOMALIA;XCD;5637.545910364116
193;ACW23;HAITI;SRD;45118.44728799048
194;ACW23;MALAWI;GHS;41805.849505684164
195;ACW23;MOZAMBIQUE;RON;6533.428254811536
196;ACW23;KENYA;AED;10003.876287644634
197;ACW23;PARAGUAY;KYD;1291.7853180074333
198;ACW23;MEXICO;BWP;16410.676554245572
199;ACW23;PERU;MMK;3090043.5332511184
200;ACW23;TOGO;TZS;3735125.860467033
201;ACW23;CENTRAL AFRICAN REPUBLIC;ZAR;63514.90118703272
202;ACW23;JAPAN;FJD;4741.0336787707265
203;ACW23;LIBYAN ARAB JAMAHIRIYA;IDR;600480.9203979486
204;ACW23;CANADA;HUF;1468617.879275695
205;ACW23;SUDAN;CRC;2129812.190752839
206;ACW23;YEMEN;GMD;29570.036037082646
207;ACW23;POLAND;STD;17102252.015528742
208;ACW23;EGYPT;WST;2143.5323787204156
209;ACW23;UKRAINE;HRK;26108.96769241339
210;ACW23;UGANDA;HKD;21994.986856442694
211;HHJXY;JAMAICA;GYD;348311.59617583844
212;HHJXY;DJIBOUTI;BND;1979.8946513664598
213;HHJXY;DOMINICAN REPUBLIC;VUV;447797.3381604278
214;HHJXY;MACAU;RUB;530449.1146088709
215;HHJXY;DJIBOUTI;HKD;37530.633109478265
216;HHJXY;SOLOMON ISLANDS;LBP;2311171.4224053696
217;AKWc1;POLAND;DKK;58158.695734288296
218;AKWc1;LATVIA;BTN;75530.10724032481
219;AKWc1;CHILE;RUB;372865.85319259984
220;AKWc1;COSTA RICA;TZS;10534973.555388277
221;AKWc1;EGYPT;NGN;4811742.923379952
222;AKWc1;MOROCCO;XAF;5652454.502576553
223;AKWc1;LATVIA;LVL;4249.242387053841
224;BHHL1;CANADA;ILS;2531.7502518463125
225;BHHL1;GUATEMALA;MVR;13700.519944168918
226;BHHL1;ICELAND;BRL;2680.373221525588
227;BHHL1;SWEDEN;THB;2136.1050414808656
228;BHHL1;KENYA;AZN;291.8510879118754
229;BHHL1;LAO PEOPLE'S DEMOCRATIC REP;SYP;500999.1514313571
230;BHHL1;UNITED KINGDOM;BGN;1270.274062457565
231;BHHL1;BOLIVIA;BRL;7094.244007085083
232;BHHL1;TONGA;BDT;27437.057820862115
233;BHHL1;KUWAIT;WST;2494.703568650387
234;BHHL1;DJIBOUTI;MZN;47333.73822972417
235;BHHL1;LATVIA;BGN;2567.865846688411
236;AGGbb;HUNGARY;LBP;3337515.5130184554
237;AGGbb;JAMAICA;DJF;15282.70208375694
238;AGGbb;CAMBODIA;IDR;10209225.641587185
239;JKWZb;ZAMBIA;BND;3768.0404672521527
240;JKWZb;TAIWAN, PROVINCE OF CHINA;PAB;8223.080358802892
241;BEHII;IRAQ;PAB;7193.41316804505
242;BEHII;BOLIVIA;EGP;7557.649817314611
243;BEHII;PAKISTAN;PEN;4822.636223418588
244;BEHII;GUATEMALA;JPY;2284212.5304530296
245;BEHII;MALDIVES;XAF;10793796.924686037
246;ILZa1;NEW ZEALAND;DKK;135037.22425848863
247;ILZa1;FIJI;XCD;49122.53992511551
248;ILZa1;HAITI;PKR;401816.48738099047
249;ILZa1;ANGOLA;CZK;346813.634184077
250;ILZa1;THAILAND;PYG;138812607.07417312
251;ILZa1;CANADA;SEK;94147.2116463451
252;ILZa1;SAUDI ARABIA;QAR;63857.79194683419
253;ILZa1;PANAMA;ZMW;130808.73296773373
254;ILZa1;ANGOLA;SGD;11283.207963777877
255;ILZa1;COLOMBIA;JOD;3381.384223439502
256;ILZa1;ALGERIA;PES;3301851.341516829
257;ILZa1;BARBADOS;PKR;4635910.781979745
258;ILZa1;ISRAEL;GNF;55874253.5949955
259;ILZa1;TURKEY;EUR;16975.71057242639
260;ILZa1;DOMINICAN REPUBLIC;RWF;3753483.5336050205
261;ILZa1;MALAYSIA;PHP;198125.92305603396
262;ILZa1;NIGERIA;TZS;34917633.221603565
263;ILZa1;FRENCH POLYNESIA;NAD;260115.40048963926
264;DMYbb;TRINIDAD AND TOBAGO;MVR;145334.20566161128
265;DMYbb;SURINAME;QAR;11430.001445716769
266;DMYbb;FRENCH POLYNESIA;MGA;21709432.290619917
267;DMYbb;BURUNDI;COP;4248170.000654111
268;DMYbb;KOREA, REPUBLIC OF;LRD;1165920.214562869
269;DMYbb;MEXICO;PAB;574.1029740996968
270;DMYbb;SINGAPORE;JPY;1287225.371288657
271;DMYbb;IRAQ;THB;165530.0538124605
272;DMYbb;FRENCH POLYNESIA;XPF;91253.52681204333
273;DMYbb;MEXICO;SAR;32290.02801976405
274;DMYbb;BARBADOS;IRR;391797283.0705989
275;AEFZ2;SWEDEN;PAB;3002.998240143115
276;AEFZ2;MADAGASCAR;GMD;68255.60981957542
277;AEFZ2;DENMARK;SZL;122164.12756230315
278;AEFZ2;MAURITIUS;CNY;44158.16339704196
279;AEFZ2;OMAN;SLL;166410552.31311044
280;AEFZ2;MOROCCO;TOP;14217.858158701038
281;AEFZ2;SAMOA;VUV;936194.4572755743
282;AEFZ2;QATAR;MUR;266955.1859939425
283;AEFZ2;JORDAN;MVR;135616.24383165504
284;AEFZ2;BHUTAN;SEK;48721.93707026809
285;AEFZ2;PARAGUAY;SCR;82976.89948370348
286;AEFZ2;NEPAL;BHD;393.76264809725444
287;AEFZ2;THAILAND;BRL;45323.65664308651
288;AEFZ2;MAURITANIA;RUB;174101.03725881578
289;AEFZ2;FIJI;KZT;4034383.0684280153
290;DEJKK;HONDURAS;MVR;181903.58477401064
291;DEJKK;BRAZIL;TWD;239782.64642579437
292;DEJKK;CAPE VERDE;SOS;2994086.6092608995
293;DEJKK;NIGERIA;ISK;729163.203999616
294;DEJKK;TOGO;TZS;10434144.749915004
295;DEJKK;SUDAN;SGD;7392.416570726934
296;DEJKK;BOLIVIA;MGA;20377271.716635182
297;DEJKK;CROATIA;SDG;7195375.638539783
298;DEJKK;HONDURAS;THB;485881.1967170444
299;DEJKK;SIERRA LEONE;KYD;11195.677371747186
300;CFMWZ;CAMBODIA;HRK;44834.76284887619
301;CFMWZ;NICARAGUA;PES;2400450.523689831
302;CFMWZ;JAMAICA;SYP;7800166.314656721
303;CFMWZ;SWITZERLAND;JPY;2395831.381516298
304;CFMWZ;SAO TOME AND PRINCIPE;ISK;2687262.6835820694
305;CFMWZ;VIET NAM;GYD;446657.5071148622
306;CFMWZ;CAYMAN ISLANDS;EUR;13605.216477402395
307;CFMWZ;QATAR;LKR;655557.458516159
308;CFMWZ;AZERBAIJAN;NZD;21000.30275367588
309;CFMWZ;MAURITANIA;STD;215227115.9104701
310;CFMWZ;PANAMA;CLP;9892806.674542086
311;CFMWZ;TONGA;THB;372361.97211930115
312;CFMWZ;POLAND;BBD;16590.674452033425
313;CFMWZ;SOUTH AFRICA;SVC;112403.61527717089
314;CHIY3;DOMINICAN REPUBLIC;MAD;4227.325296222912
315;CHIY3;MACAU;SCR;42081.76024131796
316;CHIY3;BELIZE;SRD;137809.5418006691
317;CHIY3;ALGERIA;OMR;3717.9598001697773
318;CHIY3;MALAWI;COP;9232303.116742153
319;CHIY3;POLAND;IDR;62976942.2967897
320;CHIY3;GUATEMALA;JPY;347850.17995860334
321;CHIY3;GUYANA;ZMW;78843.83093962862
322;CHIY3;SRI LANKA;MVR;773.7884078260225
323;CHIY3;DJIBOUTI;DJF;1123828.542372414
324;CHIY3;MALDIVES;LRD;534979.9229980911
325;CHIY3;LIBYAN ARAB JAMAHIRIYA;SZL;126405.81013162082
326;CHIY3;CHINA;BIF;1667762.0437197385
327;CHIY3;BOLIVIA;IRR;216010510.4330785
328;CHJJJ;SAUDI ARABIA;CZK;125828.51844613004
329;CHJJJ;MACAU;GHS;3234.364266518362
330;Z1333;ARUBA;RON;1217.3313541734353
331;Z1333;FRENCH POLYNESIA;SVC;2241.6918702244307
332;Z1333;NICARAGUA;GBP;169.27194305590348
333;Z1333;JAMAICA;NPR;31253.461722095533
334;Z1333;GUINEA;VND;2502980.0074789496
335;Z1333;ALBANIA;PLN;1181.745726562687
336;Z1333;SUDAN;BSD;131.75865029168284
337;Z1333;PERU;ILS;458.9369982396198
338;CJL33;SAMOA;GBP;2785.1255608513434
339;CJL33;BAHAMAS;BTN;193864.00215125352
340;CJL33;HONDURAS;CLP;434563.82957091706
341;CJL33;PANAMA;BMD;598.107747847808
342;CJL33;JORDAN;LAK;27599898.175874412
343;CJL33;MALAWI;ETB;135456.1970454614
344;CJL33;SOUTH AFRICA;SVC;22396.3556397732
345;CJL33;HONDURAS;SAR;5961.910862615158
346;CJL33;EL SALVADOR;BTN;196546.02230398884
347;CJL33;ANGOLA;SOS;408814.57961658615
348;CJL33;GUINEA;SLL;52876551.80452759
349;CJL33;ALGERIA;ZAR;28564.230662800997
350;CJL33;PARAGUAY;RON;14217.383641410059
351;CJL33;SWITZERLAND;CRC;102477.69316932825
352;CJL33;SURINAME;TND;6741.986588966692
353;CJL33;MALDIVES;SRD;99519.65024605942
354;CJL33;SIERRA LEONE;KRW;370956.84516691836
355;EGYb3;LATVIA;AZN;1861.155669445632
356;IIYZc;SIERRA LEONE;BBD;907.7192386403012
357;IIYZc;NICARAGUA;MYR;-68.76948978698047
358;IIYZc;LEBANON;YER;946465.7047286471
359;IIYZc;JAMAICA;KYD;1044.2878845097407
360;IIYZc;SWEDEN;SBD;29747.395815068525
361;IIYZc;UNITED KINGDOM;PKR;104573.13537195094
362;IIYZc;RUSSIAN FEDERATION;KYD;910.9308855055497
363;IIYZc;SAUDI ARABIA;KRW;1413216.0992541837
364;IIYZc;SAMOA;LBP;580515.1758934645
365;IIYZc;ARUBA;XOF;2311706.550369673
366;IIYZc;SUDAN;GTQ;20230.664951950763
367;IIYZc;JAMAICA;FJD;3249.0787187278256
368;IIYZc;THAILAND;MWK;4981266.788355121
369;IIYZc;MAURITIUS;MWK;4704986.2180319205
370;IIYZc;PARAGUAY;GHS;60150.158057476256
371;IIYZc;LIBYAN ARAB JAMAHIRIYA;LBP;1815153.3342969506
372;IIYZc;COSTA RICA;TWD;106462.72229200433
373;IIYZc;MEXICO;JMD;725013.6552132453
374;IIYZc;MOZAMBIQUE;JMD;299400.22214223025
375;CGW12;VENEZUELA;BGN;3733.849132224442
376;CGW12;NIGERIA;XCD;-84.90137217876003
377;CGW12;CAPE VERDE;LAK;47195473.92813101
378;CGW12;HONDURAS;DJF;711435.2372154231
379;CGW12;SAMOA;BIF;7411181.249013497
380;CGW12;PANAMA;DZD;321336.6151389867
381;CGW12;VENEZUELA;BDT;228319.2804727532
382;CGW12;SERBIA;ZMW;17399.74974021763
383;CGW12;BAHAMAS;SRD;104677.63079552197
384;CGW12;BRUNEI DARUSSALAM;HTG;47393.61923727448
385;CGW12;KOREA, REPUBLIC OF;DOP;126150.99815076763
386;CGW12;KOREA, REPUBLIC OF;PHP;157849.36517821866
387;CGW12;JAMAICA;ISK;195354.4248737267
388;CGW12;UNITED KINGDOM;GNF;19185422.362564392
389;CGW12;CANADA;MUR;101545.79713907362
390;CGW12;GUINEA;COP;23505102.088947903
391;DDJZc;KUWAIT;BOB;1778.8317665942388
392;DDJZc;SOUTH AFRICA;TRY;53917.04726280532
393;DDJZc;HONG KONG;RWF;104546.00855987982
394;Kbb33;GUATEMALA;ETB;120349.39705984114
395;Kbb33;MOROCCO;SYP;1136762.3199239606
396;Kbb33;NICARAGUA;OMR;847.3126840427383
397;Kbb33;CHILE;XCD;3379.1183771482674
398;Kbb33;HUNGARY;MXN;21423.637758781504
399;Kbb33;IRAN (ISLAMIC REPUBLIC OF);CNY;4373.446187281737
400;IJXW3;MOZAMBIQUE;BDT;6418.077527409244
401;IJXW3;CYPRUS;UGX;53652.04730832035
402;IJXW3;CZECH REPUBLIC;ZAR;468.6661549694312
403;IJXW3;CAMBODIA;QAR;328.78876477542315
404;IJXW3;LEBANON;LRD;11592.428171873225
405;IJXW3;INDIA;SOS;6348.465406945483
406;IJXW3;ZIMBABWE;NAD;805.024634292455
407;IJXW3;NETHERLANDS ANTILLES;BTN;7530.589040544813
408;IJXW3;SRI LANKA;ZAR;200.71391400079239
409;IJXW3;NEW ZEALAND;MZN;5198.167949749507
410;IJXW3;EGYPT;CNY;94.95849017980665
411;IJXW3;LAO PEOPLE'S DEMOCRATIC REP;LAK;1392745.0142879272
412;IJXW3;SIERRA LEONE;CHF;25.46048589262531
413;LWa12;CANADA;SVC;22103.072419091317
414;LWa12;POLAND;XAF;3994016.4612681023
415;LWa12;SWAZILAND;PGK;530.0830121624911
416;LWa12;ZIMBABWE;FJD;7752.2317164811775
417;LWa12;PANAMA;CRC;5429231.2222338915
418;LWa12;THAILAND;TND;23338.687248557268
419;LWa12;PAKISTAN;UYU;378420.90497184056
420;LWa12;SOMALIA;THB;69268.9983567156
421;LWa12;LAO PEOPLE'S DEMOCRATIC REP;BND;9038.539508964916
422;LWa12;MALAWI;XOF;2992168.1580097713
423;LWa12;DENMARK;XOF;3216756.779752152
424;LWa12;SOMALIA;SRD;16116.602242977247
425;ACFYZ;BULGARIA;VND;65243020.310880244
426;ACFYZ;MALAYSIA;MXN;18491.11429964917
427;ACFYZ;BAHAMAS;KZT;335649.0404798363
428;ACFYZ;CAPE VERDE;ARS;540909.8061502274
429;ACFYZ;OMAN;ARS;509989.15114474663
430;ACFYZ;MYANMAR;QAR;1740.9814222059313
431;ACFYZ;MOZAMBIQUE;TOP;2713.7374414866244
432;ACFYZ;CAPE VERDE;LBP;4603344.68502781
433;ACFYZ;MALDIVES;SGD;3219.8470505330256
434;ACFYZ;PAPUA NEW GUINEA;KES;36115.54670414961
435;BBc33;SWITZERLAND;UYU;194917.3926380166
436;BBc33;NAMIBIA;AWG;3498.3636946294605
437;BBc33;QATAR;HTG;396252.3206251843
438;BBc33;ZIMBABWE;KWD;832.9703517536793
439;BBc33;PERU;DOP;135127.883077145
440;EGGVY;PAPUA NEW GUINEA;TTD;23159.91769067051
441;EGGVY;TURKEY;MWK;4076861.145332761
442;EGGVY;VENEZUELA;MRO;361423.0250346017
443;EGGVY;BURUNDI;SDG;5828171.171642981
444;EGGVY;FRENCH POLYNESIA;RSD;969939.7526452973
445;EGGVY;MOROCCO;QAR;33335.84644801182
446;EGGVY;LATVIA;IDR;114151018.33980154
447;EGGVY;JAPAN;INR;184214.05233316228
448;EGGVY;ANGOLA;CAD;3562.069411757895
449;EGGVY;SAUDI ARABIA;LVL;1754.33011302711
450;EGGVY;SOLOMON ISLANDS;LRD;91632.88586738028
451;EGGVY;CENTRAL AFRICAN REPUBLIC;CZK;48019.1392670827
452;EGGVY;YEMEN;LKR;1307298.678600483
453;EGGVY;BOLIVIA;GNF;34283410.55397166
454;HJLZ1;BRAZIL;DJF;29032.855242328606
455;NNabb;TRINIDAD AND TOBAGO;STD;99947518.72524543
456;NNabb;TRINIDAD AND TOBAGO;NGN;1538173.003138254
457;NNabb;MOZAMBIQUE;SGD;6648.4792880757195
458;NNabb;MALAWI;SDG;1917919.3614727773
459;NNabb;URUGUAY;BTN;149873.54148899554
460;NNabb;TUNISIA;RUB;38342.91934240802
461;NNabb;DENMARK;BMD;3394.852018239707
462;NNabb;GUINEA;XAF;1561495.9163423677
463;NNabb;CAMBODIA;MXN;12729.232709244909
464;NNabb;MEXICO;BOB;7205.3137152282325
465;NNabb;CAMBODIA;BGN;4740.429701097282
466;NNabb;EGYPT;PLN;7810.913006750587
467;NNabb;CANADA;KRW;6453624.363677798
468;NNabb;CZECH REPUBLIC;XPF;39994.534647124616
469;NNabb;ARGENTINA;BOB;14811.323734259237
470;NNabb;TRINIDAD AND TOBAGO;IQD;2610928.979930067
471;BEKMb;LAO PEOPLE'S DEMOCRATIC REP;EGP;20584.113145998464
472;BEKMb;PERU;MMK;1424126.133106584
473;BEKMb;BRAZIL;WST;2047.7285697624022
474;BEKMb;HUNGARY;GTQ;1338.3834482012542
475;BEKMb;VIET NAM;TND;2510.146068804947
476;BEKMb;GUATEMALA;CHF;74.1989771107641
477;BEKMb;LATVIA;TTD;2656.2485012476445
478;BEKMb;GAMBIA;EUR;563.1257276795533
479;BEKMb;NAMIBIA;DKK;5136.820336728798
480;BEKMb;CYPRUS;MYR;2106.7006901040368
481;BEKMb;EURO;SLL;9666261.727389917
482;BEKMb;MAURITIUS;BRL;678.4484580614771
483;BEKMb;DOMINICAN REPUBLIC;KES;73356.71329522418
484;BEKMb;ETHIOPIA;GNF;7390815.451257086
485;DEGXc;ISRAEL;CYP;6141.773536245771
486;DEGXc;EURO;BND;6726.85264412887
487;DEGXc;QATAR;NPR;1267298.1977253896
488;DEGXc;KENYA;ZWL;149056.41647881622
489;DEGXc;VANUATU;PES;90410.77589450302
490;CHIIa;UGANDA;NZD;19475.191137396974
491;CHIIa;BURUNDI;HKD;90166.81053979587
492;CHIIa;ALGERIA;VUV;55698.00986395395
493;JKKYb;MACAU;PLN;369.4069830808473
494;JKKYb;JORDAN;SGD;2107.438600536382
495;JKKYb;ALBANIA;NOK;21223.098498342355
496;JKKYb;PHILIPPINES;BSD;2102.2321452487918
497;EFHKX;SWITZERLAND;HTG;851567.155811296
498;EFHKX;SYRIAN ARAB REPUBLIC;SEK;116167.61857455259
499;EFHKX;SAMOA;KES;2066459.3581909451
500;EFHKX;MOROCCO;DOP;-797.7938306258538
501;EFHKX;EURO;AOA;856203.2725370255
502;EFHKX;MALDIVES;MYR;78627.29319136863
503;EFHKX;CYPRUS;CRC;5116982.567399895
504;EFHKX;PERU;PGK;52953.14744529003
505;EFHKX;ALGERIA;BBD;619.8229801321265
506;EFHKX;JAPAN;MRO;-28014.4924560944
507;EFHKX;BHUTAN;ZAR;1995.535000998336
508;EFHKX;SIERRA LEONE;MAD;31631.864155323743
509;EFHKX;TRINIDAD AND TOBAGO;BYR;373379251.36812216
510;EFHKX;CAYMAN ISLANDS;GNF;127215120.993352
511;EFHKX;FRENCH POLYNESIA;CRC;1416047.4854310616
512;EFHKX;RUSSIAN FEDERATION;MAD;81112.72830173241
513;EFHKX;QATAR;DZD;803434.7391405886
514;EFHKX;MOROCCO;QAR;45220.335055822914
515;EFHKX;HAITI;OMR;6713.188483796579
516;EFHKX;HONG KONG;BBD;18576.980175960023
517;CCEGJ;YEMEN;KES;130971.39731793405
518;CCEGJ;SOMALIA;UGX;348709.6462804198
519;CCEGJ;COSTA RICA;CHF;160.10607237817817
520;DLYZ1;KUWAIT;BHD;956.5888477174198
521;DLYZ1;RWANDA;BRL;14531.615410074623
522;DLYZ1;PAKISTAN;XAF;3225464.8219243553
523;DLYZ1;QATAR;TND;13131.080580830629
524;DLYZ1;SWAZILAND;IRR;163509885.6691813
525;DLYZ1;NEW ZEALAND;MVR;29923.667653894838
526;DLYZ1;BHUTAN;SCR;78829.08722795945
527;DLYZ1;VANUATU;WST;12627.30618661691
528;DLYZ1;BARBADOS;AUD;1413.2022736197077
529;DLYZ1;CYPRUS;PKR;859076.9935086415
530;DLYZ1;PAPUA NEW GUINEA;HKD;3317.8295870196234
531;DLYZ1;EURO;JPY;40891.90053915882
532;DLYZ1;EL SALVADOR;EUR;2442.821072971209
533;LLZZb;MOROCCO;JMD;434413.88948755653
534;LLZZb;GAMBIA;VUV;369647.96806533466
535;LLZZb;HONDURAS;AOA;3332732.4745119084
536;LLZZb;MOZAMBIQUE;PYG;46016830.04473957
537;LLZZb;JORDAN;MUR;134226.44425471057
538;LLZZb;SWITZERLAND;WST;-171.1867777756256
539;LLZZb;TONGA;XCD;1921.0930556922895
540;LLZZb;PERU;SOS;32549.589822719223
541;LLZZb;UNITED KINGDOM;CNY;-160.94193369449434
542;LLZZb;SRI LANKA;SAR;6436.909390540554
543;LLZZb;MYANMAR;RWF;2712249.1591362637
544;LLZZb;SOMALIA;SCR;39952.630494379635
545;LLZZb;TURKEY;TRY;3642.818705192862
546;LLZZb;MOROCCO;BSD;260.1163182861354
547;AAFFF;CAYMAN ISLANDS;UYU;7115.359447747447
548;AAFFF;DOMINICAN REPUBLIC;AWG;21030.192165259243
549;AAFFF;BELIZE;BMD;1054.002526083189
550;AAFFF;SAO TOME AND PRINCIPE;MWK;2167035.0879624756
551;AAFFF;SOLOMON ISLANDS;SGD;18864.998918972036
552;AAFFF;BHUTAN;HKD;102642.92758721916
553;AAFFF;CAYMAN ISLANDS;GHS;249770.70978448077
554;AAFFF;SAMOA;BDT;216228.05641651832
555;AAFFF;JAPAN;NAD;24383.562208103325
556;AAFFF;LEBANON;INR;574429.6748018104
557;AAFFF;ZAMBIA;RON;62088.99019732031
558;AAFFF;MAURITANIA;PKR;3637684.400827343
559;AAFFF;BOTSWANA;JMD;2604902.1467154906
560;AAFFF;EGYPT;MMK;30341813.29958658
561;AAFFF;HUNGARY;VES;232197.0930042418
562;AAFFF;EURO;VUV;1065495.504930953
563;AAFFF;MACAU;GYD;2866330.1713517266
564;AAFFF;TAIWAN, PROVINCE OF CHINA;GHS;19873.162875198323
565;AAFFF;IRAQ;OMR;6830.703499295079
566;GGLXc;CAYMAN ISLANDS;DOP;26781.722453394657
567;GGLXc;GHANA;BTN;159260.66138938733
568;GGLXc;MYANMAR;PHP;31922.39962307757
569;GGLXc;FIJI;TWD;32439.851787740743
570;GGLXc;IRAN (ISLAMIC REPUBLIC OF);XCD;5812.8175239945285
571;GGLXc;PAKISTAN;ETB;39120.58984452194
572;GGLXc;BELIZE;PKR;48957.351912502374
573;GGLXc;TRINIDAD AND TOBAGO;HUF;629938.3549118377
574;GGLXc;FIJI;MVR;8553.981674885445
575;GIIWY;BANGLADESH;SAR;8986.62136785348
576;GIIWY;SURINAME;CLP;247007.67402609056
577;GIIWY;BRUNEI DARUSSALAM;BND;3086.870855386415
578;GIIWY;RWANDA;LYD;6660.831427779169
579;GIIWY;ARUBA;QAR;5221.252046929864
580;GIIWY;UNITED ARAB EMIRATES;PEN;1079.1375990089246
581;GIIWY;ALGERIA;EGP;20522.51863745068
582;GIIWY;SAO TOME AND PRINCIPE;HUF;650602.293601177
583;GIIWY;INDIA;CVE;95538.63127764328
584;GIIWY;ICELAND;PHP;79406.46100642574
585;GIIWY;PERU;SZL;28341.15664215724
586;AAEYc;TAIWAN, PROVINCE OF CHINA;UAH;18940.00772884944
587;AAEYc;COSTA RICA;MZN;34693.67707178681
588;AAEYc;UGANDA;WST;4372.281079803519
589;AAEYc;ARUBA;BTN;197951.87363962622
590;AAEYc;TAIWAN, PROVINCE OF CHINA;LKR;313441.891867512
591;AAEYc;BELIZE;LVL;143.81998750838474
592;AAEYc;HONG KONG;BDT;88111.63605277125
593;BFJJN;TUNISIA;MOP;1784.53575633008
594;AIJV1;QATAR;YER;708177.9748653019
595;AIJV1;HONG KONG;MXN;55365.71227129321
596;AIJV1;KUWAIT;ISK;228475.42806715207
597;AIJV1;ARUBA;ZWL;89842.05433782676
598;AIJV1;JORDAN;HUF;527929.8628584044
599;AIJV1;SWAZILAND;TZS;5008184.869660692
600;AIJV1;MOZAMBIQUE;SBD;20769.10880247944
601;AIJV1;SEYCHELLES;BZD;946.2724543854168
602;AIJV1;MOROCCO;MYR;4340.371717338106
603;JJJJ1;PAKISTAN;ALL;1446899.1212382193
604;JJJJ1;UNITED ARAB EMIRATES;RUB;791223.9782998168
605;JJJJ1;GUINEA;CZK;165896.67453114316
606;JJJJ1;LIBYAN ARAB JAMAHIRIYA;EUR;12246.104552045488
607;JJJJ1;QATAR;EUR;14268.223667892507
608;JJJJ1;CYPRUS;CNY;42869.08685670304
609;JJJJ1;SIERRA LEONE;TRY;292492.52180630923
610;JJJJ1;IRAQ;ETB;781167.7394274848
611;JJJJ1;GUATEMALA;AED;13956.79708729706
612;JJJJ1;HONG KONG;YER;5621200.419411945
613;JJJJ1;JAMAICA;EUR;9876.728999248107
614;JJJJ1;NEPAL;GHS;61281.68748191467
615;JJJJ1;BRAZIL;ZAR;918.9718031672011
616;JJJJ1;HONDURAS;ETB;1111099.5505809514
617;JJJJ1;SERBIA;SRD;597173.7407146092
618;JJJJ1;CHINA;UYU;760905.6190963937
619;JJJJ1;MYANMAR;CVE;1692391.4144470326
620;JJJJ1;JAMAICA;MAD;90622.6505331968
621;JJJJ1;FIJI;OMR;6417.62999239999
622;JJVXb;ZAMBIA;MOP;19114.723572044044
623;JJVXb;BAHRAIN;IQD;3259360.364034342
624;JJVXb;BRUNEI DARUSSALAM;HTG;246343.57509458583
625;JJVXb;IRAN (ISLAMIC REPUBLIC OF);GNF;33555949.76123589
626;JJVXb;MACAU;PGK;4553.6669923597465
627;JJVXb;PAPUA NEW GUINEA;KWD;1374.291540312343
628;JJVXb;SAMOA;BND;4098.551664739695
629;JJVXb;MACAU;SRD;66790.23471806101
630;JJVXb;CAPE VERDE;ANG;883.9283531089143
631;JJVXb;NIGERIA;HKD;17626.823605678735
632;JJVXb;NICARAGUA;HRK;11072.728011097608
633;JJVXb;HONG KONG;WST;100.74013796452586
634;JJVXb;BELIZE;KWD;1159.685645652317
635;JJVXb;DOMINICAN REPUBLIC;MOP;36394.21361034126
636;JJVXb;BARBADOS;VES;3226.9077765889147
637;JJVXb;TOGO;MRO;674917.1739614559
638;JJVXb;FRENCH POLYNESIA;GHS;53603.0972514033
639;JJVXb;MALAWI;MUR;210082.71023935403
640;JJVXb;BELARUS;KES;136540.00797956518
641;DJL12;KENYA;AUD;9024.235189703842
642;DJL12;CHINA;AWG;31174.886483782666
643;BIMa3;MALAYSIA;TWD;83835.6347021502
644;BIMa3;NEW ZEALAND;DOP;13228.093770610843
645;BIMa3;CAYMAN ISLANDS;PGK;6754.45017506929
646;BIMa3;JAMAICA;STD;22145779.32404213
647;BIMa3;MADAGASCAR;BTN;210615.08317679536
648;BIMa3;NETHERLANDS ANTILLES;MMK;1573589.7255170776
649;BIMa3;LIBYAN ARAB JAMAHIRIYA;CZK;37332.88034940988
650;BIMa3;GUYANA;IQD;4219613.4149255045
651;BIMa3;AZERBAIJAN;LRD;24110.048960467073
652;BIMa3;SYRIAN ARAB REPUBLIC;ANG;2054.719086656641
653;BIMa3;GUYANA;JOD;73.77720561515252
654;BIMa3;TOGO;MUR;81164.33754122858
655;BIMa3;LATVIA;KWD;30.445192781520948
656;BIMa3;SINGAPORE;CRC;449799.66725760535
657;BIMa3;JAPAN;VES;45033.22838874797
658;BIMa3;VENEZUELA;RON;8871.642677312222
659;BIMa3;TANZANIA, UNITED REPUBLIC OF;AOA;1151195.1371842623
660;BIMa3;TRINIDAD AND TOBAGO;SGD;864.055727599831
661;BIMa3;GUYANA;GTQ;16561.510937337833
662;AEWab;INDONESIA;BYR;68406788.26923995
663;AEWab;BRUNEI DARUSSALAM;LAK;174836060.89758295
664;AEWab;YEMEN;MYR;33358.78002099369
665;AEWab;UGANDA;ZMW;2919.459257037134
666;AEWab;PERU;RON;69687.50046533778
667;AEWab;SOUTH AFRICA;XPF;722357.3325148802
668;AEWab;ZAMBIA;MOP;14241.392063746995
669;AEWab;BOTSWANA;BTN;478168.8595811664
670;AEWab;CAPE VERDE;VUV;583919.051629319
671;AEWab;BURUNDI;UGX;24771323.39669928
672;AEWab;SWITZERLAND;SRD;204875.2974925973
673;AEWab;KENYA;ALL;121238.41986025646
674;AEWab;PAPUA NEW GUINEA;JPY;1268673.930823268
675;AEWab;IRAN (ISLAMIC REPUBLIC OF);MMK;22613420.480885785
676;AEWab;PANAMA;NOK;58122.5553195994
677;AEWab;BAHAMAS;ETB;15099.468625492424
678;AEWab;PHILIPPINES;ARS;638159.2228876927
679;ZZc33;BURUNDI;TWD;338697.9705755012
680;ZZc33;PARAGUAY;CHF;49288.05196832282
681;ZZc33;SOLOMON ISLANDS;CLP;37824336.830952026
682;ZZc33;INDIA;MRO;16984125.550549958
683;ZZc33;SEYCHELLES;SEK;161146.63017721003
