Client;Country;Currency;Transaction
HHKab;UKRAINE;CAD;6089.550827896024
HHKab;GUYANA;DZD;495310.7836514606
HHKab;IRAQ;AWG;1306.142909892494
HHKab;SERBIA;SDG;2816640.4112362815
CEKKV;SWAZILAND;SDG;2469963.4121862287
CEKKV;RWANDA;BND;3422.006860788843
CEKKV;MALAWI;WST;13263.47223858601
CEKKV;MEXICO;CRC;1996213.3005322886
CEKKV;SYRIAN ARAB REPUBLIC;KRW;3346175.1829308593
CEKKV;NEW ZEALAND;MOP;24846.99174984097
CEKKV;PERU;XAF;3867490.668508716
CEKKV;UNITED ARAB EMIRATES;PEN;8905.757320309192
CEKKV;QATAR;CYP;3051.216536842753
CEKKV;CANADA;HNL;105415.34945255406
CEKKV;THAILAND;XOF;3572942.707085659
CEKKV;DOMINICAN REPUBLIC;INR;167315.2316771451
CEKKV;GUYANA;XAF;452013.22166821925
CEKKV;UGANDA;KYD;5024.252703643564
CEKKV;TAIWAN, PROVINCE OF CHINA;JPY;451904.1731060882
CEKKV;URUGUAY;VES;96521.87612556368
CEKKV;MACAU;CAD;1417.4965586974072
Faa22;KUWAIT;ISK;1701757.9539438188
BGILN;PERU;AED;99041.88029812677
BGILN;IRAN (ISLAMIC REPUBLIC OF);GNF;204163333.33907536
BGILN;LEBANON;BHD;4330.961586368827
BGILN;QATAR;SOS;35238304.08740476
BGILN;TUNISIA;KYD;35261.97167884805
BGILN;MOZAMBIQUE;TZS;32908248.42164046
BGILN;SOUTH AFRICA;NOK;63839.53141879144
BGILN;TRINIDAD AND TOBAGO;PKR;12536378.580751326
BGILN;MADAGASCAR;PLN;35516.445429290005
BGILN;MOZAMBIQUE;SDG;27253893.907826636
BGILN;COLOMBIA;LKR;3178104.3789520045
BGILN;INDIA;RWF;12471072.251381528
BGILN;IRAQ;EGP;1144685.8409110066
BGILN;SRI LANKA;AWG;30502.109583134767
BGILN;MYANMAR;SCR;869124.7359516515
BGILN;SOMALIA;UYU;1149126.618482786
BGILN;HUNGARY;MRO;24450981.241297007
BGILN;KOREA, REPUBLIC OF;XPF;2044588.9720277754
AVX13;INDIA;NZD;46165.35055365778
AVX13;MEXICO;SLL;351713253.97659105
AVX13;HONG KONG;IRR;542320511.1525527
AVX13;CROATIA;KWD;8530.54347291324
AVX13;TONGA;RWF;26121709.976561815
AVX13;NORWAY;COP;82050474.63481373
AVX13;DENMARK;CRC;11519345.154481359
AVX13;MACAU;BZD;43149.028661246055
AVX13;RWANDA;KZT;2962923.532774669
AVX13;ANGOLA;LAK;424357827.6946516
AVX13;SOMALIA;IQD;29902855.564171057
AVX13;LIBYAN ARAB JAMAHIRIYA;THB;597880.9247620751
AVX13;GHANA;HKD;218638.58991977887
AVX13;TURKEY;ISK;1735380.0665296195
AVX13;NAMIBIA;THB;326867.9481620609
AVX13;EGYPT;ZMW;160696.64799331705
AVX13;MALAYSIA;PES;5360274.522311015
AVX13;ICELAND;SZL;313493.41798861045
AVX13;TRINIDAD AND TOBAGO;MRO;6823153.000403164
AVX13;CHILE;KES;2005793.3289958057
CKMVa;SWEDEN;SLL;1610886820.01918
CKMVa;GUYANA;TWD;4035620.3227494275
CKMVa;BELARUS;PEN;460019.7635841546
CKMVa;TURKEY;KES;10367172.720355194
CKMVa;MAURITIUS;BZD;104617.3978473642
CKMVa;GUYANA;DOP;7581053.008949942
CKMVa;TRINIDAD AND TOBAGO;CRC;26763454.192853704
CKMVa;OMAN;MWK;48055648.013055645
CKMVa;LEBANON;BBD;203271.57653715604
CKMVa;JAPAN;CVE;12883443.752437958
CKMVa;GHANA;TZS;314057515.8025359
CKMVa;ARGENTINA;SDG;2048179.9335055135
CKMVa;POLAND;SDG;23073534.712452497
CKMVa;INDONESIA;TRY;1239611.128801649
CKMVa;EGYPT;LAK;1217661977.0353038
CKMVa;NORWAY;WST;123283.75049774254
FJcc2;SOUTH AFRICA;COP;1414920.4540883843
FJcc2;YEMEN;BBD;337.6019992552144
FJcc2;GUYANA;HTG;245894.5182242864
FJcc2;OMAN;MWK;1422819.8867367425
FJcc2;TOGO;UGX;3767411.440171662
FJcc2;BAHAMAS;MUR;41564.43799694072
FJcc2;BELARUS;BGN;2579.8727815673815
FJcc2;CROATIA;SRD;32302.860951100767
FJcc2;CROATIA;BDT;75654.5699592087
FJcc2;BANGLADESH;AUD;1487.7803121819372
FJcc2;PERU;MRO;343606.00663837726
FJcc2;BAHRAIN;PKR;364158.1952190249
BGLN1;NICARAGUA;SOS;4366424.335515342
BGLN1;JAPAN;TZS;19154919.058414742
BGLN1;GUYANA;IRR;368418818.58577263
BGLN1;SAMOA;MMK;6147983.814975693
BGLN1;UNITED KINGDOM;DOP;377038.43476521794
BGLN1;COSTA RICA;JMD;1881287.7589350683
BGLN1;VENEZUELA;GTQ;28910.87275672765
BGLN1;SAMOA;PHP;82018.42519895169
WWYcc;POLAND;DJF;2715681.671183843
WWYcc;BANGLADESH;EGP;213546.58852637766
WWYcc;PHILIPPINES;CNY;3570.6734221595752
WWYcc;ANGOLA;COP;10499801.702873183
WWYcc;ISRAEL;PKR;3913768.4274561377
WWYcc;MACAU;PHP;551455.16320738
WWYcc;BHUTAN;AWG;29193.30727594092
WWYcc;CENTRAL AFRICAN REPUBLIC;PHP;162022.62004298298
WWYcc;BELARUS;DOP;106569.64301193159
WWYcc;PERU;AED;48992.41806363373
WWYcc;ARGENTINA;MXN;357265.7768532693
WWYcc;MOZAMBIQUE;UGX;48464649.49331394
WWYcc;BHUTAN;KWD;604.8562109714096
WWYcc;ISRAEL;ZMW;249497.80716461598
WWYcc;ALGERIA;SDG;4547951.592890872
BCGHJ;ZIMBABWE;RSD;131282.8802856
BCGHJ;ALGERIA;CNY;2791.090670725716
EZZZ1;UNITED KINGDOM;PLN;28803.988164163522
EZZZ1;IRAQ;NIO;56304.8778192508
EZZZ1;HUNGARY;VUV;293321.0978150102
EZZZ1;IRAQ;XAF;2858516.622801242
EZZZ1;LEBANON;SRD;241445.2200149448
EZZZ1;RUSSIAN FEDERATION;NAD;189941.52139509158
EZZZ1;MOROCCO;LRD;491132.2925646969
EZZZ1;IRAQ;PKR;2528307.696205045
EZZZ1;LAO PEOPLE'S DEMOCRATIC REP;XPF;1116859.7847091767
EZZZ1;BANGLADESH;BHD;2668.5564936573155
EZZZ1;INDIA;NAD;184907.03326697246
EZZZ1;VANUATU;INR;986317.4564786967
EZZZ1;ALBANIA;PGK;14023.926317371659
EZZZ1;LATVIA;AWG;12054.146083398418
EZZZ1;VANUATU;TZS;972917.0187618806
EZZZ1;DOMINICA;GYD;399884.59753606934
IJNbb;KUWAIT;ANG;27345.23852609998
IJNbb;TURKEY;UAH;360962.5142878568
IJNbb;TANZANIA, UNITED REPUBLIC OF;HNL;332682.74261648225
IJNbb;JAMAICA;NAD;85598.89398873536
IJNbb;ZAMBIA;INR;287289.3093616207
IJNbb;LIBERIA;FJD;57220.649712015475
IJNbb;PERU;MVR;449221.72372861096
IJNbb;CAMBODIA;HNL;440658.72048323526
IJNbb;SERBIA;KYD;11332.994367824214
IJNbb;HONDURAS;BIF;32804347.49344253
IJNbb;COLOMBIA;CRC;5564982.475253578
IJNbb;INDIA;MOP;240969.07374192707
IJNbb;GUATEMALA;SAR;128361.78483190796
IJNbb;INDONESIA;JOD;23518.68912531288
CGHXY;ICELAND;BRL;1490.778128235897
CGHXY;BERMUDA;GNF;377070.20395271474
CGHXY;DJIBOUTI;VUV;44093.27758830699
CGHXY;TRINIDAD AND TOBAGO;XPF;40950.71569591142
CGHXY;HAITI;HUF;118363.30498145915
CGHXY;CHINA;CYP;156.24364879833905
CGHXY;SAMOA;MUR;4409.723604300273
CEIVa;ALGERIA;BBD;12338.297951308421
CEIVa;GHANA;GBP;10957.752673285882
CEIVa;SWITZERLAND;KRW;16299845.721298544
CEIVa;ARGENTINA;GYD;1349755.7063897806
CEIVa;NORWAY;LKR;257342.08765729645
CEIVa;YEMEN;ETB;659620.490094049
CEIVa;POLAND;KZT;5246093.597762248
CEIVa;BULGARIA;GHS;95853.85584628585
CEIVa;ALGERIA;LBP;12636556.487583391
CEIVa;LEBANON;CLP;7919242.500363772
CEIVa;GHANA;HNL;228930.09576289606
CEIVa;GHANA;GNF;-546026.0195299125
CEIVa;MALDIVES;SAR;51253.2118434972
CEIVa;MALDIVES;NGN;5835195.614680615
CEIVa;TAIWAN, PROVINCE OF CHINA;MZN;754636.5097006025
CEIVa;PERU;AUD;16619.141944422932
LMMNc;SOLOMON ISLANDS;MAD;593.3838026556161
LMMNc;VENEZUELA;NOK;919.1812949167747
LMMNc;CAMBODIA;LVL;200.4022443131092
LMMNc;PERU;CVE;37648.81168762859
LMMNc;DOMINICAN REPUBLIC;IDR;437377.6189075782
LMMNc;PANAMA;HKD;2152.6508958241634
LMMNc;VANUATU;AZN;87.3729906750956
LMMNc;NEW ZEALAND;BYR;8036844.021479075
EV122;KOREA, REPUBLIC OF;PYG;3110011.821448438
EV122;MACAU;ZWL;4208249.806828842
MZ111;ANGOLA;INR;1267932.7170123288
MZ111;SOUTH AFRICA;KRW;5649734.198599944
MZ111;NAMIBIA;BYR;155386216.28569865
MZ111;MOZAMBIQUE;LKR;6138196.303082784
MZ111;BOTSWANA;RSD;-9731.820623156847
MZ111;SWEDEN;RON;-841.2931612539153
BFJVW;PARAGUAY;MUR;844391.5233008312
BFJVW;EGYPT;EGP;468281.17446534877
BFJVW;SAUDI ARABIA;ISK;381140.4915157914
BFJVW;BERMUDA;GYD;4001145.7989638187
BFJVW;PARAGUAY;IQD;11402424.077421276
BFJVW;TOGO;CVE;555781.0305083287
BFJVW;KENYA;MYR;55417.664623902754
BFJVW;BOTSWANA;NAD;262797.8900376901
AAZc2;TAIWAN, PROVINCE OF CHINA;PGK;1700.0711146233173
