Client;Country;Currency;Transaction
DEHNW;RWANDA;UYU;49611.62845977611
DEHNW;SUDAN;DZD;151818.8231390655
DEHNW;TOGO;GBP;176.1157734557141
DEHNW;NICARAGUA;CZK;7529.733367496543
DEHNW;BAHRAIN;MAD;2539.922365890818
DEHNW;HUNGARY;ANG;523.9320215205503
DEHNW;BRUNEI DARUSSALAM;LVL;314.06151246470364
JKXbb;SAO TOME AND PRINCIPE;NGN;6151564.722775726
JKXbb;PERU;GTQ;7052.722465292603
JKXbb;DJIBOUTI;HNL;227887.61459058063
JKXbb;DENMARK;CZK;114832.32119506635
JKXbb;YEMEN;MAD;170008.86872008428
JKXbb;PAKISTAN;CHF;2783.6543086525976
ADN12;UNITED KINGDOM;LRD;1656719.6319377334
ADN12;GUATEMALA;HKD;124711.7087634343
ADN12;SINGAPORE;HTG;2395522.8073351006
ADN12;JORDAN;ZWL;4929255.344683457
ADN12;ISRAEL;SCR;43629.05503167671
ADN12;YEMEN;MRO;294811.9156246546
ADN12;TOGO;BGN;12706.773488479756
ADN12;TAIWAN, PROVINCE OF CHINA;PYG;71945879.9292137
ADN12;IRAN (ISLAMIC REPUBLIC OF);IDR;113715805.50525059
ADN12;TRINIDAD AND TOBAGO;BDT;708069.8354820622
ADN12;ETHIOPIA;CLP;11890184.282629801
ADN12;SAO TOME AND PRINCIPE;SVC;59822.486320104785
ADN12;ANGOLA;THB;660742.1876029476
ADN12;JORDAN;SDG;3559213.406318279
ADN12;BANGLADESH;HUF;1213748.7303181416
ADN12;MYANMAR;XCD;17883.136523665424
ADN12;BOTSWANA;CRC;3254895.25402746
ADN12;ISRAEL;BBD;13231.382453626504
ADN12;CAPE VERDE;ILS;53520.07153409536
ADN12;HONG KONG;BRL;64826.079737900654
ADJY2;VIET NAM;DOP;168823.52623270627
ADJY2;SAUDI ARABIA;VES;10430.108071279446
ADJY2;KUWAIT;NOK;39713.77328870149
ADJY2;CHINA;GTQ;47455.600531255775
ADJY2;NIGERIA;DJF;1291359.8523488224
ADJY2;NETHERLANDS ANTILLES;IRR;197131227.61911955
ADJY2;ETHIOPIA;SBD;51493.32529070944
ADJY2;PERU;TND;20515.52836306615
ADJY2;NAMIBIA;CNY;48522.430833114
FFGJK;SOUTH AFRICA;BOB;67.10027012072669
FFGJK;BAHRAIN;IDR;6615657.852653472
FFGJK;UGANDA;TTD;2156.117761505264
FFGJK;SOMALIA;DJF;51688.40591142434
FFGJK;MALAYSIA;HNL;4243.070265098119
FFGJK;SWEDEN;KWD;82.89810967376388
FFGJK;TANZANIA, UNITED REPUBLIC OF;VUV;19731.57663841923
FFGJK;IRAQ;PKR;69663.20920827588
GGHKM;MOROCCO;TTD;1820.263161683933
GGHKM;POLAND;MWK;99291.99017641622
GGHKM;ANGOLA;DJF;33259.50849707044
GGHKM;INDONESIA;HUF;105248.95316013221
GGHKM;IRAQ;XPF;40152.27114893654
GGHKM;LIBYAN ARAB JAMAHIRIYA;JMD;28293.535334331274
HINYY;MYANMAR;TRY;4235.1192226201165
HINYY;CYPRUS;SCR;22557.900965417655
HINYY;TRINIDAD AND TOBAGO;YER;382979.01469322585
HINYY;GUATEMALA;IDR;21580158.568624843
HINYY;ISRAEL;PHP;51990.66166147007
HINYY;PARAGUAY;LBP;2501593.6221320634
HINYY;PANAMA;EGP;17559.509363958347
HINYY;HUNGARY;BZD;2947.6240917047808
HINYY;SEYCHELLES;BZD;2514.1185304232436
HINYY;DOMINICAN REPUBLIC;TWD;55083.5534438128
HINYY;CROATIA;BOB;691.8234535929109
HINYY;ZAMBIA;KRW;68305.73030217523
HINYY;IRAN (ISLAMIC REPUBLIC OF);BDT;117284.46037880935
HINYY;SRI LANKA;DOP;94587.31582226306
HINYY;DJIBOUTI;SCR;22956.71468414327
HINYY;SURINAME;UYU;62025.52937309625
HINYY;QATAR;BHD;406.71212191863395
HINYY;SAO TOME AND PRINCIPE;MGA;1678182.896346126
HINYY;NIGERIA;SZL;12940.114633180221
HINYY;LAO PEOPLE'S DEMOCRATIC REP;IRR;54747772.146784626
EIIX1;CROATIA;SYP;5969756.762535291
EIIX1;TUNISIA;JPY;676241.4800547283
EIIX1;LEBANON;PYG;13971012.358592339
EIIX1;SIERRA LEONE;TTD;25133.626747494152
EIIX1;UNITED ARAB EMIRATES;PYG;-458219.2808373659
EIIX1;SUDAN;SBD;106996.15793183578
EIIX1;LIBYAN ARAB JAMAHIRIYA;NPR;133667.46432117894
EIIX1;VENEZUELA;TTD;29968.371346083604
EIIX1;AUSTRALIA;CNY;16802.42863521233
EIIX1;ICELAND;MZN;316976.5322251858
EIIX1;HAITI;IDR;189939136.1670663
EIIX1;PERU;BIF;-50791.94739140099
EIIX1;TAIWAN, PROVINCE OF CHINA;IRR;519636995.07812977
EIIX1;ANGOLA;HNL;264057.06684960023
EIIX1;FRENCH POLYNESIA;MRO;4689960.913941088
YYZZ2;EL SALVADOR;HUF;32402.368386449223
YYZZ2;PERU;OMR;20.31420989186581
YYZZ2;SAUDI ARABIA;VND;3490157.7483289205
YYZZ2;CENTRAL AFRICAN REPUBLIC;SZL;1282.4065575906977
CKLMc;HUNGARY;PHP;101338.8118572452
CKLMc;FIJI;BZD;16866.965257401265
CKLMc;URUGUAY;VES;31265.75846178494
CKLMc;BAHRAIN;KYD;2711.460006232758
CKLMc;BOTSWANA;NAD;96867.93852021701
CKLMc;SAMOA;XPF;606114.1686613082
CKLMc;SOLOMON ISLANDS;LBP;7038183.191519716
CKLMc;MADAGASCAR;LYD;4689.889932985428
CKLMc;GUATEMALA;PAB;2350.5962063713273
CKLMc;CAMBODIA;KYD;680.5039776867576
CKLMc;JAMAICA;BBD;540.6628733165156
CKLMc;FRENCH POLYNESIA;KYD;6646.701209153491
CKLMc;MALDIVES;CZK;173958.5773913597
CKLMc;SWITZERLAND;CNY;42484.99414741496
CKLMc;AZERBAIJAN;GTQ;57392.46003254118
AJJXb;FRENCH POLYNESIA;KZT;181017.39587013354
AJJXb;BOTSWANA;JOD;1210.004300181181
AJJXb;SRI LANKA;CVE;20401.781609916805
AJJXb;CAYMAN ISLANDS;FJD;11494.302368896273
AJJXb;SURINAME;COP;3366158.0485406695
AJJXb;COSTA RICA;JOD;319.5269643886311
AJJXb;TRINIDAD AND TOBAGO;TTD;40212.01015236824
AJJXb;SUDAN;RWF;5690706.547652534
AJJXb;GUINEA;NIO;93412.54653132714
AJJXb;BULGARIA;BHD;1537.269715688924
AJJXb;KAZAKHSTAN;HKD;21532.42448543099
AJJXb;BAHAMAS;HRK;30645.484251097492
AJJXb;BARBADOS;LKR;956142.8908535165
AJJXb;DJIBOUTI;MYR;24597.297159934307
AJJXb;SRI LANKA;TWD;8819.255665206625
AJJXb;CROATIA;LRD;322617.0689660571
AJJXb;LAO PEOPLE'S DEMOCRATIC REP;UGX;18844845.402315505
AJJXb;MOZAMBIQUE;GYD;913283.6164052747
AJJXb;JAMAICA;TWD;162848.5813528851
AJJXb;DENMARK;XOF;4099657.9311220595
DINVY;BELARUS;QAR;47500.67826922139
DINVY;ARGENTINA;RUB;1228008.7228440745
DINVY;ZIMBABWE;GYD;4248383.81948338
DINVY;PERU;SGD;29190.832532601326
DINVY;COSTA RICA;MRO;9224619.208275842
DINVY;VENEZUELA;MRO;6880858.94673572
DINVY;CZECH REPUBLIC;CYP;5661.7984106368485
DINVY;SRI LANKA;TZS;47984612.5903336
DINVY;NAMIBIA;CNY;138931.47851371957
DINVY;BRAZIL;MXN;357929.9830939862
DINVY;IRAQ;DJF;2053458.9910617578
DINVY;URUGUAY;JMD;3501267.9367528036
DINVY;ETHIOPIA;PKR;4211143.4112998
DINVY;URUGUAY;CNY;31817.597872799583
DINVY;PAPUA NEW GUINEA;NOK;190231.68084465846
IYZZ1;UNITED ARAB EMIRATES;PES;209510.1519917052
IYZZ1;DOMINICAN REPUBLIC;HRK;9982.23011086461
IYZZ1;OMAN;UGX;2833237.700368889
IYZZ1;BRAZIL;NIO;28285.424629168403
IYZZ1;JAPAN;IDR;328878.88282750867
IYZZ1;MYANMAR;HKD;6759.351889288636
IYZZ1;OMAN;IDR;16736280.926110994
IYZZ1;CANADA;VUV;129006.77453295504
IYZZ1;GUINEA;CYP;262.76013432619663
IYZZ1;BURUNDI;KYD;957.5188457308691
IYZZ1;IRAN (ISLAMIC REPUBLIC OF);SZL;21364.743298572026
IYZZ1;COLOMBIA;HNL;2095.0273576922536
IYZZ1;LIBERIA;GHS;17651.59361455758
IYZZ1;CAMBODIA;JMD;181570.56163196964
IYZZ1;HONDURAS;UGX;4451133.198464572
DFIVb;IRAQ;KYD;6060.822040898851
DFIVb;BOLIVIA;BBD;30340.45896376556
DFIVb;TANZANIA, UNITED REPUBLIC OF;DZD;1128233.451090053
DFIVb;GUATEMALA;KWD;52.68812996122883
DFIVb;CAYMAN ISLANDS;VND;220272985.39226785
DFIVb;ALBANIA;TZS;5044680.963552803
DFIVb;TUNISIA;PKR;3489361.3810397023
DFIVb;SYRIAN ARAB REPUBLIC;SYP;2518338.8207425172
DFIVb;BRAZIL;SYP;1624109.4068175473
DFIVb;UNITED KINGDOM;TZS;4003593.541635988
DFIVb;THAILAND;RUB;13183.181962264347
DFIVb;CENTRAL AFRICAN REPUBLIC;DKK;96917.61758812753
DFIVb;FRENCH POLYNESIA;RON;32667.555331648517
DFIVb;LAO PEOPLE'S DEMOCRATIC REP;COP;81217431.18604957
DFIVb;MALAYSIA;ZWL;8127070.312049289
DFIVb;BANGLADESH;LKR;2091268.1383436555
DFIVb;PERU;ISK;95970.00316170721
DFIVb;COLOMBIA;NPR;1868419.2878494738
EEFVa;SUDAN;IRR;233794835.50599957
EEFVa;ANGOLA;BTN;338723.81539012206
EEFVa;ARGENTINA;UGX;21166731.62970682
EEFVa;PHILIPPINES;BTN;338778.15901524486
EEFVa;DJIBOUTI;KRW;7083122.10758998
EEFVa;GHANA;XPF;432209.0791283477
EEFVa;TONGA;BRL;19185.571703453614
EEFVa;COLOMBIA;MZN;280116.039316107
EEFVa;SOMALIA;BBD;50.461090474503415
EEFVa;COSTA RICA;UGX;8429405.397103446
EEFVa;DJIBOUTI;VND;157754797.76640853
EEFVa;BRUNEI DARUSSALAM;MYR;5912.887142715583
EEFVa;KAZAKHSTAN;BND;4544.779307867367
EEFVa;SRI LANKA;NGN;282043.51918521913
EEFVa;ROMANIA;DKK;35627.46785611391
EEFVa;BURUNDI;OMR;1775.0541792992226
EEFVa;IRAQ;TZS;536537.8442959276
FKKYb;CAYMAN ISLANDS;TZS;6643642.890150502
FKKYb;PARAGUAY;UYU;120504.55554038342
FKKYb;LATVIA;KWD;2693.559612127594
FKKYb;BRAZIL;SGD;7093.4957288661335
FKKYb;YEMEN;BTN;94948.17980511194
FKKYb;BOTSWANA;BHD;564.0514486494783
FKKYb;BELARUS;BZD;17797.896494956953
FKKYb;PAPUA NEW GUINEA;SVC;6938.002064699713
FKKYb;TUNISIA;HUF;1668832.1633709504
FINZ1;ALBANIA;TZS;17128823.822280467
FINZ1;DENMARK;YER;756131.3530390811
FINZ1;SEYCHELLES;HKD;46663.49090851336
FINZ1;YEMEN;GBP;520.3146896469087
FINZ1;YEMEN;TOP;11649.06690882054
FINZ1;LEBANON;SAR;7542.727026800727
FINZ1;ARGENTINA;CRC;3765053.664949352
FINZ1;EGYPT;SLL;128404763.8952315
FINZ1;KAZAKHSTAN;UYU;721.7418227575026
FINZ1;HUNGARY;UGX;26122006.38470175
FINZ1;ALGERIA;AZN;4264.830828831112
FINZ1;CZECH REPUBLIC;BWP;32989.916540967
BDIVW;PARAGUAY;KES;49204.14782460049
BDIVW;UNITED ARAB EMIRATES;COP;20648007.05217631
BDIVW;KENYA;ILS;5075.829992029338
BDIVW;FRENCH POLYNESIA;BDT;178366.49397570905
BDIVW;LIBYAN ARAB JAMAHIRIYA;AOA;1879993.6973499
BDIVW;SAO TOME AND PRINCIPE;BMD;1159.215877689915
BDIVW;MACAU;RSD;432606.5955746668
BDIVW;JAMAICA;JMD;473166.60902810976
BDIVW;THAILAND;XPF;184163.5779052505
BDIVW;SUDAN;CAD;2342.9411249351924
BDIVW;NEPAL;STD;85760282.74730305
BDIVW;PERU;YER;597568.0854169297
BDIVW;LEBANON;NOK;41778.72353850245
BDIVW;BELARUS;NOK;17372.903122758482
BDIVW;SURINAME;BHD;1546.3474418794967
BDIVW;JORDAN;LAK;12948100.56612315
BDIVW;SINGAPORE;SYP;523477.4784638381
EJVXX;INDIA;HTG;208655.41005180794
EJVXX;UKRAINE;AED;11009.943942508304
EJVXX;CANADA;RUB;153321.3592098866
EJVXX;KENYA;NGN;1251828.6694248258
EJVXX;BAHRAIN;FJD;6475.148294793704
EJVXX;GAMBIA;TZS;7255119.258469498
EJVXX;BURUNDI;NAD;22290.214362772804
EJVXX;EGYPT;BBD;6555.028964051053
EJVXX;LIBERIA;VES;9755.779270585048
GGZac;NEW ZEALAND;TZS;132691911.19812076
GGZac;POLAND;CYP;5182.004398315578
GGZac;MALAYSIA;TND;68393.91081330966
GGZac;ARUBA;TZS;78509617.62364717
GGZac;LIBYAN ARAB JAMAHIRIYA;ANG;25700.270256862615
GGZac;ZIMBABWE;RWF;14337949.662801195
GGZac;CENTRAL AFRICAN REPUBLIC;AZN;101388.89429062651
GGZac;DOMINICA;MOP;293779.40721916355
GGZac;PAKISTAN;MYR;173306.44482853738
GGZac;CANADA;BGN;105300.25449499124
GGZac;POLAND;TTD;274505.84018779994
GGZac;MACAU;GTQ;56326.09280805163
GGZac;MAURITIUS;ANG;93440.63410431777
GGZac;UNITED ARAB EMIRATES;SEK;449089.5580948718
GGZac;ZIMBABWE;KHR;15289416.050112808
BJKMN;HUNGARY;GYD;718101.3708610339
BJKMN;KAZAKHSTAN;ETB;218912.13017163062
BJKMN;RWANDA;EGP;92280.81859774399
BJKMN;NIGERIA;SRD;42113.818853978075
BJKMN;BELARUS;ZMW;70759.48574928765
BJKMN;NORWAY;DZD;166835.69476428218
BJKMN;CYPRUS;TND;1283.1725642675353
BJKMN;PARAGUAY;MAD;15804.8707828518
JJVWW;UGANDA;HRK;122707.62059262939
JJVWW;ZIMBABWE;CLP;13021425.235682312
JJVWW;DOMINICAN REPUBLIC;SZL;114386.87256434142
JJVWW;BULGARIA;SZL;101597.53571545475
JJVWW;NIGERIA;BYR;122722188.80350895
JJVWW;DOMINICA;XCD;41866.92890644016
JJVWW;CHINA;BSD;82.73687834508816
JJVWW;SOLOMON ISLANDS;ANG;45194.881729466615
JJVWW;DOMINICAN REPUBLIC;FJD;60690.50446941796
JJVWW;NAMIBIA;PEN;125236.05485501511
JJVWW;BELARUS;MGA;97329276.23863763
JJVWW;JAPAN;JOD;8888.433182144865
JJVWW;DOMINICA;PEN;102607.51862763349
JJVWW;SOLOMON ISLANDS;BOB;106245.42245056368
JJVWW;SRI LANKA;DOP;1658050.172937474
JJVWW;VENEZUELA;COP;15047769.749012908
JJVWW;KUWAIT;SRD;788544.6559441228
JJVWW;BANGLADESH;JOD;11322.112603232963
JJVWW;ROMANIA;LYD;75594.13386618202
JJVWW;NORWAY;KYD;10329.38887088124
EKMXb;NIGERIA;HRK;89081.4136217132
EKMXb;HONG KONG;MGA;55356717.55761518
EKMXb;CAPE VERDE;INR;412636.6852736953
EKMXb;SURINAME;GNF;35803426.20014764
EKMXb;AZERBAIJAN;NIO;176243.82770106193
EKMXb;CZECH REPUBLIC;PYG;75916672.92824349
EKMXb;NIGERIA;RWF;20378417.306943122
EKMXb;PERU;MZN;1162825.2394176892
EKMXb;CROATIA;PHP;802179.1387800967
EKMXb;ICELAND;TRY;69884.39932101037
EKMXb;BAHAMAS;RUB;508659.139355816
EKMXb;SOUTH AFRICA;CAD;16313.66742689905
EKMXb;VENEZUELA;SLL;93376313.74587664
EKMXb;BAHAMAS;VND;469643050.5017551
EKMXb;POLAND;TTD;32783.3178092648
EKMXb;CAYMAN ISLANDS;CYP;10690.952274724708
EKMXb;MADAGASCAR;TND;31776.797994450186
EKMXb;SRI LANKA;LYD;55824.91985479335
EKMXb;SOLOMON ISLANDS;BBD;35395.49227797984
EKMXb;SWAZILAND;BIF;39650849.708063334
LXbbc;PERU;MVR;36380.77658832045
LXbbc;TUNISIA;BND;1308.3231775463535
LXbbc;TANZANIA, UNITED REPUBLIC OF;MMK;1625515.9619903094
LXbbc;PAKISTAN;MUR;68899.50321342752
LXbbc;CYPRUS;ISK;182723.52950340896
LXbbc;ALBANIA;JMD;348970.0054239968
LXbbc;HUNGARY;OMR;94.87977039327767
LXbbc;MACAU;CNY;5392.002823592552
LXbbc;PANAMA;YER;218217.45467369258
LXbbc;CANADA;PLN;5664.4602431065505
LXbbc;SOMALIA;LVL;1572.1429675598638
LXbbc;CAPE VERDE;BIF;1634179.635752893
LXbbc;POLAND;GBP;1505.3024177376012
LXbbc;ISRAEL;UYU;64235.634766089686
LXbbc;TAIWAN, PROVINCE OF CHINA;FJD;2941.525563090146
LXbbc;SAO TOME AND PRINCIPE;TWD;33097.952977550165
LXbbc;UNITED KINGDOM;BBD;4336.406700237793
LXbbc;TANZANIA, UNITED REPUBLIC OF;GNF;2382800.428730762
JLMaa;MOZAMBIQUE;ANG;5060.365354763245
JLMaa;SUDAN;LKR;4421195.042063962
JLMaa;LIBYAN ARAB JAMAHIRIYA;YER;3978066.695068521
JLMaa;ZIMBABWE;UYU;590990.9870493605
JLMaa;SRI LANKA;MAD;121306.47577897248
JLMaa;BHUTAN;UGX;62179903.917156294
JLMaa;MOROCCO;BWP;202684.95116827489
JLMaa;QATAR;DOP;150717.97716824588
JLMaa;TRINIDAD AND TOBAGO;DKK;115753.53023075644
JLMaa;NEPAL;BHD;4896.36656253044
JLMaa;NAMIBIA;HRK;99366.37104944758
JLMaa;KENYA;IRR;457932851.67074054
JLMaa;MAURITANIA;CYP;8105.024589051
JLMaa;SIERRA LEONE;SVC;77237.17403940324
JLMaa;SERBIA;PHP;50679.51488701275
BEXXW;TUNISIA;UYU;205606.78213465773
BEXXW;PERU;AZN;4564.82676234403
BEXXW;JAMAICA;XCD;15360.711290084015
BEXXW;FRENCH POLYNESIA;BOB;74597.81045877331
BEXXW;HAITI;RSD;537740.4798629103
BEXXW;PAPUA NEW GUINEA;SBD;29897.967069263148
BEXXW;CHILE;HNL;126783.37085474696
BEXXW;TRINIDAD AND TOBAGO;SYP;565649.3562006814
BEXXW;SEYCHELLES;DKK;85039.41545855693
BEXXW;YEMEN;ISK;845811.1796627421
BEXXW;PARAGUAY;SZL;24395.116566001765
BEXXW;VIET NAM;XAF;5995125.764783802
BEXXW;CHINA;BRL;9888.794048952921
BEXXW;BERMUDA;PYG;51795839.99689706
BEXXW;POLAND;XOF;3044713.8199437084
BEXXW;AZERBAIJAN;HNL;280022.2449071637
GHXXa;MYANMAR;IQD;1583031.866385695
GHXXa;PAPUA NEW GUINEA;HTG;114339.0925356167
GHXXa;LATVIA;LKR;411878.34106015327
GHXXa;BOLIVIA;IDR;6052816.652971094
GHXXa;BANGLADESH;XOF;566686.8340573985
GHXXa;PERU;OMR;244.9576244544158
GHXXa;URUGUAY;CRC;207359.0989683613
GHXXa;PHILIPPINES;UYU;36233.30863145022
GHXXa;AZERBAIJAN;RSD;41382.85685478496
GHXXa;TONGA;THB;16085.100342028421
GHXXa;SUDAN;HKD;1195.1557617323426
GHXXa;CAYMAN ISLANDS;RSD;121837.32832503926
GHXXa;CAPE VERDE;XPF;82135.21966628027
GHXXa;JAPAN;BSD;313.86351265339346
GHXXa;HONDURAS;SAR;3002.3227809951727
GHXXa;NAMIBIA;KZT;443081.09990200045
GHXXa;SINGAPORE;NAD;19017.49613990073
EFVZZ;BRUNEI DARUSSALAM;SLL;102111598.01101851
EFVZZ;NORWAY;PGK;17280.040631872645
EFVZZ;CAYMAN ISLANDS;MRO;610859.1911330518
EFVZZ;GUATEMALA;LRD;894558.1873400569
EFVZZ;MOZAMBIQUE;VND;43060833.79110665
EFVZZ;UGANDA;RUB;184243.83682081252
EFVZZ;BURUNDI;OMR;2337.6333646016146
EFVZZ;UNITED ARAB EMIRATES;PES;679628.6441993254
EFVZZ;NEW ZEALAND;JPY;593802.997170862
EFVZZ;PAPUA NEW GUINEA;DKK;20139.179077389934
EFVZZ;GHANA;NOK;22673.272006733925
EFVZZ;ICELAND;XCD;6162.7279879483385
EFVZZ;DENMARK;KYD;4179.525293336381
EFVZZ;POLAND;MAD;18132.038510126196
EFVZZ;JORDAN;AWG;4644.033973466398
EFVZZ;CAMBODIA;AOA;768931.2311848156
EFVZZ;HUNGARY;LVL;3793.4158505505006
EFVZZ;CANADA;ZAR;41866.25071877969
EJLMW;SOMALIA;PES;148391.50237383743
EJLMW;ROMANIA;DOP;3116.505835778416
EJLMW;ZIMBABWE;FJD;3179.1438076036075
EJLMW;SURINAME;TRY;61633.600044682884
EJLMW;JORDAN;XCD;9518.157702552997
EJLMW;IRAN (ISLAMIC REPUBLIC OF);FJD;6023.696102628676
EJLMW;BAHRAIN;GTQ;29721.732418178588
EJLMW;KAZAKHSTAN;BZD;6290.559999804029
EJLMW;SOLOMON ISLANDS;TOP;5005.498212364682
EJLMW;NEW ZEALAND;XCD;5057.933934813123
EJLMW;ARGENTINA;AOA;2129454.885936937
EJLMW;MYANMAR;TOP;3338.4678810180467
EJLMW;DOMINICAN REPUBLIC;GMD;176726.4604659341
GJcc2;SERBIA;SLL;258427935.06682438
GJcc2;LIBERIA;ISK;1371668.3023893144
GJcc2;KAZAKHSTAN;RWF;3400000.5754517615
GJcc2;BELARUS;MWK;18269127.095262673
GJcc2;LATVIA;BTN;924000.7332740892
GJcc2;TUNISIA;KYD;10697.192103238638
GJcc2;AUSTRALIA;SEK;55776.69430232473
GJcc2;BRAZIL;ISK;1302503.6718874804
GJcc2;LIBERIA;MGA;33238275.426130876
GJcc2;DENMARK;GBP;7060.239043078534
GJcc2;HONG KONG;CHF;356.36744007902166
GJcc2;SAUDI ARABIA;CYP;6956.475745567017
GJcc2;UKRAINE;QAR;61369.29346340284
GJcc2;IRAQ;TWD;363085.99397576496
GJcc2;SINGAPORE;CNY;20023.71381276727
GJcc2;CANADA;WST;15976.346973328677
GJcc2;ANGOLA;SBD;34149.24750086324
GJcc2;NEW ZEALAND;RUB;281343.5996710712
IINNX;BURUNDI;CRC;102339.1054139527
IINNX;SAUDI ARABIA;AOA;13976.996462854288
CGIMM;YEMEN;BIF;11580197.12414747
CGIMM;RUSSIAN FEDERATION;PAB;457.51172705692926
CGIMM;VENEZUELA;CVE;291389.1562632105
CGIMM;SUDAN;BWP;50390.40647151665
CGIMM;CENTRAL AFRICAN REPUBLIC;KYD;4279.569757662151
CGIMM;HONDURAS;SZL;60119.02004557079
CGIMM;IRAQ;GNF;3787585.3692623004
CGIMM;NICARAGUA;NIO;211151.16555576786
CGIMM;PARAGUAY;RSD;569098.2135079987
CGIMM;FIJI;DKK;23398.441250439308
CGIMM;BERMUDA;AZN;6593.986734763627
CGIMM;TOGO;SAR;11988.775203819869
CGIMM;LIBYAN ARAB JAMAHIRIYA;KYD;3001.7904005111036
CGIMM;LAO PEOPLE'S DEMOCRATIC REP;CYP;1127.7490129606003
CGIMM;SAO TOME AND PRINCIPE;MWK;3228569.5085119824
CGIMM;TANZANIA, UNITED REPUBLIC OF;HNL;115878.82038570255
CGIMM;TONGA;BMD;5376.352369886777
CGIMM;BHUTAN;JMD;332435.6407501178
CGIMM;FIJI;MVR;2365.265025585034
CGIMM;MACAU;MMK;10684914.073384086
AELMc;LEBANON;BIF;29802.074425293904
AELMc;SINGAPORE;NPR;1077845.8965118213
AELMc;INDIA;IDR;126971445.87503569
AELMc;AZERBAIJAN;MRO;1969822.8644925675
AELMc;SUDAN;UGX;48508345.82874755
AELMc;NEW ZEALAND;MGA;58565477.60869689
AELMc;MALAYSIA;GYD;799341.3333438772
AELMc;EGYPT;DZD;418585.76177117834
AELMc;IRAQ;CVE;1048491.9799965075
LLX11;URUGUAY;CRC;12614178.87603109
LLX11;MALDIVES;KHR;84764832.50143425
LLX11;SEYCHELLES;MOP;77039.30326814378
LLX11;DENMARK;ARS;1189894.7961101895
LLX11;PERU;ZMW;249349.70707712366
LLX11;SOUTH AFRICA;AED;122100.55954277607
LLX11;MADAGASCAR;XAF;2128898.127680876
LLX11;UNITED ARAB EMIRATES;BMD;19386.78448750185
LLX11;NEPAL;CVE;1688319.89912365
FGGYY;MALDIVES;EGP;190554.48778656728
FGGYY;AZERBAIJAN;CAD;54006.555323523615
FGGYY;ALBANIA;NAD;636361.3505169048
FGGYY;CHINA;BGN;8364.033546521134
FGGYY;SUDAN;ZWL;2048084.621705741
FGGYY;LAO PEOPLE'S DEMOCRATIC REP;BDT;3683361.3503883868
FGGYY;HUNGARY;DZD;2764118.1110015605
FMMV1;MALDIVES;JPY;1665143.1402140788
FMMV1;BELIZE;DZD;1843125.3529724812
LLM23;PARAGUAY;CVE;320205.52496032725
LLM23;MACAU;SAR;3658.836813409758
LLM23;SURINAME;MUR;92372.55543600874
LLM23;TUNISIA;ARS;687779.8941104305
LLM23;ARUBA;MOP;1126.228220752841
LLM23;CHILE;DZD;484304.90595617524
LLM23;CROATIA;PES;240906.6441466289
LLM23;VIET NAM;LYD;14958.447619399605
LLM23;LAO PEOPLE'S DEMOCRATIC REP;HKD;25142.561055429338
LLM23;TANZANIA, UNITED REPUBLIC OF;EGP;70427.84998142712
LLM23;HAITI;UYU;52723.14052032951
LLM23;LIBERIA;VES;65787.2064645561
LLM23;SOUTH AFRICA;MGA;5020265.638616749
a1233;KENYA;BTN;25039.39171616548
a1233;COSTA RICA;JOD;28.045050148646162
a1233;DOMINICA;GMD;5686.6465133825295
a1233;LAO PEOPLE'S DEMOCRATIC REP;SOS;125039.08544319104
a1233;GUYANA;AED;1200.7596513526378
a1233;KAZAKHSTAN;KHR;1095429.1943531584
a1233;NICARAGUA;KRW;358677.0453767162
a1233;BELIZE;IDR;1480386.2160837937
a1233;IRAQ;YER;65822.26299054461
a1233;ROMANIA;OMR;58.966781638798935
a1233;OMAN;INR;7643.231597050277
a1233;INDONESIA;ZMW;3487.343566279954
a1233;HAITI;SBD;2187.0022845586595
a1233;SIERRA LEONE;UGX;1214508.567288789
a1233;EGYPT;CYP;177.08000194855174
a1233;CAPE VERDE;TOP;555.3931522317456
a1233;MOZAMBIQUE;BND;312.2745203237793
CVX12;UKRAINE;MUR;100949.89034120984
CVX12;ALGERIA;EUR;4480.589170411324
CVX12;MAURITIUS;PAB;22.030963355316526
CVX12;KENYA;XAF;2176120.5927941767
CVX12;PERU;VES;112015.19803617842
CVX12;MYANMAR;TRY;41730.15245300816
CVX12;LIBYAN ARAB JAMAHIRIYA;CYP;4650.1635521918315
CVX12;TONGA;ZWL;5646742.964527716
CVX12;LATVIA;ZAR;10778.81600983045
CVX12;BELIZE;KZT;3799928.7350491355
CVX12;BAHAMAS;ZWL;6005488.1858714735
CVX12;IRAN (ISLAMIC REPUBLIC OF);TOP;16844.06882663846
CVX12;HONG KONG;KES;1312967.1084364667
CVX12;MOZAMBIQUE;JPY;1472317.4786967263
CVX12;ANGOLA;NIO;293212.57084503904
CVX12;CAPE VERDE;SBD;92900.55858404288
CVX12;CHILE;HUF;1937732.5155071148
CVX12;COLOMBIA;GNF;82518091.22070695
CVX12;KENYA;AED;28335.391627149176
CVX12;TONGA;ZWL;-29507.18270792811
BBDEG;GUATEMALA;MZN;167394.74157274363
BBDEG;VIET NAM;PLN;22202.108738098286
BBDEG;CAMBODIA;AED;7527.662797245064
BBDEG;SOMALIA;BRL;39644.19030144299
BBDEG;IRAN (ISLAMIC REPUBLIC OF);AOA;569383.5385789173
BBDEG;GUINEA;TZS;7532146.099526968
BBDEG;DJIBOUTI;CYP;5477.5544849388
FHKLc;BULGARIA;VND;829444079.1822412
FHKLc;JORDAN;UYU;1391922.144322187
FHKLc;ICELAND;PHP;967019.6932155008
FHKLc;MALAYSIA;SLL;237647018.94312382
FHKLc;YEMEN;ARS;2833002.660624853
FHKLc;PERU;EGP;712763.0178266456
FHKLc;UGANDA;VUV;4323283.686457023
FHKLc;BELARUS;CNY;90378.01968005036
FHKLc;THAILAND;TRY;128418.58659792793
FHKLc;THAILAND;BTN;945942.3427494367
LYaa2;NIGERIA;BDT;178028.4648378923
LYaa2;PERU;BWP;25030.298273713048
LYaa2;CZECH REPUBLIC;BRL;10092.909421546748
LYaa2;GAMBIA;LYD;1078.734133190593
LYaa2;DJIBOUTI;ISK;131848.47269028288
LYaa2;OMAN;MYR;8280.104760706688
LYaa2;MAURITIUS;SEK;9314.295377603195
LYaa2;MALAYSIA;AOA;98398.23017080525
LYaa2;MOROCCO;MUR;25813.36468117712
JNVY3;BURUNDI;NIO;465636.4140007683
JNVY3;ISRAEL;GHS;57223.68733763681
JNVY3;ARUBA;SVC;7797.444095804129
JNVY3;SAUDI ARABIA;AOA;1539115.4644525931
JNVY3;BELIZE;UGX;26989776.312434826
JNVY3;INDIA;CVE;597281.4867883248
JNVY3;BRAZIL;SBD;161871.02826632836
JNVY3;BULGARIA;ALL;2256237.73542304
JNVY3;GUINEA;PLN;102640.37486284216
JNVY3;ETHIOPIA;VES;317359.3633106155
JNVY3;BANGLADESH;KWD;933.3097032956771
JNVY3;SWEDEN;MYR;73275.49779014844
JNVY3;UKRAINE;GMD;1415560.8271562061
JNVY3;LIBERIA;BSD;6460.11510626623
JNVY3;MALDIVES;CHF;22861.18784020238
JNVY3;PARAGUAY;KES;2629582.979953272
JNVY3;ICELAND;KHR;38934005.89207884
JNVY3;ALGERIA;CYP;6124.252764033998
DDF12;JAPAN;SAR;106884.90612275491
DDF12;ZAMBIA;LAK;161425757.21982458
DDF12;ALBANIA;THB;428964.44532287575
DDF12;TRINIDAD AND TOBAGO;ZMW;208208.5042981116
DDF12;GUINEA;MMK;60862789.17993044
DDF12;BERMUDA;PAB;5668.091456815291
DDF12;BOTSWANA;TTD;179391.23242841128
DDF12;GUINEA;PLN;129056.13102808892
DDF12;SAMOA;PEN;113008.18738163452
DDF12;CZECH REPUBLIC;HNL;30299.516913817002
DDF12;MEXICO;UYU;1108523.779815996
FKKM2;ARUBA;HKD;1486.7721527700505
FKKM2;DENMARK;ILS;346.9923032580921
FKKM2;ISRAEL;PKR;62592.95054714079
FKKM2;SIERRA LEONE;DOP;7163.85619554364
FKKM2;ALGERIA;IDR;2931258.4183923295
FKKM2;VIET NAM;TOP;375.00700502119554
FKKM2;SAO TOME AND PRINCIPE;RSD;37994.713675677966
FKKM2;TURKEY;KWD;96.07343904849692
FKKM2;CANADA;AOA;39133.17688233921
FKKM2;URUGUAY;RON;1250.3002749718253
AAKa2;RWANDA;RUB;96549.95184068214
CEEJ1;GHANA;CZK;13274.683637126605
CEEJ1;CYPRUS;FJD;2084.584235498664
CEEJ1;SIERRA LEONE;NIO;36022.037805325184
CEEJ1;PANAMA;ALL;116032.59005950228
CEEJ1;UGANDA;VES;11764.403222356645
CEEJ1;MOROCCO;AWG;106.48029857396615
CEEJ1;BOTSWANA;XOF;636712.8989271629
CEEJ1;MALAYSIA;MUR;31773.10844750786
CEEJ1;RWANDA;ALL;21213.355486861965
CEEJ1;PARAGUAY;BIF;2156023.1953037633
CEEJ1;UNITED ARAB EMIRATES;XAF;595465.3974880426
CEEJ1;CAPE VERDE;KWD;204.92063459406967
CEEJ1;ALGERIA;WST;2988.020992724511
CEEJ1;PAPUA NEW GUINEA;TOP;2391.9142813957155
CEEJ1;NETHERLANDS ANTILLES;EUR;269.4819778006618
CEEJ1;UNITED ARAB EMIRATES;NZD;1733.7657941197647
CEEJ1;PARAGUAY;BHD;52.54278728728806
CEEJ1;INDIA;SDG;122186.0309962754
MVXb1;PAKISTAN;HRK;60388.23642532848
MVXb1;LIBERIA;NGN;5151004.627214829
MVXb1;ARGENTINA;SCR;80973.0116125354
MVXb1;UGANDA;STD;203668431.7861434
MVXb1;THAILAND;INR;805349.8633484909
CDEG1;GUYANA;MVR;493786.2515560102
CDEG1;UNITED ARAB EMIRATES;HNL;450558.3453754651
CDEG1;ROMANIA;BSD;7538.894862629139
CDEG1;QATAR;BWP;372633.9845191776
CDEG1;ALBANIA;MXN;99004.46543150897
CDEG1;HONG KONG;ZWL;13656395.428210342
CDEG1;SIERRA LEONE;GYD;1146251.2538156975
CDEG1;INDIA;AOA;12307990.824862145
CDEG1;ANGOLA;MZN;1425384.4373607729
CDEG1;PHILIPPINES;QAR;63778.647453899255
CDEG1;CENTRAL AFRICAN REPUBLIC;LVL;11834.697376146534
CDEG1;SOMALIA;PES;70529.11434330263
ADIZa;TURKEY;IQD;2847100.9816743713
ADIZa;GUYANA;ANG;649.6436205226291
ADIZa;PARAGUAY;TND;5284.242344137244
ADIZa;ICELAND;NIO;57380.212373924005
ADIZa;CYPRUS;SZL;27666.274681519062
BLWbb;ANGOLA;MYR;26918.1731971204
BLWbb;ZIMBABWE;FJD;4384.167692713961
BLWbb;ZAMBIA;MRO;853470.2151849238
BLWbb;DOMINICA;ZMW;75770.60395756648
BLWbb;COLOMBIA;MRO;1720995.7495586204
BLWbb;URUGUAY;IDR;103636651.78728637
BLWbb;ARUBA;RWF;1258660.4220998522
BLWbb;CROATIA;ISK;278384.627002182
BLWbb;PARAGUAY;NAD;20246.323978502947
BLWbb;JAMAICA;BGN;10759.02610077676
BLWbb;CROATIA;ISK;821736.556963242
BLWbb;LAO PEOPLE'S DEMOCRATIC REP;BTN;219061.56071869857
EMWWY;KOREA, REPUBLIC OF;EUR;19361.10522744915
EMWWY;ALGERIA;MUR;814269.2948716411
EMWWY;TURKEY;ARS;3586872.48974867
EMWWY;BANGLADESH;ILS;136097.2492255239
EMWWY;ALBANIA;LYD;64112.207106623355
EMWWY;NICARAGUA;XOF;3015100.4943151465
EMWWY;QATAR;THB;1081074.855699683
EMWWY;CHILE;BZD;66251.63800461803
EMWWY;DOMINICA;TWD;431642.2706047853
EMWWY;BARBADOS;BMD;6892.966277714486
EMWWY;SOUTH AFRICA;BOB;85505.51595269465
EMWWY;NORWAY;TWD;352433.41814748605
BELZZ;BAHAMAS;CHF;40032.42476901379
BELZZ;MEXICO;OMR;19789.865982388335
BELZZ;SERBIA;LAK;138839454.34092313
BELZZ;PERU;FJD;75812.13065947358
BELZZ;CAYMAN ISLANDS;COP;181639373.20520014
BELZZ;TONGA;UAH;1707062.9128123338
BELZZ;OMAN;LAK;217816209.00383854
BELZZ;PERU;IRR;1713654499.6372638
BELZZ;JORDAN;MOP;429577.83477085567
BELZZ;CYPRUS;SRD;1304877.8241823895
BELZZ;DENMARK;GHS;36932.41711578633
BELZZ;PARAGUAY;UYU;1134023.319315322
BELZZ;FRENCH POLYNESIA;BTN;3201408.8064898415
BELZZ;RUSSIAN FEDERATION;NOK;266225.99635414215
BELZZ;MOZAMBIQUE;RON;54631.30130838503
BELZZ;CYPRUS;QAR;152647.20311371385
BELZZ;TANZANIA, UNITED REPUBLIC OF;QAR;103002.54292370168
BELZZ;RWANDA;CRC;18003289.476118486
BELZZ;GHANA;ZMW;84233.21232342742
DEKVZ;KOREA, REPUBLIC OF;THB;50247.42429549547
DEKVZ;ROMANIA;ANG;2853.6975574067555
DEKVZ;BOTSWANA;XCD;3080.7896575742548
DEKVZ;YEMEN;NIO;332.4969499337578
DEKVZ;CAMBODIA;THB;35517.41868573946
DEKVZ;MEXICO;LAK;32415001.628171675
DEKVZ;CAMBODIA;VND;27253994.473722722
DEKVZ;BURUNDI;MUR;22090.49030493647
DEKVZ;MAURITIUS;ZAR;30484.335971562425
DEKVZ;CAYMAN ISLANDS;DJF;156773.8548005767
DEKVZ;MOROCCO;TWD;29896.780155468496
DEKVZ;HONDURAS;BMD;1980.3360973898152
DEKVZ;ROMANIA;AZN;301.9791475073448
DEKVZ;DOMINICAN REPUBLIC;IQD;922110.3921001547
DEKVZ;SIERRA LEONE;TND;3279.5806025656
DEKVZ;CENTRAL AFRICAN REPUBLIC;TWD;26765.59028696901
DEKVZ;MOZAMBIQUE;VND;48534231.41552043
IWZ33;PERU;BGN;1963.9191756494363
IWZ33;ARGENTINA;UAH;126041.53194085779
IWZ33;AZERBAIJAN;DKK;22497.91462891986
IWZ33;KUWAIT;CZK;67847.68413824817
IWZ33;VIET NAM;PLN;3846.18192393463
IWZ33;INDONESIA;GYD;707721.5333568723
IWZ33;CROATIA;PGK;5856.938979732809
IWZ33;NORWAY;MMK;13636236.278715901
IWZ33;COSTA RICA;AUD;563.9671989942464
IWZ33;LEBANON;NZD;5730.721408625105
IWZ33;TOGO;BOB;36534.56456267039
IWZ33;SOUTH AFRICA;BDT;517223.7519888101
BDLLM;MADAGASCAR;MMK;1242094.8647096488
BDLLM;TOGO;CHF;303.6532168864577
BDLLM;BRAZIL;BRL;7881.674469048219
BDLLM;LIBYAN ARAB JAMAHIRIYA;UGX;4660178.308665123
DVXcc;PANAMA;MRO;582488.1571579799
DVXcc;CYPRUS;UAH;129351.1512729104
DVXcc;UGANDA;MYR;24174.094655056477
DVXcc;VENEZUELA;HRK;14162.651423287392
DVXcc;AZERBAIJAN;MMK;399714.24002016225
ADEXZ;ETHIOPIA;TOP;13518.59773633629
ADEXZ;GAMBIA;AWG;16006.423917200766
ADEXZ;COLOMBIA;UGX;6967099.3294886
XYYZ2;BURUNDI;HRK;1482.7914082298294
XYYZ2;VANUATU;ZMW;11536.150204285332
XYYZ2;MEXICO;GHS;914.6850841554958
XYYZ2;EL SALVADOR;ARS;134568.02723880752
XYYZ2;CAYMAN ISLANDS;LRD;123723.97905313868
XYYZ2;UGANDA;SDG;382606.9092652879
XYYZ2;PAKISTAN;BND;496.75121839484717
XYYZ2;NETHERLANDS ANTILLES;HNL;16925.74088126785
XYYZ2;BRAZIL;AED;2672.48018785443
XYYZ2;NETHERLANDS ANTILLES;ZWL;487023.4863723317
XYYZ2;BELARUS;CZK;11335.773477066705
DYc11;BRUNEI DARUSSALAM;HRK;3318.737968111619
DYc11;COSTA RICA;MVR;4552.886021558654
DYc11;ZAMBIA;PES;55231.13307649761
DYc11;NICARAGUA;SOS;123142.77331258505
DYc11;INDIA;AUD;642.2203889837026
DYc11;CROATIA;GMD;10243.480129445608
DYc11;SWITZERLAND;PES;36144.564562636486
DYc11;DOMINICAN REPUBLIC;AED;289.5084287003848
DYc11;JAPAN;NOK;3773.245961444831
DYc11;NETHERLANDS ANTILLES;SVC;4172.034897050785
NNZac;TONGA;ILS;16656.677748979073
NNZac;DOMINICA;SGD;318.26881980000206
NNZac;MADAGASCAR;BSD;2679.77182879953
NNZac;SEYCHELLES;KRW;2577404.7810306675
NNZac;PHILIPPINES;PLN;21684.219021925128
NNZac;BRUNEI DARUSSALAM;XCD;8996.420855531638
NNZac;THAILAND;BND;3777.527516289329
NNZac;MYANMAR;AUD;5717.585645603838
NNZac;PAKISTAN;QAR;18159.094139141744
NNZac;URUGUAY;OMR;2176.7827864565547
NNZac;BAHRAIN;ZMW;32547.89085453413
NNZac;SAMOA;DKK;36443.158129168376
NNZac;CYPRUS;TZS;14269738.380070135
NNZac;KENYA;BHD;306.45478965260895
NNZac;BAHAMAS;ETB;268175.7304299796
NNZac;CHINA;BTN;394052.7951499607
EHXY3;AZERBAIJAN;HRK;61590.187761926834
EHXY3;MAURITANIA;KES;706899.6901860301
EHXY3;KENYA;UGX;16957526.081874643
EHXY3;SAO TOME AND PRINCIPE;CNY;16958.400523751825
EHXY3;NICARAGUA;SOS;3107892.9697944815
EHXY3;VANUATU;BBD;9991.062481150848
EHXY3;CANADA;GMD;95066.38713482293
EHXY3;EL SALVADOR;BOB;44765.78325192515
EHXY3;CHILE;RSD;28022.08295346685
EHXY3;BARBADOS;SOS;154767.21383902532
EHXY3;SRI LANKA;EGP;12750.837499127969
EHXY3;RWANDA;PAB;7883.615839627036
EHXY3;CAPE VERDE;ARS;40254.84565009543
JLLZa;TURKEY;RON;74978.21820255424
JLLZa;LIBERIA;PLN;30299.43554969694
JLLZa;UGANDA;SGD;7668.8623013052365
JLLZa;URUGUAY;TZS;25467283.254557222
JLLZa;LAO PEOPLE'S DEMOCRATIC REP;AWG;25537.495223409867
JLLZa;HONG KONG;GTQ;67407.23863393933
JLLZa;KENYA;NZD;23425.19847367119
JLLZa;MALAWI;BRL;69070.90170362615
JLLZa;CAYMAN ISLANDS;HKD;62215.3245689041
JLLZa;ICELAND;OMR;5464.457496246609
JLLZa;CROATIA;MAD;163869.23047225786
JLLZa;TOGO;CZK;348550.15944863914
JLLZa;NAMIBIA;HKD;43960.99519831162
JLLZa;ROMANIA;SAR;39527.778359935575
JLLZa;CHILE;SVC;74798.57249852996
JLLZa;ROMANIA;ISK;1239959.713565599
JLLZa;CROATIA;KZT;6746355.774618268
JLLZa;NIGERIA;NGN;4389078.847101796
JLLZa;EURO;BOB;99113.51699745544
JLLZa;IRAQ;COP;50977660.57746534
CDHcc;RUSSIAN FEDERATION;MMK;21626263.677437026
CDHcc;HAITI;PEN;172070.35741010902
CDHcc;HUNGARY;FJD;3741.2296516428873
CDHcc;EGYPT;BBD;31306.02908610575
CDHcc;CZECH REPUBLIC;BND;59263.20750688986
CDHcc;SIERRA LEONE;BRL;65869.39643187111
CDHcc;ALBANIA;BMD;17922.336702325483
CDHcc;SUDAN;JMD;1633810.320237687
BKWc1;BULGARIA;TRY;129910.41522460559
BKWc1;HUNGARY;TND;4644.89851458861
BKWc1;PERU;MAD;163721.15301800246
BKWc1;BOLIVIA;VND;155184900.12256265
BKWc1;CYPRUS;BSD;5908.642020716431
BKWc1;SWITZERLAND;SVC;113371.75366089927
BKWc1;SYRIAN ARAB REPUBLIC;BWP;189666.15980067095
BKWc1;CAMBODIA;KYD;8098.037532007886
BKWc1;BELIZE;BIF;1200816.9260891008
BKWc1;HONDURAS;SLL;297271065.19993776
BKWc1;HONDURAS;TOP;18977.675025488472
BKWc1;CAPE VERDE;JMD;869965.9117780125
BKWc1;AZERBAIJAN;BMD;7523.3415409352765
BKWc1;SYRIAN ARAB REPUBLIC;GTQ;54465.94995209543
BKWc1;INDONESIA;BMD;14941.080370632611
ACDVb;SINGAPORE;AZN;44889.71731489742
ACDVb;CHILE;ILS;71022.67834474836
ACDVb;NIGERIA;NIO;131122.37660355182
ACDVb;LAO PEOPLE'S DEMOCRATIC REP;JMD;4045201.6642754055
ACDVb;UGANDA;ALL;2573041.13087342
EWYYb;PAKISTAN;CVE;1822240.1674921853
EWYYb;THAILAND;MZN;362264.50548113853
EWYYb;LAO PEOPLE'S DEMOCRATIC REP;QAR;28657.943129797084
EWYYb;ALBANIA;BBD;10714.878777278396
EWYYb;ZAMBIA;RWF;19962730.709260307
EWYYb;LIBYAN ARAB JAMAHIRIYA;BSD;5722.719346955507
EWYYb;OMAN;BTN;1297953.5282161534
EWYYb;MAURITANIA;ILS;15757.034211331136
EWYYb;YEMEN;ANG;11239.475336773346
EWYYb;GHANA;JOD;13638.989977881178
EWYYb;LAO PEOPLE'S DEMOCRATIC REP;GNF;26645788.86857287
EWYYb;PERU;AOA;8781430.690381382
EWYYb;ZAMBIA;SLL;206968887.00615925
EWYYb;BELARUS;CYP;4489.485916723208
EWYYb;BURUNDI;TTD;2231.698285515381
HWc11;ANGOLA;MRO;23601.249457534755
HWc11;CHILE;MGA;508816.81576671527
HWc11;ALGERIA;MOP;897.669020671444
HWc11;FIJI;LBP;124941.32311149259
CEFc2;MALAWI;SGD;10364.675089035456
JLab3;MYANMAR;NAD;-203.07675682492618
JLab3;BULGARIA;CHF;946.5708145105893
JLab3;MACAU;XCD;265.43858727082977
JLab3;LATVIA;ETB;4355.892017258984
JLab3;MALDIVES;CRC;3434.11404328337
BHIK3;IRAQ;DKK;4762.442897471675
BHIK3;UKRAINE;BHD;26.36642992450241
BHIK3;SAMOA;MXN;4464.977402416122
GIILW;GHANA;CZK;38320.48315767015
GIILW;PARAGUAY;NOK;52269.54176171316
GIILW;JAPAN;HUF;461364.75379466417
GIILW;SEYCHELLES;CLP;-25021.99408720671
GIILW;VANUATU;TOP;6716.700715709087
GIILW;IRAN (ISLAMIC REPUBLIC OF);UGX;4715560.749660443
GIILW;DENMARK;LKR;952737.4328860746
GIILW;BAHAMAS;EUR;5012.654495670101
GIILW;CANADA;BYR;115896490.87742838
GIILW;TOGO;IDR;11530512.249833703
GIILW;NEPAL;AZN;2604.794413348812
GIILW;IRAN (ISLAMIC REPUBLIC OF);RSD;136459.89159018
GIILW;GUATEMALA;TOP;3008.912193529284
GIILW;RUSSIAN FEDERATION;TTD;24361.700000317156
GIILW;SERBIA;SYP;2222889.303756514
GIILW;SINGAPORE;PAB;2457.94630067305
GIILW;GAMBIA;XAF;3131639.296828419
EHKW1;NORWAY;GHS;59082.938732610295
GGVWb;BRAZIL;TRY;202973.64475069533
GGVWb;FIJI;CVE;301896.6006726572
GGVWb;TAIWAN, PROVINCE OF CHINA;NAD;58686.31877174514
GGVWb;LAO PEOPLE'S DEMOCRATIC REP;SCR;140318.4273972691
GGVWb;UNITED KINGDOM;VUV;618511.3931070339
BHHW1;RWANDA;KZT;5490074.094770066
BHHW1;SUDAN;MRO;1577231.6933998868
BHHW1;ZAMBIA;BTN;745721.1477470499
BHHW1;BARBADOS;NPR;73176.13738456732
BHHW1;SWAZILAND;NPR;292704.5495382693
BHHW1;PAPUA NEW GUINEA;SYP;5475691.900712242
BHHW1;TONGA;STD;80285722.67161977
BHHW1;YEMEN;XOF;3192762.946457048
BHHW1;CENTRAL AFRICAN REPUBLIC;AWG;5693.831309042317
BHHW1;PERU;MOP;13042.335484929134
BHHW1;BURUNDI;MGA;51432927.85855281
KXY33;HONDURAS;TZS;21547935.19300988
KXY33;ZAMBIA;GMD;1303572.6462669987
KXY33;FRENCH POLYNESIA;HKD;129581.53004832273
AEIW1;KOREA, REPUBLIC OF;KRW;48417.428559865446
AEIW1;MALDIVES;LKR;104742.85060541582
AEIW1;HAITI;CVE;35677.36752828499
AEIW1;MEXICO;TND;286.5562878163786
AEIW1;TAIWAN, PROVINCE OF CHINA;CVE;29750.369233671103
AEIW1;SWITZERLAND;JMD;662.9408613862968
AEIW1;THAILAND;TOP;807.5704838422824
AEIW1;PANAMA;NOK;2624.2376075691573
AEIW1;KENYA;MUR;3545.4215644747255
AEIW1;PHILIPPINES;TZS;626959.0433999827
AEIW1;GUYANA;KWD;15.800311816051575
AEIW1;HONG KONG;RSD;30528.273053721903
AEIW1;SEYCHELLES;HRK;75.09711312097276
AEIW1;MYANMAR;BBD;169.78564096038707
AEIW1;BELARUS;SAR;1190.1141049670132
AEIW1;CAPE VERDE;ZMW;3004.6795128935332
AEIW1;SRI LANKA;SAR;553.2478523651721
AEIW1;BERMUDA;WST;644.0750034385527
AIIM1;VIET NAM;FJD;3771.728036680682
AIIM1;AUSTRALIA;PES;965204.3818278416
AIIM1;CZECH REPUBLIC;BRL;36218.72539499873
AIIM1;MYANMAR;CYP;2258.3675149832943
AIIM1;BANGLADESH;SVC;50372.12473169897
AIXa2;RUSSIAN FEDERATION;HNL;181456.90454240097
AIXa2;PAKISTAN;GTQ;296643.2190093384
AIXa2;OMAN;CLP;34603894.911914125
AIXa2;UKRAINE;MAD;155059.8949342054
AIXa2;GAMBIA;PKR;4999691.69735677
AIXa2;GUYANA;LAK;217303913.62251714
AIXa2;DOMINICAN REPUBLIC;ISK;1175987.1855787192
AIXa2;LIBERIA;EGP;596761.0541491096
AIXa2;NORWAY;MOP;335216.37162297004
AIXa2;LIBYAN ARAB JAMAHIRIYA;SLL;464507197.51599425
AIXa2;SUDAN;SYP;2757707.042180714
AIXa2;ISRAEL;GHS;408126.6487943928
AIXa2;SAO TOME AND PRINCIPE;UGX;41615652.577144146
AIXa2;NICARAGUA;BRL;115782.43425740114
AACIM;NEW ZEALAND;GHS;156365.05593484628
AACIM;GUINEA;SGD;5199.408054517804
AACIM;PAPUA NEW GUINEA;KWD;721.6516070711975
AACIM;CAPE VERDE;TOP;19886.42483811557
AACIM;NIGERIA;GTQ;145300.1074115967
AACIM;BOLIVIA;BND;978.3408175420451
AACIM;BOTSWANA;SDG;4914045.1292318255
AACIM;YEMEN;SGD;30036.64106760134
AACIM;PANAMA;GYD;1938540.5384488998
AACIM;BARBADOS;LKR;1816410.528447148
AACIM;PERU;HKD;36449.99352959758
AACIM;MALDIVES;GMD;1734764.434395358
AACIM;BOLIVIA;KWD;7988.331265103975
AACIM;SAO TOME AND PRINCIPE;EUR;22779.398313620088
AACIM;MALAWI;CRC;9118016.514808474
AACIM;AZERBAIJAN;MVR;285693.7029759543
AACIM;HONG KONG;SLL;181647350.98312676
ABIMa;BULGARIA;PYG;14748961.518514216
ABIMa;SERBIA;TRY;268819.39080928266
ABIMa;HONDURAS;SBD;851.1750547434686
ABIMa;HAITI;JOD;10692.94778520265
ABIMa;THAILAND;XAF;4546266.6505382
ABIMa;ETHIOPIA;FJD;28021.25858575287
ABIMa;ZIMBABWE;SOS;3694522.7149598324
ABIMa;ALGERIA;MAD;144718.4608890276
ABIMa;NEPAL;MZN;741543.1399012491
ABIMa;LAO PEOPLE'S DEMOCRATIC REP;CZK;354615.16388311924
ABIMa;VIET NAM;JMD;18926.373174171556
ABIMa;JORDAN;CLP;11362028.588669429
ABIMa;IRAQ;NGN;2648046.639869943
ABIMa;MOZAMBIQUE;SLL;101433648.90515488
ABIMa;VENEZUELA;MMK;21375904.973580923
ABIMa;YEMEN;DKK;22482.481899800103
ABIMa;TURKEY;TTD;14310.975619349112
ABIMa;IRAQ;NPR;15704.06044606322
ABIMa;LIBYAN ARAB JAMAHIRIYA;MWK;1425757.550773042
ABIMa;POLAND;CZK;98552.29234213594
GHKZa;BULGARIA;BZD;1522.8472482698937
GHKZa;NEW ZEALAND;HUF;35037.49506557475
GHKZa;CHILE;MOP;7354.499237452548
GHKZa;MACAU;RWF;481919.4078478764
GHKZa;SUDAN;ZMW;4314.071853224474
GHKZa;SWITZERLAND;NZD;639.8994561429722
GHKZa;SOMALIA;GNF;859011.3036285639
GHKZa;PERU;UAH;13770.794359808602
GHKZa;MAURITIUS;AED;2673.6537827731568
GHKZa;BANGLADESH;BSD;566.6837639016453
GHKZa;COSTA RICA;BND;161.953328122856
GHKZa;SRI LANKA;HKD;765.5879417951788
GHKZa;BELIZE;JMD;5709.657485186038
GHKZa;JORDAN;DJF;18719.247633659324
GHKZa;MADAGASCAR;TWD;5887.957220699683
Maa11;SIERRA LEONE;VND;6502345.367030552
Maa11;EL SALVADOR;CRC;17740.92014243818
Maa11;MOZAMBIQUE;SOS;119551.23814953199
Maa11;BAHAMAS;ARS;13735.62983822022
Maa11;MADAGASCAR;ARS;50086.3095778198
Maa11;PAPUA NEW GUINEA;PYG;648942.6779246483
Maa11;ALBANIA;BHD;17.066474834681163
DEEIL;SEYCHELLES;MXN;137815.72259917538
DEEIL;MALAWI;UGX;92605512.46864253
DEEIL;KUWAIT;HTG;4628465.332587293
DEEIL;SERBIA;MGA;32503193.50478204
DEEIL;LAO PEOPLE'S DEMOCRATIC REP;BND;56061.74718548879
DEEIL;MOZAMBIQUE;SRD;874042.0219446926
DEEIL;MAURITANIA;MUR;403074.4301339569
DEEIL;DOMINICAN REPUBLIC;MGA;171256619.45170674
DEEIL;LATVIA;ALL;1864321.8275941273
DEEIL;ICELAND;HNL;398383.3887913124
DEEIL;JAPAN;BMD;13777.611489963278
DEEIL;SRI LANKA;CLP;1429209.0006941014
FFbc3;BERMUDA;ILS;32072.005385628963
FFbc3;TAIWAN, PROVINCE OF CHINA;HKD;64498.325319355776
FFbc3;PANAMA;BWP;47375.09352405303
FFbc3;GUYANA;PKR;2139815.8469526614
FFbc3;ANGOLA;XAF;1424153.0724560902
FFbc3;PHILIPPINES;SGD;11603.533473036243
FFbc3;SOUTH AFRICA;BTN;415561.20713845
FFbc3;DOMINICAN REPUBLIC;CHF;3243.0339440504185
