;Client;Country;Currency;Transaction
0;AAFGM;SAMOA;SDG;715397.8220301394
1;AAFGM;CANADA;HKD;1597.9996297831815
2;AAFGM;TUNISIA;XOF;107845.0086874661
3;AAFGM;PERU;YER;223915.921319992
4;AAFGM;BARBADOS;KES;201414.54409137255
5;AAFGM;RWANDA;ILS;5763.417706850991
6;AAFGM;MACAU;MWK;576513.156589953
7;AAFGM;JAPAN;TWD;43949.75851448831
8;AAFGM;ALGERIA;MOP;7480.692163851787
9;AAFGM;BAHAMAS;TTD;5969.534516065328
10;AAFGM;ZIMBABWE;YER;305436.02984162356
11;AAFGM;SIERRA LEONE;MZN;40971.907864698005
12;AAFGM;GHANA;MAD;5041.059437847781
13;AAFGM;BANGLADESH;HTG;164014.03311899613
14;IJVYa;CZECH REPUBLIC;EUR;19860.32349640091
15;IJVYa;BRUNEI DARUSSALAM;MOP;159293.2799262579
16;IJVYa;BRUNEI DARUSSALAM;CHF;18512.066846986298
17;IJVYa;BURUNDI;KZT;5288389.599295757
18;IJVYa;SAUDI ARABIA;TOP;53212.17157096924
19;IJVYa;MYANMAR;ISK;845467.767790476
20;IJVYa;BAHRAIN;VES;136372.65003225682
21;IJVYa;SIERRA LEONE;PKR;1479539.859428248
22;XZZc1;KENYA;MOP;284586.339384073
23;XZZc1;NEW ZEALAND;ISK;516200.3898253164
24;XZZc1;LIBYAN ARAB JAMAHIRIYA;SBD;276044.8019276913
25;XZZc1;THAILAND;XAF;10560786.820253568
26;XZZc1;SAMOA;BRL;14943.394003457073
27;XZZc1;NEW ZEALAND;COP;136406580.26585025
28;XZZc1;HONG KONG;PAB;25322.066439212755
29;XZZc1;HUNGARY;BSD;8915.408957629199
30;XZZc1;SUDAN;ISK;3692727.100608169
31;XZZc1;EURO;XOF;16033625.921313576
32;XZZc1;KENYA;XCD;28228.012323436247
33;XZZc1;SINGAPORE;UGX;1017074.7314069055
34;XZZc1;IRAN (ISLAMIC REPUBLIC OF);PLN;168191.49536407623
35;JNX12;TRINIDAD AND TOBAGO;NZD;32523.61188045986
36;JNX12;CENTRAL AFRICAN REPUBLIC;DJF;1138962.0205096072
37;JNX12;BRUNEI DARUSSALAM;SLL;78485043.328072
38;JNX12;PAPUA NEW GUINEA;MMK;30363405.91154039
39;JNX12;TUNISIA;BIF;36304875.11710043
40;JNX12;JORDAN;YER;7543238.764986547
41;BJLL2;BHUTAN;MZN;354727.5192044332
42;BJLL2;ISRAEL;BMD;2158.0702782922444
43;BJLL2;ALGERIA;HNL;509331.72983803536
44;BJLL2;NAMIBIA;TND;43275.36550439879
45;KXZZ3;NIGERIA;EUR;10312.437001229637
46;KXZZ3;TUNISIA;DJF;323439.5623282303
47;KXZZ3;INDONESIA;GBP;569.9275202619076
48;KXZZ3;HUNGARY;HKD;28273.543719527086
49;KXZZ3;SOMALIA;CZK;297941.79353407817
50;KXZZ3;CENTRAL AFRICAN REPUBLIC;XAF;3159222.4230046375
51;KXZZ3;ZIMBABWE;KRW;8321271.6244352115
52;KXZZ3;MALDIVES;BZD;23096.867602986084
53;KXZZ3;ZIMBABWE;BWP;41052.19890355345
54;KXZZ3;DJIBOUTI;EGP;303223.059258098
55;KXZZ3;PAPUA NEW GUINEA;PKR;1880846.989643062
56;KXZZ3;PAKISTAN;SBD;12639.574981405214
57;KXZZ3;NORWAY;LAK;124954007.02232812
58;AKNN1;BERMUDA;IQD;17440340.688876174
59;AKNN1;LAO PEOPLE'S DEMOCRATIC REP;STD;35714273.10916724
60;AKNN1;ALGERIA;FJD;8561.051275530925
61;AKNN1;ANGOLA;LAK;191091501.325765
62;AKNN1;BULGARIA;XCD;19551.600115669244
63;AKNN1;VIET NAM;RSD;1140361.7898191623
64;AKNN1;MAURITANIA;BND;200.278184214886
65;AKNN1;CYPRUS;KWD;3329.2000048324053
66;AKNN1;MOROCCO;AOA;2209523.2456742856
67;AKNN1;ISRAEL;UGX;20148835.657866027
68;AKNN1;BURUNDI;NGN;1654221.6324043798
69;AKNN1;KOREA, REPUBLIC OF;SZL;44780.24329522848
70;AKNN1;SWAZILAND;QAR;12987.440334476525
71;AKNN1;ZAMBIA;HKD;73977.28845821804
72;AKNN1;CHILE;SDG;3349033.108240892
73;FJLMb;NAMIBIA;VND;168295520.83983323
74;FJLMb;EURO;MVR;96997.18772281431
75;FJLMb;ROMANIA;ARS;1200032.6695086802
76;FJLMb;ARUBA;NGN;2486957.249218274
77;FJLMb;NEW ZEALAND;XCD;17862.6856996562
78;FJLMb;IRAN (ISLAMIC REPUBLIC OF);MAD;27869.895597308518
79;FJLMb;DJIBOUTI;DJF;431129.52988849615
80;FJLMb;LIBERIA;UGX;19160535.749119345
81;FJLMb;BAHRAIN;ALL;723387.1344677194
82;FJLMb;COSTA RICA;BOB;9034.217220484517
83;FJLMb;UNITED KINGDOM;PKR;823111.9349358899
84;FJLMb;UKRAINE;INR;100646.46823573405
85;FJLMb;RWANDA;TOP;8303.109247869595
86;FJLMb;BERMUDA;MOP;46071.15696770444
87;FJLMb;ALGERIA;BZD;2956.250963028667
88;DFGY3;GUINEA;LKR;233758.7649746254
89;DFGY3;AUSTRALIA;EUR;722.5149812330652
90;CCEJX;UNITED KINGDOM;MGA;15027215.634570245
91;CCEJX;MALAYSIA;XOF;1194623.7954652924
92;CCEJX;IRAN (ISLAMIC REPUBLIC OF);BIF;18359422.89345041
93;CCEJX;CYPRUS;LRD;2079708.4399077683
94;CCEJX;ALBANIA;KWD;3002.372303449969
95;CCEJX;ZIMBABWE;LAK;185052871.83932015
96;CCEJX;GUYANA;MRO;4951075.420407744
97;CCEJX;POLAND;GHS;152211.84971065476
98;CCEJX;BARBADOS;TOP;1365.2515343591558
99;CCEJX;GUINEA;ETB;468995.9802258699
100;CCEJX;SRI LANKA;PYG;27949979.273110855
101;CCEJX;TONGA;NAD;162976.29867860454
102;CCEJX;DOMINICA;NPR;2039971.471371133
103;CCEJX;CENTRAL AFRICAN REPUBLIC;OMR;2380.967732870015
104;CCEJX;INDONESIA;CLP;9734419.407878524
105;CCEJX;UNITED ARAB EMIRATES;CRC;654630.4872413762
106;CCEJX;SEYCHELLES;RWF;8707542.49175309
107;BBJL2;TURKEY;KES;571314.3577911893
108;BBJL2;NIGERIA;MAD;14736.42149413885
109;BBJL2;BARBADOS;BWP;62207.265435741145
110;BBJL2;CHINA;NOK;26292.811599580902
111;BBJL2;ZIMBABWE;XOF;213161.93823548913
112;BBJL2;MADAGASCAR;CAD;1605.5438195166962
113;BBJL2;BOLIVIA;SZL;89990.7074791622
114;BBJL2;TURKEY;TND;13033.887685103571
115;BBJL2;PANAMA;HTG;211718.2249868633
116;BBJL2;KUWAIT;GHS;64827.70581516201
117;BBJL2;FIJI;EUR;3151.890429860564
118;BBJL2;CANADA;XOF;2441953.054874295
119;BBJL2;PARAGUAY;NPR;388453.52499562514
120;BBJL2;SWITZERLAND;TOP;187.31194054720888
121;BBJL2;IRAQ;CHF;4255.124191455952
122;HKNYc;MALAYSIA;MWK;4952016.431243998
123;HKNYc;UKRAINE;CAD;1649.561440617786
124;HKNYc;MAURITIUS;PEN;18031.420517800034
125;HKNYc;CAYMAN ISLANDS;PGK;15318.332546308717
126;HKNYc;FIJI;NIO;275338.88147198135
127;HKNYc;AZERBAIJAN;ARS;1139955.3005403036
128;HKNYc;UNITED KINGDOM;LKR;831354.0000613619
129;HKNYc;BANGLADESH;RWF;8339082.827045261
130;HKNYc;KAZAKHSTAN;YER;582147.3988101091
131;HKNYc;BAHRAIN;KWD;2468.481368588073
132;HKNYc;ICELAND;CHF;7237.692214474364
133;HKNYc;CAMBODIA;HKD;54284.865007991866
134;HKNYc;MAURITANIA;BZD;9185.360720761038
135;HKNYc;TANZANIA, UNITED REPUBLIC OF;NAD;114938.77084311881
136;HKNYc;CAMBODIA;JOD;2645.7813542035633
137;HKNYc;PHILIPPINES;MRO;1371377.9064012587
138;HKNYc;EGYPT;XAF;932897.6353505332
139;HKNYc;TOGO;ILS;20044.799923393846
140;GJMZ3;TRINIDAD AND TOBAGO;SCR;1771.772542624626
141;GJMZ3;CAYMAN ISLANDS;SCR;17043.787689525758
142;GJMZ3;KENYA;MYR;3580.7416675532836
143;GJMZ3;SAUDI ARABIA;NGN;240828.15411116823
144;GJMZ3;EL SALVADOR;YER;234191.79657328676
145;GJMZ3;BELIZE;CVE;85269.70807244086
146;GJMZ3;MAURITIUS;MVR;10938.778757947195
147;GJMZ3;SAO TOME AND PRINCIPE;GMD;66136.83207650045
148;GJMZ3;POLAND;BDT;35877.023900770684
149;GJMZ3;ISRAEL;LAK;2099439.3875297997
150;GJMZ3;PARAGUAY;VES;6184.531082073918
151;GJMZ3;BELARUS;LBP;866371.7895866628
152;CLVZ1;LATVIA;PKR;98727.01586822563
153;CLVZ1;SWITZERLAND;LAK;176215117.96691597
154;CLVZ1;LAO PEOPLE'S DEMOCRATIC REP;GYD;642086.2030714498
155;CLVZ1;QATAR;PGK;27862.113985110474
156;CLVZ1;SWITZERLAND;RWF;2270499.729692395
157;CLVZ1;IRAN (ISLAMIC REPUBLIC OF);MAD;17002.24263700293
158;CLVZ1;JAMAICA;JPY;645484.8053495939
159;CLVZ1;SAUDI ARABIA;MRO;763869.6328162347
160;CLVZ1;GUATEMALA;STD;213508355.49422005
161;CLVZ1;ANGOLA;COP;56743521.63224655
162;CLVZ1;PARAGUAY;MOP;49688.9282258012
163;CLVZ1;JORDAN;IQD;5015872.008793343
164;CLVZ1;SINGAPORE;MYR;55212.15493688186
165;CLVZ1;ALBANIA;PAB;675.6199259905768
166;CLVZ1;SRI LANKA;DJF;350174.0816218125
167;GHKKb;NICARAGUA;GBP;1091.566496985628
168;GHKKb;BELARUS;TRY;133594.17483976643
169;GHKKb;EL SALVADOR;XCD;14257.997730509975
170;JXWa2;CHINA;GBP;1595.7077957829622
171;JXWa2;JORDAN;CAD;7138.5478152071955
172;JXWa2;GHANA;JPY;593487.2593368287
173;JXWa2;BERMUDA;MYR;21703.931213424377
174;JXWa2;JAPAN;PHP;139606.82994142038
175;JXWa2;CANADA;THB;146613.71004907897
176;JXWa2;TOGO;SVC;41465.58158525893
177;LVb33;SIERRA LEONE;YER;36322.076578360466
178;LVb33;DOMINICAN REPUBLIC;ISK;66933.57842941793
179;LVb33;COSTA RICA;MVR;2379.922245677084
180;LVb33;UKRAINE;SZL;6512.40770809319
181;LVb33;NICARAGUA;NOK;4988.27163795157
182;LVb33;GUINEA;BWP;7959.8988155177685
183;LVb33;CHINA;BHD;71.95846760172404
184;LVb33;ETHIOPIA;PAB;594.683746784129
185;LVb33;BOTSWANA;XOF;21355.667608667707
186;LVb33;EGYPT;SAR;254.31823732993976
187;LVb33;UNITED KINGDOM;AOA;123997.12307261703
188;LVb33;IRAN (ISLAMIC REPUBLIC OF);CVE;53117.988169859746
189;LVb33;FRENCH POLYNESIA;CVE;42043.165840859
190;LVb33;PERU;LRD;101477.70710896511
191;BMXbc;IRAQ;SVC;83028.61218405497
192;BMXbc;PERU;MZN;444306.9026001158
193;BMXbc;LAO PEOPLE'S DEMOCRATIC REP;BZD;11370.04156091351
194;BMXbc;CHILE;WST;22490.307064936133
195;BMXbc;ALBANIA;YER;297003.9569026952
196;BMXbc;ALBANIA;THB;160827.55922279952
197;BMXbc;RWANDA;KYD;3978.8847707030463
198;BMXbc;TURKEY;ZAR;11625.638526487919
199;BMXbc;TANZANIA, UNITED REPUBLIC OF;BDT;70328.19588010017
200;BMXbc;JORDAN;ISK;886381.0675191142
201;BMXbc;COLOMBIA;XAF;4768160.611033025
202;BMXbc;SEYCHELLES;IRR;181908657.24566638
203;BMXbc;MOZAMBIQUE;VUV;73297.57865376252
204;BMXbc;YEMEN;TZS;11548314.697804976
205;BMXbc;POLAND;AOA;4436531.737047278
206;BMXbc;RUSSIAN FEDERATION;TWD;287369.52998335415
207;BMXbc;MEXICO;PKR;1204249.9306212727
208;BMXbc;BOTSWANA;XAF;3616994.2352945856
209;BBBJ3;BAHRAIN;HTG;181828.04181730456
210;BBBJ3;TUNISIA;PAB;4867.5544863303785
211;BBBJ3;JAMAICA;BBD;973.5108972660756
212;BBBJ3;MOROCCO;HKD;-829.8034396961519
213;BBBJ3;JAMAICA;SZL;235364.86509428843
214;ILX12;CHILE;CRC;828195.805615681
215;ILX12;ISRAEL;TTD;7204.488235016899
216;ILX12;INDIA;JMD;141219.08682178007
217;ILX12;CZECH REPUBLIC;SVC;5250.027728171801
218;ILX12;EURO;PLN;1100.0371786667456
219;ILX12;PAKISTAN;BND;739.0704410857404
220;ILX12;CHILE;PES;268138.23987982486
221;ILX12;OMAN;PEN;4530.230653211901
222;ILX12;MACAU;CHF;330.51897397922164
223;ILX12;AUSTRALIA;NZD;2146.4089633855046
224;ILX12;THAILAND;DOP;26742.521320201864
225;ILX12;BANGLADESH;SZL;23875.842401454087
226;ILX12;KUWAIT;AED;3913.6653598441794
227;ILX12;LATVIA;KYD;56.66569139666897
228;ILX12;BOLIVIA;HKD;5213.8415262727285
229;ILX12;KENYA;WST;982.1953742303986
230;ILX12;SERBIA;WST;270.17951459346995
231;ILX12;PERU;RWF;838822.560544733
232;ILX12;SOUTH AFRICA;WST;220.91817252172928
233;ILX12;MALAYSIA;GYD;223937.78038594476
234;INXY3;BELIZE;THB;746018.9761520502
235;INXY3;SUDAN;TTD;102959.50035763986
236;INXY3;KOREA, REPUBLIC OF;HTG;1942331.2771523974
237;INXY3;MEXICO;SOS;10809419.504393462
238;INXY3;KUWAIT;QAR;74777.8836932287
239;INXY3;LAO PEOPLE'S DEMOCRATIC REP;IRR;133336641.54481278
240;INXY3;UNITED KINGDOM;LBP;88241.40831611221
241;INXY3;HONDURAS;PAB;8909.769447123655
242;INXY3;NAMIBIA;LAK;77624026.9134559
243;INXY3;VIET NAM;AOA;2467845.3633870934
244;INXY3;SWAZILAND;EUR;15886.505749911616
245;INXY3;TRINIDAD AND TOBAGO;ISK;-6025.40256915634
246;INXY3;SIERRA LEONE;LAK;370834948.4818819
247;INXY3;MACAU;KYD;13516.63713191844
248;EFFN2;PAKISTAN;BWP;64633.28780425257
249;EFFN2;URUGUAY;AWG;7370.856692162731
250;EFFN2;ALGERIA;HUF;2096114.1712976126
251;EFFN2;SOUTH AFRICA;CNY;35273.521811265244
252;EFFN2;KAZAKHSTAN;LKR;1485220.3517747272
253;EFFN2;THAILAND;MMK;6039770.8133821245
254;EFFN2;MAURITANIA;BGN;10977.067504249488
255;EFFN2;BERMUDA;RON;18204.023462152963
256;EFFN2;CROATIA;KWD;2277.9904201563227
257;EFFN2;NETHERLANDS ANTILLES;IQD;2159972.3349401876
258;EFFN2;FIJI;MAD;77986.36016516031
259;EFHN3;BOTSWANA;FJD;8561.19319989263
260;EFHN3;LAO PEOPLE'S DEMOCRATIC REP;CVE;150125.57949869297
261;EFHN3;INDIA;SLL;53185484.1344994
262;EFHN3;COLOMBIA;CAD;709.0576214181344
263;EFHN3;SIERRA LEONE;TND;23671.991907684493
264;EFHN3;PHILIPPINES;ZWL;4109321.768199088
265;EFHN3;ARUBA;IDR;55856212.95567912
266;EFHN3;CAPE VERDE;PLN;3580.3810796881125
267;EFHN3;SERBIA;BYR;125729401.95860508
268;EFHN3;THAILAND;LBP;4298575.680222697
269;EFHN3;PERU;HNL;216848.1529862398
270;EGVXZ;AZERBAIJAN;AED;2219.4047435014877
271;EGVXZ;ROMANIA;RON;1552.194624077367
272;EGVXZ;NETHERLANDS ANTILLES;IQD;146375.8860588331
273;EGVXZ;PERU;VND;30874720.044584636
274;EGVXZ;SYRIAN ARAB REPUBLIC;XAF;1076449.4003303682
275;EFFNX;TAIWAN, PROVINCE OF CHINA;MGA;40874476.7977389
276;EFFNX;HONG KONG;KRW;14970605.951232886
277;EFFNX;INDIA;PAB;8557.6644859931
278;EFFNX;BANGLADESH;MOP;11788.917474874504
279;BBFMX;NEPAL;MYR;33853.46542008976
280;GKLbb;SWITZERLAND;BZD;4067.5977810019067
281;GKLbb;SOMALIA;PEN;12089.582159334315
282;GKLbb;NIGERIA;XPF;360505.31518442533
283;CNV33;ALBANIA;CYP;8227.219598254565
284;CNV33;SERBIA;IRR;225613802.39725104
285;CNV33;NIGERIA;LBP;20396996.25632478
286;CNV33;CYPRUS;FJD;22504.3177584341
287;CNV33;HUNGARY;RUB;-628.3854735378958
288;CNV33;SINGAPORE;XPF;336468.5195384572
289;CNV33;MADAGASCAR;BMD;8952.130311623801
290;CNV33;PHILIPPINES;LYD;14289.321046784009
291;CNV33;CROATIA;CNY;95660.27230733712
292;CNV33;KENYA;CAD;3300.7518300929646
293;CNV33;BRUNEI DARUSSALAM;SZL;147542.85500346933
294;CNV33;SWEDEN;SCR;203112.62865105152
295;VYabc;ICELAND;MVR;646275.1143259979
296;VYabc;YEMEN;UGX;110399580.51552616
297;VYabc;MOROCCO;AOA;5590242.257801784
298;VYabc;SOMALIA;LKR;13966996.279868405
299;VYabc;PARAGUAY;IQD;59345850.2302106
300;VYabc;MAURITANIA;XAF;19109621.70592834
301;VYabc;PAKISTAN;OMR;6529.089530814459
302;VYabc;TUNISIA;HTG;3013340.096465003
303;VYabc;LIBYAN ARAB JAMAHIRIYA;BOB;239798.39713405728
304;VYabc;LIBERIA;YER;7669394.040291238
305;HJLLa;PANAMA;BIF;509462.89551251335
306;HJLLa;GUYANA;HUF;1547255.3921694425
307;HJLLa;TURKEY;ISK;236149.86597636077
308;HJLLa;MALAWI;BMD;647.3025325915817
309;HJLLa;RWANDA;KZT;2081261.8070445133
310;HJLLa;NAMIBIA;KRW;5995001.384784762
311;HJLLa;KAZAKHSTAN;IQD;4738099.105511731
312;HJLLa;KUWAIT;FJD;7592.3181845344
313;HJLLa;SOLOMON ISLANDS;EGP;61146.29160662873
314;JKKLX;MALAWI;ALL;986056.8129513111
315;JKKLX;GHANA;HTG;2109487.17166743
316;JKKLX;LAO PEOPLE'S DEMOCRATIC REP;GHS;67750.8817995331
317;JKKLX;CAYMAN ISLANDS;RUB;316362.33228019625
318;AVW33;CENTRAL AFRICAN REPUBLIC;UAH;313985.93103713257
319;AVW33;GUINEA;KZT;811667.0637351177
320;AVW33;UNITED KINGDOM;NOK;62442.55703629657
321;AVW33;CROATIA;XPF;822725.9058549388
322;AVW33;SOLOMON ISLANDS;XAF;3882908.58942332
323;AVW33;KUWAIT;AWG;4731.336696797086
324;AVW33;SINGAPORE;SBD;24853.26599231888
325;AVW33;RWANDA;KES;757653.9493382224
326;AVW33;GUYANA;NZD;-140.0780024334803
327;AVW33;LAO PEOPLE'S DEMOCRATIC REP;KYD;1012.5729884871477
328;AVW33;BOTSWANA;SLL;2855324.223346194
329;AVW33;CAYMAN ISLANDS;KWD;1865.7606507651403
330;AVW33;EGYPT;NOK;15404.76500279048
331;BFJ11;MACAU;TND;43683.47044236995
332;BFJ11;EURO;SVC;124627.11022046088
333;BFJ11;GUATEMALA;PES;1639179.7968582436
334;BFJ11;ROMANIA;ILS;49849.59568197583
335;BFJ11;EL SALVADOR;ETB;62708.43631993642
336;ADVY3;UGANDA;UYU;40408.44563651797
337;ADVY3;KENYA;UYU;76454.45027981725
338;ADVY3;SIERRA LEONE;SEK;8267.73180951707
339;ADVY3;SURINAME;CVE;120175.71686160094
340;ADVY3;SWAZILAND;OMR;305.553284589484
341;ADVY3;ICELAND;SGD;2126.389804398851
342;ADVY3;BELARUS;XOF;1439648.7152283494
343;ADVY3;GUYANA;TWD;38634.64984285818
344;DGbc2;PERU;NOK;100529.02003840765
345;DGbc2;ARGENTINA;UYU;199071.10418178543
346;DGbc2;AZERBAIJAN;OMR;2637.6493571544606
347;DGbc2;BAHRAIN;MMK;3960713.487401731
348;DGbc2;YEMEN;MYR;28702.473192556678
349;IMZb1;CHILE;BGN;3559.4236653141675
350;IMZb1;NAMIBIA;JMD;425561.64872571814
351;IMZb1;SAO TOME AND PRINCIPE;BDT;264321.897246145
352;IMZb1;TONGA;KRW;976571.2217950079
353;IMZb1;COLOMBIA;BDT;183018.9033096584
354;IMZb1;SYRIAN ARAB REPUBLIC;MYR;9723.235023467709
355;IMZb1;AUSTRALIA;AOA;-313.5801928701068
356;IMZb1;ROMANIA;CNY;9994.31103934815
357;IMZb1;BELIZE;SGD;1856.286067548525
358;IMZb1;TAIWAN, PROVINCE OF CHINA;CYP;137.92265268335558
359;IMZb1;BHUTAN;TWD;65820.72238819559
360;IMZb1;SERBIA;CRC;994171.4996466613
361;ADJYZ;ROMANIA;IRR;173691635.7111657
362;KLZ12;EURO;SBD;229591.7418610095
363;KLZ12;VIET NAM;QAR;131972.84352806694
364;KLZ12;SAMOA;MVR;484329.61264594784
365;KLZ12;BERMUDA;BDT;3245312.6215902404
366;KLZ12;VENEZUELA;JOD;15932.922229620908
367;KLZ12;MALDIVES;BND;46826.888542108805
368;KLZ12;VANUATU;HTG;4602583.503371383
369;KLZ12;SINGAPORE;PAB;15190.971243504551
370;KLZ12;SINGAPORE;GTQ;8586.212255841365
371;EKLMb;PARAGUAY;COP;6998113.265847423
372;EKLMb;RWANDA;PKR;444906.2372766261
373;EKLMb;DOMINICA;MOP;13212.021393000845
374;EKLMb;NORWAY;SEK;14236.323630938312
375;FKMWY;AZERBAIJAN;OMR;1137.7645999025674
376;FKMWY;PERU;ZMW;62478.81044407682
377;FKMWY;TONGA;IRR;119058373.63782135
378;FKMWY;LIBERIA;ANG;3230.7716645956452
379;FKMWY;IRAQ;CLP;4392818.669858293
380;CCZbb;QATAR;HTG;162370.2386414355
381;CCZbb;KOREA, REPUBLIC OF;AOA;2960151.7404190684
382;CCZbb;UNITED KINGDOM;RSD;245044.06388186853
383;CCZbb;KUWAIT;XAF;2626499.332996398
384;CCZbb;PAKISTAN;LVL;1053.445673610604
385;CCZbb;AZERBAIJAN;TTD;39313.397760173335
386;CCZbb;ETHIOPIA;XPF;113679.27979530815
387;CCZbb;GUATEMALA;HTG;370707.94108798105
388;CCZbb;PERU;BND;5338.084613409086
389;CCZbb;LEBANON;UAH;24715.241298621382
390;CCZbb;ROMANIA;BRL;22902.86585284276
391;CCZbb;CANADA;PES;921139.0494247869
392;FFLb3;SWEDEN;PES;1239781.9019923427
393;FFLb3;PHILIPPINES;SDG;2297931.0181071665
394;FFLb3;BHUTAN;GTQ;52194.86803235587
395;FFLb3;EURO;NZD;2412.00921715179
396;FFLb3;FRENCH POLYNESIA;PEN;13317.96383788732
397;FFLb3;CHINA;ETB;412771.39021843293
398;FFLb3;SRI LANKA;HUF;2462174.1219996912
399;FFLb3;TANZANIA, UNITED REPUBLIC OF;COP;24013405.66454756
400;FFLb3;BAHRAIN;STD;125092544.21677206
401;FFLb3;RWANDA;EGP;178880.77064464343
402;FFLb3;CENTRAL AFRICAN REPUBLIC;BDT;390059.3973232618
403;FFLb3;BOLIVIA;KWD;1549.6812586646047
404;FFLb3;LAO PEOPLE'S DEMOCRATIC REP;CRC;293841.39800849115
405;FFLb3;NORWAY;GBP;6552.556190020712
406;FFLb3;CZECH REPUBLIC;SCR;64680.84037158412
407;FFLb3;NAMIBIA;GBP;0.0
408;FFLb3;JAMAICA;FJD;6756.63627312426
409;AWb13;ETHIOPIA;BMD;7850.231861419373
410;FFIZ3;GUINEA;NOK;404369.2326235902
411;FFIZ3;YEMEN;CVE;2994200.3723000325
412;FFIZ3;POLAND;BOB;271987.2569778005
413;FFIZ3;TURKEY;PGK;34331.69891891712
414;FFIZ3;TRINIDAD AND TOBAGO;GYD;8703718.952858705
415;FFIZ3;IRAN (ISLAMIC REPUBLIC OF);IDR;435216811.19242865
416;FFIZ3;MYANMAR;GHS;566631.9681868909
417;FFIZ3;JORDAN;CLP;38020178.41048612
418;FFIZ3;MOROCCO;GMD;2138225.6844978738
419;FFIZ3;RWANDA;INR;2141361.1805409137
420;FFIZ3;JAMAICA;LKR;9884998.893030122
421;FFIZ3;HONDURAS;SDG;24231238.203994796
422;FFIZ3;EL SALVADOR;AWG;80935.97139153456
423;FFIZ3;MOZAMBIQUE;HTG;2088970.9210798803
424;FFIZ3;GAMBIA;INR;1306654.2728478082
425;FFIZ3;MYANMAR;BWP;286196.4372205601
426;FHHHW;LEBANON;NAD;50827.7765507946
427;FHHHW;KAZAKHSTAN;WST;6309.154645726163
428;FHHHW;AZERBAIJAN;JOD;2295.3161437326185
429;FHHHW;FIJI;UYU;5486.896194261768
430;FHHHW;NEW ZEALAND;TZS;4110072.9877294246
431;FHHHW;POLAND;AWG;7.010020381438101
432;FHHHW;NEPAL;MZN;56482.6190677445
433;FHHHW;YEMEN;SGD;2731.217814354716
434;FHHHW;SURINAME;GTQ;12200.125481455882
435;FHHHW;BULGARIA;ARS;403716.2252252902
436;DDIIN;JAPAN;MGA;8427051.707976146
437;DDIIN;SURINAME;BYR;3406659.3282715236
438;DDIIN;MADAGASCAR;BMD;2795.723626349717
439;DDIIN;CENTRAL AFRICAN REPUBLIC;XOF;2686048.0187854213
440;DDIIN;KAZAKHSTAN;ZAR;19562.511862084237
441;DDIIN;SAO TOME AND PRINCIPE;XPF;502993.298705227
442;DDIIN;GUINEA;PHP;269222.0159140025
443;DDIIN;SERBIA;BMD;343.80584193053113
444;DDIIN;SOMALIA;IDR;12860887.398811782
445;DDIIN;DOMINICA;AWG;4010.422986383541
446;DDIIN;PAPUA NEW GUINEA;RON;767.7209311238378
447;DDIIN;BHUTAN;ETB;8234.682455188506
448;DDIIN;MACAU;GBP;2913.1871788589856
449;DDIIN;MEXICO;AZN;4107.469028455442
450;DDIIN;MALAWI;MWK;1013049.5385865872
451;DDIIN;ROMANIA;LAK;31330896.06925144
452;IILVZ;PAKISTAN;BWP;31154.5256314992
453;IILVZ;BRUNEI DARUSSALAM;MVR;83049.7090317194
454;IILVZ;CYPRUS;ARS;739774.0189259234
455;IILVZ;TRINIDAD AND TOBAGO;EUR;1894.516262846481
456;IILVZ;ARGENTINA;IQD;3353201.1128937784
457;IILVZ;ARUBA;SOS;246697.00263341484
458;IILVZ;KUWAIT;THB;200630.1513453133
459;IILVZ;BOLIVIA;ZMW;81055.51040872074
460;IILVZ;JORDAN;KES;317989.3983907159
461;IILVZ;NICARAGUA;SCR;1978.257205899038
462;IILVZ;CZECH REPUBLIC;RON;349.10847002779246
463;IILVZ;KUWAIT;TRY;99036.579434284
464;IILVZ;BAHRAIN;RON;8325.959939948543
465;IILVZ;ICELAND;TND;9944.034321197325
466;EJNN2;NICARAGUA;RWF;5278679.267686562
467;AMbbc;SYRIAN ARAB REPUBLIC;IDR;12340394.748815874
468;AMbbc;SWEDEN;SDG;201758.20595996274
469;AMbbc;OMAN;MAD;2634.8033878280435
470;JK333;MAURITANIA;SRD;104217.94889058724
471;JK333;BRUNEI DARUSSALAM;NPR;346458.4170791911
472;JK333;LEBANON;TZS;1790294.8919937427
473;JK333;LIBYAN ARAB JAMAHIRIYA;CYP;999.8969893283675
474;JK333;FIJI;VND;56669687.23686218
475;JK333;VENEZUELA;UAH;11896.86667241762
476;JK333;ALGERIA;TWD;51876.055055246834
477;JK333;CZECH REPUBLIC;VUV;485897.3673701464
478;JK333;NORWAY;THB;52602.59538514579
479;JK333;OMAN;MOP;12836.50308310663
480;JK333;URUGUAY;BRL;2295.134823248649
481;JK333;RUSSIAN FEDERATION;EUR;-21.66513160650653
482;FGWZZ;SAMOA;SCR;41324.24965518628
483;FGWZZ;SEYCHELLES;MGA;3879167.12208672
484;FGWZZ;HONG KONG;BMD;2154.819384910673
485;FGWZZ;LEBANON;CLP;1518619.5272119525
486;FGWZZ;SRI LANKA;AED;11735.601892530243
487;FGWZZ;URUGUAY;SLL;20401579.504247215
488;FGWZZ;KENYA;BMD;2403.7839015365057
489;FGWZZ;KUWAIT;FJD;5940.126995286526
490;FGWZZ;SYRIAN ARAB REPUBLIC;GNF;27295813.986680653
491;FGWZZ;PERU;TZS;4226006.457160727
492;FGWZZ;ROMANIA;JMD;272580.19374752016
493;FGWZZ;MEXICO;PAB;493.95090515644654
494;FGWZZ;FIJI;TRY;2487.7297933352397
495;FGWZZ;FIJI;YER;365338.9375004276
496;FGWZZ;MACAU;QAR;11484.51834406514
497;FGWZZ;GHANA;UAH;29163.82634260053
498;FGWZZ;NORWAY;FJD;7223.8523635567535
499;FGWZZ;SWAZILAND;SBD;25785.681903268687
500;Nabc1;SWITZERLAND;MGA;8825243.023965564
501;Nabc1;RWANDA;DZD;107594.26027183872
502;Nabc1;CYPRUS;AOA;510494.0622483337
503;Nabc1;MOZAMBIQUE;NOK;22083.902824286568
504;Nabc1;CROATIA;SRD;80928.69702894794
505;Nabc1;MOROCCO;YER;809440.5615667768
506;Nabc1;DOMINICAN REPUBLIC;AWG;3473.4433378557133
507;Nabc1;MACAU;KRW;3724693.420540475
508;Nabc1;SAUDI ARABIA;MOP;3560.2273325973906
509;Nabc1;BAHRAIN;IDR;49606173.25453949
510;Nabc1;SOMALIA;SLL;24143069.27920671
511;Nabc1;SINGAPORE;GHS;12434.280422108868
512;Nabc1;SRI LANKA;TRY;19357.588436366277
513;Nabc1;AZERBAIJAN;ANG;1516.0400348261473
514;Nabc1;COSTA RICA;TND;3128.307437877997
515;Nabc1;URUGUAY;PAB;534.8077814830144
516;FGYYc;HONDURAS;OMR;1564.0272509294318
517;FGYYc;GUINEA;COP;87633388.72122742
518;DJb13;MAURITANIA;CVE;283916.0916936202
519;DJb13;JAMAICA;PHP;507573.42425490794
520;DJb13;SOLOMON ISLANDS;BDT;45415.76820707402
521;DJb13;LIBERIA;THB;75367.45487718521
522;DJb13;IRAN (ISLAMIC REPUBLIC OF);AWG;8847.42547078925
523;DJb13;HAITI;IQD;5037241.4312756155
524;DJb13;IRAN (ISLAMIC REPUBLIC OF);PLN;44310.615539533515
525;DJb13;BULGARIA;VUV;1082277.335417708
526;DJb13;PAPUA NEW GUINEA;GBP;1816.654587068546
527;DJb13;IRAN (ISLAMIC REPUBLIC OF);GBP;4808.471767367967
528;DJb13;LIBERIA;IRR;331253425.6293224
529;DJb13;COLOMBIA;NOK;61191.637237873816
530;DJb13;TUNISIA;KZT;1004034.7791439709
531;DJb13;EGYPT;NOK;23232.190823633227
532;GZZac;UNITED ARAB EMIRATES;LYD;20995.04376470684
533;GZZac;PAPUA NEW GUINEA;LBP;34983931.662167035
534;GZZac;UGANDA;CYP;3663.1612153119054
535;GZZac;SOUTH AFRICA;HRK;48797.223895486226
536;GZZac;TONGA;CAD;29366.586466187084
537;GZZac;TUNISIA;GNF;241958939.10271236
538;GZZac;EL SALVADOR;ZWL;25860276.90724596
539;GZZac;HUNGARY;AZN;66689.66284466129
540;GZZac;GAMBIA;MWK;32929083.311751984
541;GZZac;VANUATU;SZL;163741.91182917514
542;GZZac;NAMIBIA;DZD;4728889.108065765
543;FKY11;TURKEY;PKR;687375.2128820496
544;FKY11;SUDAN;SOS;832452.0005057581
545;FKY11;LIBYAN ARAB JAMAHIRIYA;KWD;1716.2821057965502
546;FKY11;ICELAND;NIO;138812.7241021588
547;FKY11;INDIA;OMR;2064.5810338690344
548;FKY11;PHILIPPINES;DZD;266132.97363031603
549;FKY11;CANADA;CVE;240964.37751331562
550;FKY11;PAPUA NEW GUINEA;PEN;20377.717269371966
551;FKY11;BURUNDI;XCD;3548.2717641676572
552;FKY11;OMAN;SBD;28029.68290914104
553;FKY11;PERU;KZT;448709.57434629824
554;FKY11;LIBERIA;CVE;731853.9953287233
555;FKY11;BRUNEI DARUSSALAM;THB;157873.15462818174
556;FKY11;DOMINICAN REPUBLIC;XOF;2481377.1829130896
557;FKY11;CAYMAN ISLANDS;SBD;4041.969841875316
558;FKY11;CHILE;NGN;2153182.435447979
559;FKY11;ZAMBIA;BHD;1438.0930475793475
560;FKY11;BURUNDI;NIO;172682.3268224074
561;FKY11;HUNGARY;AZN;298.9909065443428
562;GLLNY;UGANDA;MOP;77753.13618546654
563;GLLNY;CZECH REPUBLIC;MYR;68003.21632749791
564;GLLNY;DENMARK;ILS;28802.095007224136
565;GLLNY;COSTA RICA;HUF;2837791.5747981397
566;GLLNY;UKRAINE;LBP;3041669.9141156008
567;GLLNY;RWANDA;LAK;87666005.91875748
568;GLLNY;MEXICO;MVR;181736.3005583877
569;GLLNY;JORDAN;NAD;166281.08764071483
570;GLLNY;VANUATU;PYG;74072397.49498399
571;GLLNY;EURO;ZAR;122515.86254532385
572;GLLNY;PHILIPPINES;BGN;13041.40524195038
573;GLLNY;CHINA;GYD;3212011.14545426
574;GLLNY;UGANDA;BND;7405.142448528919
575;GLLNY;TRINIDAD AND TOBAGO;PLN;3363.5831353347435
576;GLLNY;SAO TOME AND PRINCIPE;DZD;1984175.8854591113
577;GLLNY;KUWAIT;MVR;203154.8813399806
578;GLLNY;SAUDI ARABIA;RWF;12740339.622369403
579;GLLNY;TONGA;BGN;21288.479730246836
580;CDJKa;TAIWAN, PROVINCE OF CHINA;LKR;6338030.666089405
581;CDJKa;DENMARK;VUV;22417641.252688408
582;CDJKa;PAKISTAN;NGN;119469937.74829945
583;BBHcc;MALAWI;IRR;3030025.79955606
584;BBHcc;BANGLADESH;SCR;1045.615049162146
585;BBHcc;GUYANA;SBD;337.09458904009097
586;BBHcc;BAHRAIN;CLP;31046.217486850066
587;BBHcc;AUSTRALIA;CAD;100.14623009054736
588;BBHcc;COLOMBIA;BND;9.889285869467006
589;NNVXX;JAPAN;BHD;7649.39992637192
590;NNVXX;HONDURAS;IDR;726155763.8158829
591;NNVXX;BHUTAN;PES;1436925.8865283623
592;NNVXX;UKRAINE;SAR;-769.4458258315124
593;NNVXX;TUNISIA;TRY;929146.1840617293
594;NNVXX;BARBADOS;TWD;1303254.452323016
595;NNVXX;PAPUA NEW GUINEA;SLL;956416046.6548694
596;NNVXX;MALAYSIA;NZD;121275.42073589865
597;NNVXX;LIBERIA;STD;665125316.8968254
598;NNVXX;HAITI;NZD;59438.255812141775
599;CIMXW;MACAU;IQD;9284244.260098908
600;CIMXW;PARAGUAY;MRO;1630240.4070625098
601;CIMXW;JAPAN;FJD;11535.173913277958
602;CIMXW;NIGERIA;VES;49498.545084912796
603;CIMXW;CYPRUS;GYD;218087.76865856026
604;AIKLN;NICARAGUA;IQD;7212957.295686721
605;AIKLN;TURKEY;LBP;4756972.652916513
606;AIKLN;SUDAN;THB;107036.94992959414
607;AIKLN;TURKEY;STD;368371077.2908733
608;AIKLN;SWITZERLAND;BOB;120768.91568087725
609;AIKLN;UNITED KINGDOM;MGA;59570411.152049966
610;AIKLN;LAO PEOPLE'S DEMOCRATIC REP;DKK;116721.57524100429
611;AIKLN;URUGUAY;CYP;10020.520305292182
612;AIKLN;NETHERLANDS ANTILLES;PAB;17759.421067201325
613;AIKLN;DJIBOUTI;PEN;55698.29257272884
614;AIKLN;URUGUAY;NIO;681199.1151207971
615;AIKLN;SIERRA LEONE;AED;67011.17769411583
616;AIKLN;CROATIA;ILS;11369.026165675494
617;AIKLN;CAYMAN ISLANDS;BSD;18302.778266244906
618;BBVa3;GUINEA;NOK;46910.51970896317
619;BBVa3;HAITI;XCD;2778.51856577199
620;BBVa3;VIET NAM;UYU;79200.57340230478
621;BBVa3;DOMINICAN REPUBLIC;NPR;710676.3008194767
622;BBVa3;PANAMA;SLL;119132466.51899827
623;BBVa3;DENMARK;BMD;4765.9360975590125
624;BBVa3;PHILIPPINES;RUB;197129.9392511335
625;BBVa3;DOMINICAN REPUBLIC;LYD;34762.71058153773
626;BBVa3;MAURITIUS;CNY;14832.493562713758
627;BBVa3;VIET NAM;ILS;7478.108929407669
628;BBVa3;UGANDA;KRW;6015304.46385791
629;BBVa3;PERU;UYU;243154.2765357641
630;BBVa3;BURUNDI;UGX;9058067.07008269
631;BBVa3;GUINEA;DZD;265939.8324875443
632;BBVa3;HONG KONG;EGP;130181.41845129241
633;BBVa3;NICARAGUA;GBP;4800.927615855529
634;BBVa3;TANZANIA, UNITED REPUBLIC OF;UAH;283832.49913351244
635;WWYbc;BELIZE;TZS;479253.72526318993
636;WWYbc;ICELAND;ETB;205748.07636513648
637;WWYbc;ARGENTINA;MVR;12966.984802182931
638;WWYbc;BHUTAN;SRD;135628.75609338845
639;WWYbc;MAURITANIA;MGA;2827651.9241952407
640;WWYbc;GUATEMALA;XOF;2874382.398121732
641;WWYbc;TONGA;ALL;495152.98959856067
642;WWYbc;ZIMBABWE;VND;35286751.45112905
643;WWYbc;BHUTAN;MVR;13725.848117310681
644;WWYbc;TANZANIA, UNITED REPUBLIC OF;VES;68753.16089353937
645;WWYbc;HONDURAS;THB;31926.00967503891
646;WWYbc;TURKEY;MWK;4014737.4273832464
647;WWYbc;SAO TOME AND PRINCIPE;XCD;8151.683843603294
648;DGMWb;UGANDA;SVC;108624.31987484588
649;DGMWb;EGYPT;GNF;24698260.04366706
650;DGMWb;CAMBODIA;UGX;31224051.304322466
651;DGMWb;COSTA RICA;PEN;44887.349774161434
652;DGMWb;MACAU;BDT;1063256.0420027033
653;DGMWb;BELIZE;NIO;465256.50532540574
654;DGMWb;PERU;SDG;2280257.70856003
655;DGMWb;PARAGUAY;MAD;111466.67487048687
656;DGMWb;NEPAL;WST;28130.479805183717
657;DGMWb;BELIZE;BZD;1297.3837177085277
658;DGMWb;ZAMBIA;GHS;32477.793457971868
659;DGMWb;JAPAN;MUR;546939.6624258888
660;DLVc1;SRI LANKA;KHR;5258176.888869094
661;DLVc1;COSTA RICA;PHP;36767.68806637453
662;DLVc1;IRAN (ISLAMIC REPUBLIC OF);SYP;657659.4374679294
663;DLVc1;BELARUS;HRK;5043.249968408842
664;DLVc1;ALGERIA;ZWL;318034.96148384
665;DLVc1;PAKISTAN;AED;4684.332443416965
