;Client;Country;Currency;Transaction
0;AANZ1;FIJI;GHS;69780.75735166579
1;AANZ1;COLOMBIA;NZD;730.0760668603224
2;AANZ1;ZIMBABWE;IQD;1829764.8225134094
3;AANZ1;SINGAPORE;VUV;597641.7716621233
4;AANZ1;CENTRAL AFRICAN REPUBLIC;XCD;15171.09572819205
5;AANZ1;SYRIAN ARAB REPUBLIC;ZAR;103272.35485326353
6;AANZ1;TANZANIA, UNITED REPUBLIC OF;QAR;3134.563874778253
7;AANZ1;KAZAKHSTAN;ARS;1007617.1736436449
8;AANZ1;TANZANIA, UNITED REPUBLIC OF;AED;23915.44094687239
9;AANZ1;JAMAICA;CAD;5819.1649249735
10;AANZ1;TOGO;VUV;715454.9657136564
11;AANZ1;BAHRAIN;OMR;1992.9357738856825
12;AANZ1;SRI LANKA;BIF;106621.26594273924
13;AFJab;IRAN (ISLAMIC REPUBLIC OF);TWD;98957.18819142495
14;AFJab;LATVIA;SZL;48461.71027948315
15;AFJab;DJIBOUTI;UAH;134852.54615673723
16;AFJab;COLOMBIA;UGX;2526559.307076118
17;AFJab;DJIBOUTI;CLP;726195.2341447724
18;AFJab;MOZAMBIQUE;MYR;1255.5221679514862
19;AFJab;SWITZERLAND;RSD;155118.26415250756
20;AFJab;BULGARIA;INR;167676.71001064172
21;AFJab;ARGENTINA;TWD;11177.015584309614
22;AFJab;BURUNDI;EGP;92218.36488976744
23;AFJab;BELIZE;XAF;328762.56837739266
24;AFJab;EURO;MUR;12958.601384939724
25;BBIMb;ALBANIA;SCR;281435.42015033786
26;BBIMb;BULGARIA;VND;477362755.0424262
27;BBIMb;KAZAKHSTAN;UAH;113736.35867486175
28;BBIMb;UGANDA;SCR;80598.60089522645
29;BBIMb;MAURITANIA;ZMW;124929.82855017211
30;BBIMb;AZERBAIJAN;SZL;233888.5636743147
31;BBIMb;NEPAL;KRW;25721811.89350653
32;BBIMb;JAPAN;SRD;502346.9208094788
33;BBIMb;TAIWAN, PROVINCE OF CHINA;SLL;307233730.8513139
34;BBIMb;BULGARIA;SYP;8188207.093567269
35;BBIMb;LIBERIA;RWF;10683910.706331514
36;EJNNa;VENEZUELA;NAD;37362.57651929722
37;EJNNa;HUNGARY;TWD;3635.3258942928583
38;EJNNa;JORDAN;VES;27898.75561051642
39;EJNNa;PANAMA;GNF;14423208.38531568
40;ADJMW;MALDIVES;JMD;1651498.6667947953
41;ADJMW;UNITED ARAB EMIRATES;BOB;35548.25388571891
42;ADJMW;LIBYAN ARAB JAMAHIRIYA;ETB;413078.10203747475
43;ADJMW;PERU;BHD;3506.7607220398904
44;ADJMW;ARGENTINA;JMD;1401696.679625246
45;ADJMW;MALAYSIA;LVL;481.16090389885267
46;ADJMW;TONGA;SEK;110013.77585330453
47;ADJMW;JORDAN;LAK;11668437.161347639
48;FKVV3;HAITI;ISK;2338481.6713564657
49;FKVV3;SYRIAN ARAB REPUBLIC;MZN;541511.1738944979
50;FKVV3;HONDURAS;BIF;30861488.130911328
51;FKVV3;FRENCH POLYNESIA;NGN;8214106.467173626
52;FKVV3;TAIWAN, PROVINCE OF CHINA;PKR;2384927.945580716
53;FKVV3;NICARAGUA;NOK;59300.74418384583
54;FKVV3;SWEDEN;LVL;9456.700985793115
55;FKVV3;KENYA;MWK;6862030.297233521
56;FKVV3;INDIA;DJF;2342780.5637142034
57;DFMNc;COSTA RICA;MUR;397482.2859259172
58;DFMNc;MALDIVES;CRC;2405471.920373624
59;DFMNc;BANGLADESH;KRW;8418162.957959019
60;DFMNc;GAMBIA;JPY;946759.3941212146
61;DFMNc;ETHIOPIA;ZMW;31621.062120020968
62;DFMNc;RWANDA;IRR;496870748.0479289
63;DFMNc;GAMBIA;GYD;2083823.211463618
64;DFMNc;JORDAN;AOA;2935373.23095238
65;DFMNc;DOMINICAN REPUBLIC;LKR;1684690.5376682943
66;DFMNc;NORWAY;SYP;1410335.0422723547
67;DFMNc;MACAU;UAH;448014.8431652407
68;DFMNc;ZAMBIA;LKR;370149.8128867381
69;DFMNc;JORDAN;PES;213693.14863200043
70;DFMNc;BANGLADESH;DKK;81065.41301258108
71;DFMNc;SRI LANKA;CLP;8148506.248383582
72;DFMNc;LAO PEOPLE'S DEMOCRATIC REP;SDG;6757692.7189190425
73;DFMNc;DOMINICA;CRC;8302786.573017824
74;DFMNc;BURUNDI;SRD;366442.1299449693
75;DFMNc;MOROCCO;NOK;97211.19997103824
76;DFMNc;ARGENTINA;YER;3033449.3817362166
77;JVYZZ;ARGENTINA;TND;13748.742879920012
78;JVYZZ;PERU;DZD;878497.4934465046
79;JVYZZ;ZAMBIA;AWG;13948.11329930309
80;JVYZZ;BRAZIL;SAR;37433.84190760582
81;JVYZZ;BRUNEI DARUSSALAM;CLP;2938721.750433468
82;JVYZZ;IRAN (ISLAMIC REPUBLIC OF);RSD;1095759.63835894
83;JVYZZ;TUNISIA;PLN;37086.17847513057
84;JVYZZ;YEMEN;TZS;3230738.4123312584
85;JVYZZ;GUATEMALA;SGD;7898.584913169139
86;JVYZZ;ALGERIA;ZMW;8900.718539116177
87;JVYZZ;KUWAIT;TTD;60004.46338281091
88;JVYZZ;KENYA;ALL;713255.5764985811
89;BDEGI;SWITZERLAND;RUB;4177.52651270536
90;BDEGI;NETHERLANDS ANTILLES;STD;12031019.104472414
91;BDEGI;TURKEY;JMD;172847.84393324069
92;BDEGI;UNITED ARAB EMIRATES;NPR;110946.58965412565
93;BDEGI;INDONESIA;PEN;5185.875930852362
94;BDEGI;KENYA;MZN;86503.99137338244
95;BDEGI;SUDAN;VUV;34708.70477149029
96;BDEGI;BERMUDA;ZWL;298652.8299215647
97;BDEGI;PHILIPPINES;HTG;135612.70700988453
98;BDEGI;BRAZIL;ZWL;703527.542650284
99;BDEGI;SOMALIA;RWF;1240615.434450575
100;BDEGI;SUDAN;BZD;1789.9065334385286
101;BDEGI;TONGA;UYU;33762.87671829008
102;BDEGI;PANAMA;MRO;183593.52637479064
103;BDEGI;SAMOA;CZK;15074.96350897649
104;BDEGI;CROATIA;SZL;7213.030014368664
105;BDEGI;BRUNEI DARUSSALAM;PEN;3317.1792533581665
106;BDEGI;THAILAND;BMD;968.1767158144769
107;AMWb3;COSTA RICA;BOB;1430.8674807980312
108;AMWb3;ZIMBABWE;HTG;63795.603313481406
109;AMWb3;COSTA RICA;LKR;68859.05543825176
110;AMWb3;CROATIA;AOA;248555.00049348315
111;AMWb3;GUINEA;LKR;99747.57160398652
112;AMWb3;CENTRAL AFRICAN REPUBLIC;CYP;256.16500512525084
113;AMWb3;TRINIDAD AND TOBAGO;AED;893.2295113764085
114;AMWb3;ARUBA;MXN;8390.751875890614
115;AMWb3;SEYCHELLES;BHD;5.64321895823612
116;AMWb3;CZECH REPUBLIC;SBD;4009.2875816358887
117;AMWb3;SOMALIA;DJF;16543.648083212178
118;AMWb3;SAO TOME AND PRINCIPE;CVE;12762.57566045474
119;AMWb3;MALAYSIA;TTD;350.60736780753103
120;AMWb3;SURINAME;NOK;1404.7841927393167
121;AMWb3;PAPUA NEW GUINEA;KZT;108531.68830215743
122;AMWb3;JAMAICA;BRL;843.4650817789409
123;AMWb3;NORWAY;UGX;12393.713121052198
124;FLac1;TUNISIA;RWF;4396987.476752061
125;FLac1;NAMIBIA;BMD;1119.2995458317873
126;FLac1;COLOMBIA;COP;905816.121816758
127;FLac1;KOREA, REPUBLIC OF;AWG;1667.0843970143153
128;FLac1;ARGENTINA;TTD;44730.41984062981
129;FLac1;CZECH REPUBLIC;THB;67458.47412703527
130;FLac1;BOLIVIA;DKK;34471.38333293798
131;FLac1;TANZANIA, UNITED REPUBLIC OF;BOB;53471.91723659679
132;FLac1;PAPUA NEW GUINEA;AOA;644148.216343808
133;FLac1;SAO TOME AND PRINCIPE;NPR;119259.77908611475
134;FLac1;DOMINICAN REPUBLIC;MRO;656076.1183240268
135;FLac1;SAO TOME AND PRINCIPE;IQD;1425562.0897151246
136;FLac1;ZAMBIA;CZK;49024.879841468355
137;FLac1;MALAYSIA;CVE;213445.61351783076
138;FLac1;HAITI;BDT;701097.4134040591
139;FLac1;ZAMBIA;FJD;8817.982918996902
140;FLac1;ZAMBIA;BND;10951.497478568937
141;FLac1;JAPAN;KES;58679.98360383881
142;FLac1;DENMARK;UGX;5133122.016050024
143;CNNXY;TAIWAN, PROVINCE OF CHINA;UAH;61815.11042760636
144;CNNXY;CENTRAL AFRICAN REPUBLIC;GNF;19707162.17550762
145;CNNXY;BELARUS;XCD;2572.115265103439
146;CNNXY;CAMBODIA;QAR;9695.370797762951
147;CNNXY;MOROCCO;PLN;12024.785460683994
148;CNNXY;UGANDA;KWD;51.59153101749283
149;CNNXY;NORWAY;KYD;22.2371267597811
150;CNNXY;GUATEMALA;YER;132813.2563571164
151;CNNXY;NICARAGUA;LAK;31529397.7964665
152;CNNXY;ARUBA;GMD;124985.94762051932
153;AHIa2;MALAWI;IRR;9819525.257097585
154;AHIa2;IRAN (ISLAMIC REPUBLIC OF);MAD;56915.30288686408
155;AHIa2;UNITED KINGDOM;TND;3173.9372614896038
156;AHIa2;JAMAICA;TTD;16326.459488830922
157;AHIa2;TRINIDAD AND TOBAGO;NOK;11671.08147092009
158;AHIa2;DOMINICAN REPUBLIC;PKR;754374.0866218794
159;AHIa2;BOLIVIA;TWD;63492.05619054954
160;AHIa2;PANAMA;GHS;2341.392940510606
161;AHIa2;PERU;PLN;14132.014249341531
162;AHIa2;BRAZIL;ETB;345430.8555955878
163;AHIa2;SWAZILAND;ZAR;30180.17821292705
164;AHIa2;TANZANIA, UNITED REPUBLIC OF;VND;205482301.78302974
165;AHIa2;PERU;QAR;1930.4333340664925
166;AHIa2;BAHAMAS;NZD;10300.087859684518
167;AHIa2;SOLOMON ISLANDS;ZMW;90530.14488655527
168;AHIa2;GUINEA;MYR;34131.08408774745
169;AHIa2;EGYPT;CVE;177958.0228835314
170;AHIa2;BRAZIL;INR;555293.6593405665
171;AHIa2;CAMBODIA;PES;629706.2908412848
172;AHIa2;KUWAIT;LVL;5217.693972731156
173;DDGKN;CHILE;LRD;1703070.2208387235
174;DDGKN;NEPAL;MAD;42038.81599566326
175;DDGKN;DJIBOUTI;ANG;35560.74800508568
176;DDGKN;SAMOA;NOK;5292.07054355296
177;DDGKN;INDIA;THB;268673.2261329608
178;BCLVW;MAURITIUS;RSD;9923.893499475122
179;BCLVW;SAUDI ARABIA;NIO;26943.20928575203
180;BCLVW;TONGA;IDR;-120738.59572728295
181;BCLVW;BELIZE;XPF;33604.055184672005
182;BCLVW;BERMUDA;VUV;164561.6574941394
183;BCLVW;ICELAND;KRW;234527.5536803431
184;BCLVW;PERU;GNF;13258417.810143074
185;BCLVW;TANZANIA, UNITED REPUBLIC OF;XCD;2581.0247705210095
186;BCLVW;BOLIVIA;KES;118285.87273036859
187;BCLVW;CYPRUS;VUV;25016.399133626197
188;BCLVW;KOREA, REPUBLIC OF;DOP;91710.71580301707
189;CDFFG;UGANDA;ANG;14221.041492125383
190;CDFFG;SUDAN;OMR;1370.6361238938514
191;Wabc1;SAO TOME AND PRINCIPE;BYR;450417281.86404467
192;Wabc1;ISRAEL;BYR;439017555.4070846
193;Wabc1;MEXICO;ZMW;115441.98767641117
194;Wabc1;SUDAN;YER;1583786.3779510607
195;Wabc1;SAUDI ARABIA;MYR;46541.26901670554
196;Wabc1;GUINEA;GHS;93799.1435056318
197;ABBEF;SWEDEN;KWD;380.9620116409503
198;ABBEF;OMAN;EGP;80438.31305368282
199;ABBEF;AZERBAIJAN;KYD;1120.1196253146913
200;ABBEF;ALGERIA;RUB;163583.87557380367
201;ABBEF;ARUBA;NIO;94394.95567635083
202;ABBEF;MALAYSIA;EUR;1294.3243374741817
203;ABBEF;NAMIBIA;ARS;160089.34605588438
204;ABBEF;NETHERLANDS ANTILLES;COP;16627971.773449961
205;ABBEF;EURO;HTG;66422.0608167147
206;ABBEF;UNITED ARAB EMIRATES;KRW;3352264.70485512
207;ABBEF;DOMINICA;AZN;2373.424078245103
208;ABBEF;UNITED KINGDOM;AZN;5087.758160456321
209;ABBEF;PHILIPPINES;XOF;235473.1495075768
210;ABBEF;THAILAND;DKK;24997.34222789902
211;ABBEF;ISRAEL;MOP;11104.946883971015
212;ABBEF;SOMALIA;HRK;14196.865316299789
213;ABBEF;KUWAIT;AWG;3880.969323763773
214;HHHIb;BARBADOS;BBD;5880.09675161793
215;HHHIb;DJIBOUTI;ZMW;15057.671074038413
216;HHHIb;CZECH REPUBLIC;ZMW;33091.72226699182
217;HHHIb;RUSSIAN FEDERATION;HKD;6300.459882600408
218;HHHIb;CAYMAN ISLANDS;BYR;125624641.35386327
219;HHHIb;TOGO;LKR;1302915.284775899
220;HHHIb;HAITI;TTD;40866.2355902642
221;HHHIb;PANAMA;IQD;665826.8563138321
222;HHHIb;URUGUAY;IQD;6311505.11562819
223;HHHIb;MAURITANIA;LKR;1100440.4417106255
224;HHHIb;URUGUAY;THB;114041.28554238909
225;HHHIb;TANZANIA, UNITED REPUBLIC OF;EGP;102833.7375687769
226;HHHIb;MYANMAR;GNF;-553633.305601665
227;HHHIb;YEMEN;ANG;6209.819218312405
228;XXXb3;PAPUA NEW GUINEA;SVC;105781.37867607463
229;XXXb3;ISRAEL;EUR;12511.472941065633
230;GVc13;BRUNEI DARUSSALAM;IRR;628334499.8098111
231;GVc13;CAYMAN ISLANDS;GHS;35403.014146219975
232;AILLc;BHUTAN;PEN;24739.421188111417
233;AILLc;MYANMAR;VUV;6762581.051591728
234;AILLc;NAMIBIA;UYU;414185.23945237853
235;AILLc;HONG KONG;TWD;937493.6410244447
236;AILLc;INDONESIA;FJD;143307.01571823316
237;AILLc;ZAMBIA;PYG;84941561.88996439
238;AILLc;SAMOA;NPR;9422284.779709736
239;AILLc;SURINAME;PKR;6622784.615908637
240;AILLc;NIGERIA;GHS;811713.0372747412
241;AILLc;GUATEMALA;OMR;9124.184266528035
242;AILLc;EL SALVADOR;MUR;601092.4872569368
243;AILLc;NORWAY;NZD;29430.84012135386
244;AILLc;CZECH REPUBLIC;CAD;76469.69793622529
245;AILLc;PAKISTAN;BDT;416296.4457858901
246;AILLc;OMAN;THB;860443.5939084291
247;AILLc;LATVIA;TTD;408530.382643708
248;AILLc;MALAWI;VES;581342.1220530891
249;AILLc;TOGO;BTN;4704369.801785409
250;IKWc3;COLOMBIA;SZL;7475.826572234324
251;IKWc3;SEYCHELLES;XPF;14916.334378670508
252;IKWc3;MEXICO;EUR;852.930629342058
253;FFWa2;BELARUS;MOP;2987.3564647432977
254;JJKaa;SURINAME;PES;86093.00963232499
255;JJKaa;SURINAME;KHR;1433007.8643447494
256;JJKaa;MAURITIUS;SYP;190652.96964764918
257;JJKaa;MACAU;TND;1791.3276345610075
258;JJKaa;SIERRA LEONE;WST;338.224563009331
259;JJKaa;KENYA;KZT;52288.79185356304
260;JJKaa;INDIA;HNL;7609.503520161167
261;JJKaa;ICELAND;NAD;2696.348550627332
262;JJKaa;BURUNDI;ANG;571.8744659868106
263;JJKaa;COSTA RICA;CHF;438.325388419809
264;JJKaa;PAPUA NEW GUINEA;SOS;67442.73825231094
265;JJKaa;CYPRUS;DZD;5314.192342139741
266;JJKaa;BOTSWANA;TZS;1003205.9759291118
267;JJKaa;GUYANA;GYD;52724.70023616364
268;JJKaa;VIET NAM;THB;15968.753838618211
269;JJKaa;PAPUA NEW GUINEA;GMD;11491.526005213109
270;JJKaa;DENMARK;GTQ;2849.336064146066
271;JJKaa;MALAYSIA;EUR;305.95474080387334
272;BCIWW;SERBIA;IQD;4149170.612738965
273;BCIWW;MEXICO;BBD;27141.196594565667
274;BCIWW;MOROCCO;AED;68950.09156665852
275;BCIWW;SUDAN;COP;46925212.33547913
276;BCIWW;SOUTH AFRICA;MMK;15878543.262102032
277;BCIWW;CANADA;QAR;43857.715257056756
278;BCIWW;ROMANIA;NPR;323501.6427678014
279;BCIWW;SINGAPORE;BGN;7370.948858947431
280;BCIWW;KAZAKHSTAN;ISK;2672244.211489279
281;BCIWW;CAYMAN ISLANDS;BOB;58285.926856967184
282;BCIWW;TONGA;HNL;409280.26092199027
283;BCIWW;KAZAKHSTAN;SVC;114811.69669564336
284;BCIWW;THAILAND;NGN;208782.09748223523
285;BCIWW;MADAGASCAR;AED;40208.90178966846
286;BCIWW;CAMBODIA;TWD;8743.414331555707
287;BCIWW;ALBANIA;VES;339130.9692457281
288;AAFFM;CAPE VERDE;THB;228797.79040168138
289;AAFFM;HUNGARY;PKR;181682.2786345837
290;AAFFM;SOLOMON ISLANDS;NPR;408265.9787509725
291;AAFFM;UGANDA;MZN;273634.7187197036
292;AAFFM;CAMBODIA;BSD;1977.880191102878
293;AAFFM;ETHIOPIA;CAD;763.0427071390651
294;AAFFM;DOMINICA;BBD;2748.0777746176664
295;AAFFM;DOMINICAN REPUBLIC;TOP;6591.965733927279
296;AAFFM;SRI LANKA;CAD;8018.433207173829
297;AAFFM;MALAYSIA;LBP;11084406.054153904
298;AAFFM;VANUATU;TRY;4378.484725589772
299;AAFFM;SEYCHELLES;HKD;36754.1886618859
300;AAFFM;SURINAME;RUB;100585.3670960675
301;AAFFM;TUNISIA;SRD;78680.14621139113
302;AAFFM;PANAMA;MWK;1502037.463947787
303;AAFFM;BERMUDA;BWP;53058.97217906076
304;Dbb23;GUYANA;FJD;545.2366867315152
305;Dbb23;BOLIVIA;NZD;1502.0807174455276
306;Dbb23;FRENCH POLYNESIA;BBD;701.8516301653021
307;Dbb23;NEPAL;WST;1455.6349899828385
308;Dbb23;FIJI;INR;683.4700102995017
309;Dbb23;BANGLADESH;MOP;5731.310594718338
310;Dbb23;SURINAME;ZAR;16261.222414479023
311;Dbb23;INDIA;NGN;82037.61796351972
312;Dbb23;YEMEN;MMK;470053.68458023743
313;Dbb23;CROATIA;SAR;506.6928817182579
314;Dbb23;SUDAN;VES;13518.483877574641
315;Dbb23;POLAND;HTG;1170.4077434833723
316;Dbb23;NAMIBIA;HRK;608.2578868685468
317;Dbb23;SOLOMON ISLANDS;RUB;38178.84669029239
318;Dbb23;TRINIDAD AND TOBAGO;ETB;53825.493223413585
319;Dbb23;MADAGASCAR;LVL;334.5187881093293
320;Dbb23;PERU;JOD;612.8450915809653
321;Dbb23;VANUATU;BTN;40091.3506041537
322;DNNb1;UKRAINE;OMR;866.0623346319161
323;DNNb1;RWANDA;AOA;7328271.908258683
324;DNNb1;EL SALVADOR;BDT;947852.1712121936
325;DNNb1;BANGLADESH;GYD;1712103.095035466
326;DNNb1;JAMAICA;RUB;878825.6305752684
327;DNNb1;CAYMAN ISLANDS;TND;26468.797566329824
328;DNNb1;GHANA;RON;69697.50801424599
329;DNNb1;MADAGASCAR;OMR;541.4301035932252
330;DNNb1;SYRIAN ARAB REPUBLIC;AZN;23149.7420024728
331;DNNb1;PANAMA;MVR;47170.89592871439
332;DNNb1;JAPAN;PHP;135324.6107528711
333;DNNb1;DOMINICAN REPUBLIC;PES;2039301.0752120828
334;DNNb1;MOZAMBIQUE;GBP;4428.671095053257
335;DNNb1;HONDURAS;XAF;4941999.319536767
336;DNNb1;BELARUS;GYD;1900800.151282419
337;DNNb1;SWAZILAND;LYD;50668.807961947554
338;AEFFb;URUGUAY;HKD;20146.647452688638
339;AEFFb;SAUDI ARABIA;LKR;382133.43863291934
340;ILNNV;GUYANA;GNF;1330791.0995566836
341;ILNNV;ICELAND;SAR;2811.0278404831606
342;FYab1;VIET NAM;PAB;53.766627933195494
343;FYab1;PERU;MMK;95992.01646827147
344;FYab1;SAUDI ARABIA;KZT;46048.48316170918
345;FYab1;RUSSIAN FEDERATION;WST;111.9923073912024
346;FYab1;BRAZIL;ALL;11553.377060868861
347;FYab1;MYANMAR;BOB;441.29731409735615
348;FYab1;BELARUS;BIF;112624.00064614942
349;FYab1;DENMARK;IDR;1624687.3636970627
350;FYab1;NIGERIA;SVC;257.69902570951837
351;FYab1;ISRAEL;SVC;114.53290031534152
352;FYab1;SAMOA;HKD;956.1658568282552
353;FYab1;DOMINICA;JOD;52.61928859074337
354;FYab1;DOMINICA;CHF;48.30029040954431
355;FYab1;DJIBOUTI;SLL;2584460.3019285277
356;FYab1;ALGERIA;THB;5164.161101918664
357;FYab1;MALDIVES;INR;10055.232593963228
358;FYab1;SYRIAN ARAB REPUBLIC;HUF;31052.40723274654
359;FYab1;TRINIDAD AND TOBAGO;GMD;1306.2215189294911
360;HVYbc;LATVIA;BGN;31553.097954729015
361;HVYbc;SIERRA LEONE;SVC;112698.7579476354
362;HVYbc;INDONESIA;TRY;322653.6399503597
363;HVYbc;MALAYSIA;UGX;26368397.746572662
364;HVYbc;EGYPT;NPR;1568064.225190338
365;HVYbc;BRUNEI DARUSSALAM;ANG;14184.445651584356
366;HVYbc;PAKISTAN;CNY;35251.04835779871
367;HVYbc;CAMBODIA;LKR;4213914.7531168
368;HVYbc;ISRAEL;VES;342902.84038676857
369;HHKMc;FRENCH POLYNESIA;TTD;10024.716430030554
370;HHKMc;COLOMBIA;BHD;120.13468078584927
371;HHKMc;CANADA;IQD;15532753.461283062
372;HHKMc;ISRAEL;ZMW;122865.57100043453
373;HHKMc;BOTSWANA;PES;1262179.3350039162
374;HHKMc;SIERRA LEONE;HRK;105101.55442522066
375;HHKMc;KENYA;SCR;101187.19257763535
376;HHKMc;ARGENTINA;NIO;340420.4632670808
377;HHKMc;SWEDEN;LBP;8635806.41668856
378;HHKMc;CENTRAL AFRICAN REPUBLIC;GNF;117032956.097242
379;HHKMc;TUNISIA;DKK;28604.04340784621
380;HHKMc;MACAU;ALL;172489.26806101738
381;HHKMc;COSTA RICA;AUD;15581.713340853732
382;HHKMc;BELIZE;CZK;102182.08080864247
383;HHKMc;BERMUDA;NPR;262868.9505952295
384;HHKMc;SIERRA LEONE;MWK;6826807.544625297
385;HHKMc;JAPAN;NPR;1035354.6906921773
386;HHKMc;KOREA, REPUBLIC OF;LRD;898384.835410647
387;HHKMc;SWEDEN;COP;13284074.585366242
388;HHKMc;RUSSIAN FEDERATION;SAR;47809.277021686634
389;FIa13;NICARAGUA;OMR;1293.727843113163
390;FIa13;ALBANIA;DKK;43732.758401262836
391;FIa13;VIET NAM;ZAR;113870.82745058274
392;FIa13;EL SALVADOR;BDT;691680.5234491667
393;FIa13;COLOMBIA;SOS;3200419.912332499
394;FIa13;YEMEN;MZN;384157.4284116221
395;FIa13;MEXICO;THB;187551.02315283183
396;FIa13;SWEDEN;GMD;190077.0653912234
397;FIa13;VIET NAM;RUB;350252.4248067267
398;FIa13;ARGENTINA;NAD;103903.25583705322
399;FIa13;LATVIA;TZS;1938508.8083752682
400;FIa13;SERBIA;SCR;35209.41380289387
401;FIa13;LAO PEOPLE'S DEMOCRATIC REP;RWF;165843.35792120948
402;FIa13;ROMANIA;RSD;68578.69457792549
403;FIa13;HONDURAS;KWD;730.5138467932106
404;HJLN2;INDIA;SLL;4348329.536184703
405;HJLN2;OMAN;KWD;74.9929810666853
406;HJLN2;GUYANA;XAF;163003.37926978254
407;HJLN2;NORWAY;XCD;1414.077457706567
408;HJLN2;BHUTAN;NAD;3118.44682877977
409;HJLN2;CANADA;PES;2960.319891110641
410;HJLN2;BARBADOS;IQD;572132.4659221373
411;HJLN2;ALGERIA;XOF;303831.16198527097
412;HJLN2;AZERBAIJAN;VES;9295.320411082497
413;HJLN2;NICARAGUA;MOP;515.5378582121024
414;HJLN2;MACAU;TOP;232.88158395891764
415;HJLN2;BOLIVIA;TND;1597.2901744978121
416;HJLN2;BHUTAN;ANG;472.42107476828215
417;HJLN2;COLOMBIA;GMD;7098.319857377805
418;HJLN2;LATVIA;CRC;72319.76196802175
419;HJLN2;MALAWI;STD;4047951.5611557607
420;HJLN2;QATAR;TND;470.42156621799245
421;HJLN2;JAPAN;TOP;1358.0044862165764
422;FFMNX;TUNISIA;ZMW;38254.36625754238
423;FFMNX;SIERRA LEONE;NGN;178441.57384618206
424;FFMNX;CHILE;SOS;3235504.474150911
425;FFMNX;SINGAPORE;BND;4229.607861419473
426;FFMNX;YEMEN;XOF;2963546.2580985073
427;FFMNX;AUSTRALIA;MRO;282773.97015014925
428;FFMNX;CYPRUS;JPY;738113.2161530077
429;FFMNX;UGANDA;PHP;343583.1640691389
430;FFMNX;AUSTRALIA;BBD;12382.30021829815
431;FFMNX;RWANDA;MZN;269930.00177460804
432;FFMNX;ZAMBIA;PHP;43201.382244359476
433;FFMNX;RWANDA;UGX;12368515.658893142
434;FFMNX;LIBERIA;BSD;1680.229519678296
435;FFMNX;AZERBAIJAN;BYR;118739704.84682892
436;FFMNX;BELIZE;BGN;7654.257330270074
437;FFMNX;JAMAICA;ETB;214990.48267038722
438;FGGKb;FRENCH POLYNESIA;MVR;45993.834571459876
439;JVc22;TURKEY;AWG;16845.288369550995
440;JVc22;COSTA RICA;HNL;1062893.8914222186
441;JVc22;KENYA;SGD;45802.89795410918
442;JVc22;KUWAIT;STD;511867785.1966284
443;JVc22;CROATIA;TWD;475695.5260272438
444;JVc22;DENMARK;MWK;3020400.1705633304
445;JVc22;INDONESIA;NIO;2163389.4362000963
446;JVc22;VENEZUELA;COP;252649652.8864966
447;JVc22;NIGERIA;GHS;732157.105987693
448;JVc22;BRAZIL;BIF;91064143.01168364
449;JVc22;ICELAND;TND;114212.72764997373
450;JVc22;SOMALIA;TTD;34361.9384713369
451;JVc22;PANAMA;VND;1084697673.6548316
452;EELaa;SOLOMON ISLANDS;MRO;464291.977270512
453;EELaa;MYANMAR;BBD;1645.1188287203202
454;GGJXb;YEMEN;TTD;35994.86998998565
455;GGJXb;HONG KONG;ETB;66180.44441984757
456;GGJXb;DENMARK;ZMW;20185.86775541092
457;GGJXb;BELIZE;TZS;1507761.474414705
458;GGJXb;MALAWI;LVL;1759.7615110370643
459;GGJXb;SINGAPORE;AOA;3104253.4436112805
460;GGJXb;BRAZIL;GYD;146248.4312154515
461;GGJXb;ETHIOPIA;CAD;1093.442526215958
462;GGJXb;TUNISIA;DZD;868822.3723823505
463;GGJXb;LIBERIA;CRC;1479821.9187239662
464;DEGLN;VIET NAM;OMR;32.42081073054279
465;DEGLN;BOLIVIA;BDT;59542.203488673586
466;DEGLN;FRENCH POLYNESIA;VES;11539.292530217497
467;DEGLN;SIERRA LEONE;HNL;639.8719123758831
468;DEGLN;SIERRA LEONE;BND;524.4066868021855
469;DEGLN;TRINIDAD AND TOBAGO;EUR;510.63459632726256
470;DEGLN;HAITI;TOP;1440.6527852709012
471;DEGLN;RWANDA;MXN;6609.13105558238
472;DEGLN;RUSSIAN FEDERATION;EUR;133.31131002145068
473;DEGLN;PANAMA;NZD;905.931308554228
474;DEGLN;CYPRUS;MVR;6651.288936710314
475;DEGLN;NEW ZEALAND;MZN;40918.43757251366
476;DEGLN;PAKISTAN;GTQ;3466.9447367447933
477;DEGLN;IRAQ;KHR;2126797.126538116
478;DEGLN;ARGENTINA;MWK;283267.0382375296
479;DEGLN;CANADA;GTQ;4131.048723310105
480;DEGLN;BARBADOS;OMR;2.9729755294410785
481;DEGLN;ISRAEL;SZL;6900.859145025572
482;ANYa2;MEXICO;LVL;12.19041134344657
483;ANYa2;SURINAME;CYP;261.1721221912367
484;FKVX1;HUNGARY;PEN;5869.933941963747
485;FKVX1;PERU;NOK;25566.323410833294
486;FKVX1;CAMBODIA;KES;846707.1319936963
487;FKVX1;BERMUDA;SRD;92374.2429618638
488;HILMa;BULGARIA;ZAR;140770.1780940645
489;HILMa;ZAMBIA;RWF;4039825.0849179463
490;HILMa;PERU;PLN;1727.3492762560245
491;HILMa;LAO PEOPLE'S DEMOCRATIC REP;CZK;120331.32692442027
492;HILMa;IRAQ;BZD;113.48808299504897
493;HILMa;TAIWAN, PROVINCE OF CHINA;JPY;693056.7027117555
494;HILMa;MALAYSIA;AOA;3368711.2751885997
495;HILMa;DOMINICA;MGA;31687513.665050317
496;HILMa;PANAMA;ZMW;105378.11064176264
497;HILMa;SURINAME;NAD;131032.88503773008
498;HILMa;EL SALVADOR;PEN;17125.187248470287
499;HILMa;VANUATU;CVE;740247.707858799
500;HILMa;LIBYAN ARAB JAMAHIRIYA;JMD;941070.4992243188
501;HILMa;ICELAND;MXN;96886.47628072374
502;HILMa;ROMANIA;XPF;114672.73259365425
503;HHIMY;MOZAMBIQUE;MAD;7343.158553624663
504;HHIMY;SINGAPORE;LYD;34580.890204514355
505;HHIMY;SEYCHELLES;BGN;14126.027099117548
506;HHIMY;URUGUAY;IDR;152897441.20945334
507;HHIMY;SWEDEN;YER;512784.9514739928
508;HHIMY;TANZANIA, UNITED REPUBLIC OF;SVC;78284.14555496624
509;HHIMY;IRAN (ISLAMIC REPUBLIC OF);CYP;299.18398287347014
510;HHIMY;TAIWAN, PROVINCE OF CHINA;LVL;10095.407756974197
511;HHIMY;SAUDI ARABIA;BBD;3072.7557342851405
512;HHIMY;UKRAINE;JMD;775352.8978670395
513;HHIMY;CZECH REPUBLIC;ZWL;4849891.520195335
514;HHIMY;SYRIAN ARAB REPUBLIC;TRY;106261.023361266
515;HHIMY;AZERBAIJAN;BWP;193465.571646494
516;HHIMY;MEXICO;JMD;779856.3996939537
517;HHIMY;UNITED KINGDOM;JOD;10441.506873045366
518;HHIMY;NETHERLANDS ANTILLES;VUV;937858.3818277912
519;HHIMY;IRAQ;TWD;499372.9341183886
520;HHIMY;SAMOA;ZMW;265858.1634724397
521;HHIMY;LEBANON;ISK;794293.1306272013
522;HHIMY;CROATIA;AZN;11598.055676592765
523;ABFXa;MALDIVES;JMD;623298.1372796915
524;CEGMZ;PAKISTAN;ILS;16396.76654533072
525;CEGMZ;SOLOMON ISLANDS;ALL;674203.3578797118
526;MVb33;PARAGUAY;KZT;2713547.310577127
527;MVb33;CENTRAL AFRICAN REPUBLIC;KRW;5822054.378986546
528;MVb33;SIERRA LEONE;PES;898606.9858296947
529;MVb33;VIET NAM;AWG;9375.541176839588
530;MVb33;PARAGUAY;CYP;3221.229648393112
531;MVb33;FRENCH POLYNESIA;CZK;166550.7340932827
532;MVb33;ANGOLA;XCD;19009.03559497316
533;MVb33;YEMEN;ETB;273146.7276530873
534;MVb33;NAMIBIA;VND;165651988.63207117
535;MVb33;MYANMAR;LRD;190063.13327048044
536;MVb33;PAPUA NEW GUINEA;BYR;106121961.57169122
537;MVb33;PHILIPPINES;UAH;250643.5891168305
538;MVb33;CANADA;BRL;3255.123014963418
539;BFGGM;SOMALIA;ALL;553945.9870574095
540;FFFJM;ICELAND;KYD;4201.38307082475
541;FFFJM;ARGENTINA;UGX;31667488.673577502
542;FFFJM;IRAQ;FJD;19438.978383039892
543;FFFJM;EURO;MWK;5071609.838047146
544;FFFJM;CAYMAN ISLANDS;NPR;543848.8930810097
545;FFFJM;IRAN (ISLAMIC REPUBLIC OF);VUV;466348.1052052782
546;FFFJM;CANADA;AOA;2324373.8795457906
547;FFFJM;SAO TOME AND PRINCIPE;ISK;1685598.8047151235
548;FFFJM;GUYANA;FJD;13627.775237600283
549;FFFJM;PERU;HTG;1297819.1551343335
550;FFFJM;NETHERLANDS ANTILLES;MVR;23418.322370568814
551;FFFJM;ETHIOPIA;NZD;24087.94475343825
552;ALLc3;CHILE;RSD;379566.40777672397
553;ALLc3;AZERBAIJAN;CAD;4439.268725038039
554;ALLc3;CROATIA;SVC;29314.350681485448
555;ALLc3;SERBIA;MYR;5812.188087740725
556;ALLc3;NORWAY;HUF;927571.0811105084
557;ALLc3;TONGA;HKD;22631.277700237508
558;ALLc3;MOROCCO;BIF;6524852.049738901
559;ALLc3;BULGARIA;EGP;88520.53260680473
560;ALLc3;BARBADOS;MZN;38389.56246453154
561;ALLc3;MALDIVES;MYR;11665.6112936715
562;ALLc3;IRAQ;PKR;319915.6600597966
563;ALLc3;CAMBODIA;GMD;180591.400275464
564;ALLc3;ICELAND;AUD;2495.1754220403036
565;ALLc3;BULGARIA;NGN;1530533.2908417687
566;ALLc3;JAPAN;BIF;2308278.7429538104
567;ALLc3;SURINAME;HNL;72792.9390492088
568;ALLc3;ALBANIA;SBD;35326.169640902976
569;WZbc1;LATVIA;SZL;12878.63290926635
570;WZbc1;BARBADOS;LYD;13322.229266949249
571;WZbc1;CAYMAN ISLANDS;AED;7685.526975023775
572;WZbc1;IRAQ;LYD;454.13393166577157
573;WZbc1;DJIBOUTI;SOS;152745.10093286677
574;WZbc1;SWEDEN;NIO;4223.010655449917
575;WZbc1;EL SALVADOR;GYD;556139.4879323001
576;WZbc1;POLAND;CHF;2088.0244048527984
577;WZbc1;PAKISTAN;KES;262652.14059045527
578;WZbc1;ROMANIA;NGN;128282.6387395091
579;WZbc1;MALAYSIA;UAH;1069.521285777957
580;WZbc1;SWAZILAND;YER;512945.8840667479
581;WZbc1;SOMALIA;PHP;133372.50946407916
582;WZbc1;SERBIA;TOP;3842.69580376318
583;WZbc1;NIGERIA;MGA;12136078.462473108
584;WZbc1;TAIWAN, PROVINCE OF CHINA;LAK;30510774.074964542
585;WZbc1;PERU;KZT;848806.9936841424
586;WZbc1;BAHAMAS;IRR;28110394.365230113
587;WZbc1;JAMAICA;XPF;67919.13663232377
588;DY113;SWAZILAND;VND;46640730.58419703
589;DY113;NIGERIA;OMR;1344.8221619301237
590;DY113;BERMUDA;GHS;60971.48540104884
591;DY113;CYPRUS;SYP;2994768.0720259314
592;Lcc23;SRI LANKA;ZMW;48218.15530295387
593;Lcc23;SUDAN;ZAR;66441.18664185161
594;Lcc23;ROMANIA;MGA;19852550.06345699
595;Lcc23;CHINA;NZD;11132.920021405524
596;Lcc23;ZIMBABWE;YER;999826.5946984026
597;JXXb2;NEW ZEALAND;PAB;1602.5934596661912
598;JXXb2;POLAND;HNL;20511.57708208619
599;JXXb2;PANAMA;DZD;58495.24485816082
600;JXXb2;INDONESIA;LKR;185181.95540689028
601;JXXb2;IRAQ;EUR;613.3318141044128
602;JXXb2;BANGLADESH;LYD;6560.305109914851
603;JXXb2;SRI LANKA;KES;129571.49566397362
604;JXXb2;SWITZERLAND;CAD;1695.8051512422248
605;JXXb2;SAO TOME AND PRINCIPE;HUF;353478.01217773807
606;JXXb2;YEMEN;PHP;23823.410383768267
607;JXXb2;TANZANIA, UNITED REPUBLIC OF;TWD;40868.566399142495
608;JXXb2;ROMANIA;NIO;49387.78489162956
609;AFIbb;CENTRAL AFRICAN REPUBLIC;ZAR;426.1524377501377
610;AFIbb;JAPAN;CVE;472694.52507617243
611;AFIbb;BELARUS;LVL;859.9170431008454
612;AFIbb;ICELAND;KZT;1283758.6556336288
613;AFIbb;YEMEN;SZL;27387.396666075518
614;AFIbb;NETHERLANDS ANTILLES;ZAR;73838.01238084053
615;AFIbb;SEYCHELLES;GNF;43625800.59235918
616;AFIbb;UGANDA;PGK;11661.80221150434
617;AFIbb;VANUATU;AUD;8233.755014227892
618;AFIbb;CAPE VERDE;KRW;3458641.4194335807
619;AFIbb;IRAQ;LKR;1644505.1338639045
620;AFIbb;TUNISIA;GBP;2210.998310336512
621;AFIbb;FRENCH POLYNESIA;CZK;35184.55870671532
622;BIab2;MALAWI;PHP;158095.28079169078
623;BIab2;COLOMBIA;BSD;2634.1289182126975
624;BIab2;JAPAN;ZWL;434020.67747832066
625;BIab2;SWAZILAND;ARS;856437.7852933534
626;BIab2;BARBADOS;CVE;866915.0077932647
627;BIab2;IRAN (ISLAMIC REPUBLIC OF);TND;9929.65638214466
628;BIab2;ALBANIA;XPF;417102.1819092435
629;BIab2;THAILAND;LVL;7633.576523591485
630;BIab2;TAIWAN, PROVINCE OF CHINA;PEN;3616.8707820084014
631;BIab2;UGANDA;ANG;10433.256351898328
632;BIab2;MOROCCO;BBD;4218.889405592695
633;BIab2;VANUATU;MXN;70463.37351843364
634;BIab2;PAKISTAN;SLL;184232031.0357315
635;BIab2;COSTA RICA;ISK;626609.2125527936
636;BIab2;BELIZE;FJD;1741.439606571419
637;KKVXb;JAPAN;LBP;17397753.699281853
638;KKVXb;INDONESIA;BMD;6002.757243485284
639;KKVXb;QATAR;HUF;287095.88861610927
640;KKVXb;GAMBIA;KZT;1522060.962149604
641;KKVXb;NIGERIA;SRD;241183.6412122542
642;KKVXb;PANAMA;CRC;8797157.361874364
643;KKVXb;GUATEMALA;BDT;492225.2361311974
644;KKVXb;NEW ZEALAND;AUD;4561.881390552957
645;KKVXb;GUINEA;MMK;8263656.865139037
646;DDJMM;ICELAND;TRY;1489.4104012244773
647;DDJMM;CAPE VERDE;KYD;1537.1565579676653
648;DDJMM;ZAMBIA;HKD;8064.582195746231
649;DDJMM;EGYPT;BWP;19978.92173289985
650;DDJMM;INDONESIA;GBP;1180.9239531164533
651;DDJMM;NEPAL;HRK;1060.3594077972107
652;DDJMM;BARBADOS;AUD;843.0794237234788
653;DDJMM;MYANMAR;IRR;32662527.268801995
654;DDJMM;BHUTAN;VES;326.49685647390226
655;DDJMM;URUGUAY;AZN;1609.768775892536
656;ABDa2;EL SALVADOR;LAK;22415195.381626982
657;ABDa2;AZERBAIJAN;LKR;770542.0635386319
658;ABDa2;TUNISIA;SDG;926207.9442820175
659;ABDa2;GUINEA;BWP;12403.521408290406
660;ABDa2;INDIA;TTD;4703.336270605377
661;ABDa2;JORDAN;RSD;329963.0705468493
662;ABDa2;HONDURAS;BTN;755615.2653244981
663;ABDa2;ALGERIA;XOF;-31825.981171389038
664;ABDa2;KUWAIT;MOP;49950.841085431995
