Client;Country;Currency;Transaction
ALNW2;JAPAN;BOB;52045.319127052404
ALNW2;UGANDA;BTN;435287.5348545747
ALNW2;MAURITIUS;PHP;1071373.526134306
ALNW2;CHILE;GNF;125376493.82339478
ALNW2;MACAU;SVC;149193.15884604526
ALNW2;LIBERIA;PES;2397763.7154155616
ALNW2;LEBANON;BDT;224306.42158483842
ALNW2;SOLOMON ISLANDS;SGD;358.38387055703555
ALNW2;UGANDA;AWG;23754.284444920773
ALNW2;BAHRAIN;XOF;12653896.021439558
ALNW2;NICARAGUA;BYR;245468700.50295293
ALNW2;MOZAMBIQUE;BMD;16443.41788799388
ALNW2;NICARAGUA;PGK;24919.526105412257
ALNW2;MAURITIUS;SGD;20950.176495120966
ALNW2;SINGAPORE;CRC;3667719.018146646
ALNW2;KOREA, REPUBLIC OF;QAR;22420.06110272217
EGGVa;ALBANIA;BRL;20405.867577537792
EGGVa;SOLOMON ISLANDS;NZD;6553.9523516615
EGGVa;SAO TOME AND PRINCIPE;SZL;99867.20294514332
EGGVa;NEPAL;BSD;7343.331261173544
EGGVa;ZAMBIA;PAB;8054.210559351028
EGGVa;EGYPT;BMD;7756.3677001146225
EGGVa;ISRAEL;AOA;3557198.5588043896
EGGVa;PERU;GMD;13428.427263940624
EGGVa;GAMBIA;IRR;306190864.3976999
EGGVa;ROMANIA;NPR;1337627.2499095092
EGGVa;JORDAN;NGN;2218481.6764050326
EGGVa;NORWAY;SOS;2160480.265138618
EGGVa;BELARUS;CNY;4513.654972073326
AXaa3;RUSSIAN FEDERATION;CAD;2673.804174042832
AXaa3;ROMANIA;SVC;65312.07237114417
AXaa3;GUINEA;RON;31078.63555348198
AXaa3;YEMEN;NZD;6835.754924388334
AXaa3;ICELAND;QAR;37708.56057456072
EENYY;VIET NAM;ISK;605661.6224025378
EENYY;MALAYSIA;LKR;490655.91052040923
EENYY;BAHRAIN;BMD;4808.297979585995
EENYY;MALAWI;QAR;9799.171029952717
EENYY;BAHRAIN;MGA;11857337.068875993
EENYY;UGANDA;SOS;1814264.5114827598
EENYY;SOLOMON ISLANDS;MYR;13146.811164756065
EENYY;ALGERIA;CAD;4429.556317352453
EENYY;HAITI;AED;14876.400174015593
EENYY;TANZANIA, UNITED REPUBLIC OF;SCR;42768.22345199703
EENYY;LIBERIA;EUR;1989.4858421910926
EENYY;NETHERLANDS ANTILLES;MRO;1243660.2308489848
EENYY;BERMUDA;SZL;72256.76542060442
ACCFa;NEPAL;EGP;155322.11654634343
ACCFa;TONGA;KWD;825.7533478033315
ACCFa;TONGA;BIF;15756391.648520416
ACCFa;DOMINICA;BGN;3558.9353356509755
ACCFa;LEBANON;SAR;12775.000551050522
ACCFa;NETHERLANDS ANTILLES;ANG;11132.470234700559
ACCFa;ARUBA;AED;21492.381806165045
ACCFa;PAKISTAN;FJD;283.6858517870056
ACCFa;KAZAKHSTAN;BGN;10134.072168923281
ACCFa;GUINEA;TTD;46612.346771403005
ACCFa;RUSSIAN FEDERATION;KWD;1732.9777539932027
ACCFa;COLOMBIA;UGX;27707574.24847288
ACCFa;YEMEN;UGX;26333521.781976968
ACCFa;NORWAY;MVR;54307.86708644701
ACCFa;CHINA;SZL;132355.2733481203
ACCFa;HUNGARY;BOB;31639.454665502748
ACCFa;ALGERIA;GNF;28997917.267394453
ACCFa;ROMANIA;VES;85576.0780113799
ACEEG;BOLIVIA;AOA;1491241.045115561
ACEEG;GHANA;MOP;13786.75619140714
ACEEG;BULGARIA;BTN;44248.061831426494
ACEEG;MAURITIUS;VND;42660301.06527504
ACEEG;BAHRAIN;XPF;256620.3617809451
ACEEG;SWITZERLAND;EUR;1439.7347312249733
ACEEG;LIBYAN ARAB JAMAHIRIYA;VUV;114201.15029331725
ACEEG;EURO;ISK;304266.50663357787
ACEEG;JAMAICA;RUB;49733.90390039675
ACEEG;OMAN;KZT;611552.5037022051
ACEEG;AUSTRALIA;VUV;339890.3257088695
ACEEG;NETHERLANDS ANTILLES;DKK;7106.769146392928
ACEEG;BARBADOS;PEN;412.80148642618457
ABVX3;TOGO;RON;27225.76983034043
ABVX3;ETHIOPIA;BHD;757.5122364901015
ABVX3;CAMBODIA;KES;232741.10675391357
ABVX3;HUNGARY;GMD;713767.09442585
ABVX3;ICELAND;PKR;3553979.1881314707
ABVX3;LATVIA;EGP;188277.459429183
ABVX3;BANGLADESH;PEN;56829.2803744689
ABVX3;JORDAN;BYR;379808659.58263195
ABVX3;ARUBA;UYU;377784.20084168285
ABVX3;SAMOA;MWK;8080895.347010484
ABVX3;BRAZIL;JPY;489736.7010240005
ABVX3;NEW ZEALAND;OMR;4175.315443532186
ABVX3;COSTA RICA;SGD;3023.2573163175243
ABVX3;NEPAL;NAD;157613.2883582862
LVYc2;PERU;DOP;843836.7621741458
LVYc2;PERU;BSD;4154.244400126047
LVYc2;PAKISTAN;ETB;283360.7294715919
LVYc2;MOROCCO;TOP;42021.171478462136
LVYc2;COLOMBIA;IDR;70223879.19123518
LVYc2;CHILE;RWF;7630340.123291327
LVYc2;TURKEY;GHS;168667.91669280364
LVYc2;CZECH REPUBLIC;XAF;6947980.174496016
LVYc2;URUGUAY;EUR;1711.6694185622498
LVYc2;PHILIPPINES;EGP;18643.530609986177
LVYc2;GUATEMALA;CNY;6531.726670763328
LVYc2;HAITI;BOB;21531.330444778585
LVYc2;GUYANA;PLN;7085.738659260816
LVYc2;PERU;MYR;38008.10310073503
LVYc2;ARGENTINA;BZD;27084.66920844616
LVYc2;CZECH REPUBLIC;VND;155387118.54452917
LVYc2;BELIZE;BGN;21656.091832909537
LVYc2;GHANA;AED;64566.81938529117
LVYc2;SYRIAN ARAB REPUBLIC;KRW;16441679.149836686
ABHKV;BERMUDA;PES;1635944.8303730043
ABHKV;SWAZILAND;SEK;267659.6523237438
ABHKV;BANGLADESH;KES;-40089.96436499388
ABHKV;TONGA;SYP;12578037.508893758
ABHKV;MALDIVES;NIO;877449.3918745404
ABHKV;LEBANON;WST;11023.851759771089
ABHKV;BELARUS;KYD;15423.153006903143
ABHKV;PAKISTAN;NIO;253176.05919397093
ABHKV;BAHRAIN;HKD;209369.85943686662
ABHKV;GUYANA;SOS;8689558.323046062
ABHKV;BRUNEI DARUSSALAM;VND;330457233.7618971
ABHKV;MAURITIUS;KRW;45915664.50292707
ABHKV;SAUDI ARABIA;NGN;11806663.716552759
ABHKV;NETHERLANDS ANTILLES;NIO;1016249.7521276666
ABHKV;VANUATU;CVE;2347219.3065378857
ABHKV;KAZAKHSTAN;SGD;12182.389223386997
JVVWc;GUYANA;TRY;12360.545810894433
JVVWc;SRI LANKA;GMD;123530.83724345645
JVVWc;HUNGARY;BSD;3164.464526445344
JVVWc;BRUNEI DARUSSALAM;ARS;477274.39505988586
JVVWc;KUWAIT;GYD;331819.231869339
JVVWc;JAMAICA;KRW;1860570.431568921
JVVWc;NEPAL;FJD;6113.6466001430435
JVVWc;ICELAND;WST;1791.8073612537598
JVVWc;SOLOMON ISLANDS;SZL;45427.91267329009
JVVWc;TRINIDAD AND TOBAGO;COP;4927206.60867627
JVVWc;SOMALIA;CYP;1044.8515522830915
JVVWc;BERMUDA;SZL;36639.48456172545
JVVWc;NICARAGUA;JOD;2029.1912857633881
JVVWc;CANADA;JOD;1903.3499657160462
JVVWc;CYPRUS;HRK;8953.896670442278
JVVWc;SOUTH AFRICA;WST;1341.8100787471078
JVVWc;TRINIDAD AND TOBAGO;NGN;856774.0170210133
JVVWc;HAITI;KWD;856.6879395840571
JVVWc;COSTA RICA;BRL;9926.550715373556
JVVWc;NICARAGUA;THB;51241.46772064946
CDEK1;DJIBOUTI;NOK;283748.56831288274
CDEK1;DOMINICA;SDG;1032981.7462377963
CDEK1;NIGERIA;NZD;56895.43353428117
CDEK1;KENYA;SDG;13921776.71634121
CDEK1;FRENCH POLYNESIA;DJF;6749101.176856837
CDEK1;KUWAIT;SCR;552502.6212948883
CDEK1;SAUDI ARABIA;AWG;18830.132954239976
CDEK1;DOMINICA;GBP;2227.8670667717124
CDEK1;PERU;AOA;12716018.279885003
CDEK1;CAPE VERDE;RUB;77222.7868863963
CDEK1;PAPUA NEW GUINEA;BBD;16829.765888519392
CDEK1;BOLIVIA;TTD;26284.748218629607
CDEK1;ALBANIA;CAD;39011.58989743596
DINY1;KAZAKHSTAN;SZL;308071.0418981503
DINY1;SRI LANKA;NAD;63969.77406730708
DINY1;BARBADOS;HKD;182749.8278119715
DINY1;MOROCCO;SEK;359297.90511768044
DINY1;CHILE;TZS;78590285.7624894
DINY1;NEPAL;NZD;62745.71170095533
DINY1;PAPUA NEW GUINEA;PKR;9933550.488373175
DINY1;RWANDA;STD;395859347.9359379
DINY1;SAUDI ARABIA;MWK;26713270.042360436
DINY1;ZIMBABWE;BOB;236167.92826074784
DINY1;RUSSIAN FEDERATION;XAF;24236587.615715705
DINY1;DENMARK;BZD;50709.99100498289
DINY1;SWAZILAND;EUR;1493.2116784029677
DINY1;EURO;MWK;3271942.662984441
DINY1;SOUTH AFRICA;INR;354717.6624148751
EHL22;PAPUA NEW GUINEA;DOP;125241.58418554929
EHL22;AUSTRALIA;SDG;1567227.6610345484
EHL22;POLAND;TZS;1739072.624841483
EHL22;QATAR;SAR;4996.037318279828
EHL22;IRAN (ISLAMIC REPUBLIC OF);GMD;167863.07326511733
EHL22;NORWAY;CAD;1016.0732421836603
EHL22;UKRAINE;SRD;28221.93580201772
EHL22;BAHAMAS;MAD;26269.41378164088
EHL22;KUWAIT;BOB;2861.7108900665594
EHL22;EL SALVADOR;HKD;17515.27666812668
EHL22;SINGAPORE;ZWL;1509205.7440304642
EHL22;CAMBODIA;GBP;1088.6218220695569
EHL22;RUSSIAN FEDERATION;FJD;1999.310785474491
EHL22;MEXICO;CRC;1669111.110287169
EHL22;SIERRA LEONE;EGP;9775.396363694512
EHL22;PAKISTAN;BZD;4695.047799028614
EHL22;SYRIAN ARAB REPUBLIC;XAF;1224656.892771568
EHL22;GUINEA;SZL;29279.927391665726
EHL22;SWAZILAND;ANG;3111.125594503258
GLLNX;NETHERLANDS ANTILLES;GMD;689405.7267990882
GLLNX;PARAGUAY;XPF;577070.5853930253
GLLNX;URUGUAY;CLP;4800653.56088918
GLLNX;TUNISIA;CVE;998159.4317471214
GLLNX;GAMBIA;XCD;13624.864310001687
GLLNX;MYANMAR;MOP;94618.40797832349
GLLNX;UGANDA;GTQ;14503.673254796544
GLLNX;SINGAPORE;BWP;56091.89031071552
GLLNX;HONDURAS;EGP;8367.503418313394
GLLNX;DJIBOUTI;NAD;63064.051286860566
GLLNX;SYRIAN ARAB REPUBLIC;PGK;21990.330141910694
GLLNX;UKRAINE;MVR;83224.08438695698
GLLNX;UGANDA;DKK;63875.79311294539
GLLNX;COSTA RICA;AWG;6941.644284012373
GLLNX;SINGAPORE;KZT;450340.358418862
GLLNX;BHUTAN;OMR;618.988320266445
GLLNX;PERU;LRD;1341007.1694881008
GLLNX;GUATEMALA;PGK;8783.69643180184
GLLNX;PERU;NPR;1428952.2333119514
GLLNX;SAUDI ARABIA;SZL;-1429.0979572937001
AFFFW;CAPE VERDE;KRW;6656106.147863076
AFFFW;DOMINICAN REPUBLIC;NOK;27099.66597064536
AFFFW;CHILE;MGA;10068958.314372849
AFFFW;TONGA;BHD;2349.039536545811
AFFFW;RUSSIAN FEDERATION;HKD;9491.85031022963
AFFFW;GUINEA;BZD;4676.9380919884015
AFFFW;TOGO;NZD;9808.852242392868
AFFFW;TURKEY;COP;14285724.480329733
IMNN2;UNITED ARAB EMIRATES;TTD;545.3861448388102
IMNN2;ANGOLA;PYG;1141313.6838471016
IMNN2;SWITZERLAND;BTN;15972.509710736951
IMNN2;PARAGUAY;IDR;803988.0948287017
IMNN2;ALGERIA;PEN;734.2292637927945
IMNN2;TANZANIA, UNITED REPUBLIC OF;DOP;4440.05028069064
IMNN2;TANZANIA, UNITED REPUBLIC OF;ZMW;977.2274718016313
IMNN2;NORWAY;IRR;3727034.374602151
IMNN2;BOLIVIA;SBD;953.525924321794
IMNN2;SWAZILAND;VND;2412591.620304759
IMNN2;ARUBA;BRL;586.3181083819408
IMNN2;SINGAPORE;BBD;192.71119777575473
IMNN2;QATAR;MOP;1602.2894807296593
BDLb1;CZECH REPUBLIC;ILS;24289.01891344962
BDLb1;CZECH REPUBLIC;HNL;139300.3208086212
BDLb1;RUSSIAN FEDERATION;TRY;64988.64200835846
IKMMa;VANUATU;ETB;148771.51182823395
IKMMa;SERBIA;ZMW;80318.05570150103
IKMMa;BELARUS;STD;22239612.380044896
IKMMa;PAPUA NEW GUINEA;BBD;4004.7896265251084
IKMMa;EURO;NAD;6482.496803862881
IKMMa;BANGLADESH;BGN;1873.6689455479836
IKMMa;TAIWAN, PROVINCE OF CHINA;QAR;3058.920291249777
IKMMa;LIBYAN ARAB JAMAHIRIYA;JOD;1738.6935836338332
IKMMa;CANADA;GBP;2939.5260835392573
IKMMa;SYRIAN ARAB REPUBLIC;NGN;1513172.6844124405
IKMMa;NAMIBIA;BSD;900.0769952303275
IKMMa;BULGARIA;CVE;188945.1011253167
IKMMa;CHINA;AED;8612.191617617187
IKMMa;AUSTRALIA;MYR;22114.53144399113
IKMMa;SINGAPORE;BSD;3570.287858786653
IKMMa;HAITI;MVR;54837.623552968726
IKMMa;KUWAIT;RON;5559.062530701406
IKMMa;FIJI;LVL;1834.493830925847
GKMMb;CYPRUS;NPR;2825393.337555957
GKMMb;GUATEMALA;RWF;20119363.368106898
GKMMb;BRUNEI DARUSSALAM;XAF;10652062.765389742
GKMMb;ALGERIA;JPY;2560327.3644592944
GKMMb;MAURITANIA;NPR;732619.4053092265
GKMMb;ISRAEL;AUD;13820.041453970141
GKMMb;YEMEN;NGN;2409574.3007725016
GKMMb;COLOMBIA;SYP;7485736.351440718
GKMMb;CHILE;BMD;85.08607611586096
GKMMb;NIGERIA;THB;160089.28629051443
BMVab;INDONESIA;KRW;10060828.68649576
BMVab;LATVIA;VES;45551.72217138029
BMVab;HAITI;PAB;4383.32812139638
BMVab;UNITED ARAB EMIRATES;LBP;13861087.27085746
BMVab;PARAGUAY;SBD;63396.009866528126
BMVab;JAPAN;ZWL;2995405.640478493
BMVab;THAILAND;VUV;976782.7699824274
CEGNb;MADAGASCAR;BWP;65619.22482311277
CEGNb;BRUNEI DARUSSALAM;GMD;94432.94254032073
CEGNb;ARUBA;NZD;1962.8902066144728
CEGNb;PAPUA NEW GUINEA;LAK;94858181.26380162
CEGNb;BAHAMAS;HTG;766820.5326684813
GHHM2;INDIA;BIF;5891922.412841486
GHHM2;LATVIA;MWK;67025485.334290504
GHHM2;TURKEY;SZL;798974.8683940144
GHHM2;MALDIVES;RUB;2683892.3638795246
GHHM2;PHILIPPINES;DZD;9863999.606056519
GHHM2;COSTA RICA;CRC;31745152.32715575
GHHM2;LATVIA;BWP;759623.5915120748
GHHM2;ALBANIA;DKK;64751.7545942348
GHHM2;ISRAEL;VUV;7158113.010618112
GHHM2;HUNGARY;LBP;2195374.359557575
GHHM2;COLOMBIA;PES;4061808.134302466
GHHM2;QATAR;FJD;159007.38120848956
GHHM2;PARAGUAY;IQD;91053406.04144906
GHHM2;EL SALVADOR;PYG;198339282.2158734
CIMVb;SAO TOME AND PRINCIPE;MYR;55227.38746525528
CIMVb;KENYA;SRD;448791.55762074736
CIMVb;BULGARIA;MWK;2743699.7150725606
CIMVb;PAPUA NEW GUINEA;CAD;1825.3782089121396
CIMVb;IRAN (ISLAMIC REPUBLIC OF);ARS;1135902.6249103646
CIMVb;JAMAICA;NIO;30397.531239211334
CIMVb;INDONESIA;WST;20095.540740533375
CIMVb;PAPUA NEW GUINEA;XAF;720452.2391204659
CIMVb;KOREA, REPUBLIC OF;NOK;105561.25255200452
CIMVb;BRUNEI DARUSSALAM;TWD;304644.54546391114
CIMVb;EURO;BHD;270.73858674969
CIMVb;SOUTH AFRICA;MUR;592354.9820759764
AGKN3;HONDURAS;ANG;39885.04080086405
IJc22;SAMOA;PGK;100738.8736358113
IJc22;SWEDEN;MUR;899884.4503959814
IJc22;ROMANIA;SBD;774327.7543050547
IJc22;BARBADOS;ILS;90288.20701344927
IJc22;BAHAMAS;CNY;163147.2017742042
IJc22;BRUNEI DARUSSALAM;BTN;5960394.692450829
IJc22;ISRAEL;AED;184717.9809600892
IJc22;BELARUS;RON;42774.79793242845
IJc22;JAMAICA;VND;145055336.76429775
IJc22;SRI LANKA;IDR;375184673.15131205
IJc22;JAPAN;HTG;12334259.039087255
GLLWY;PERU;VND;30295061.43060948
GLLWY;PANAMA;HUF;513035.7734706982
GLLWY;ROMANIA;CAD;1264.7167298994805
GLLWY;LIBYAN ARAB JAMAHIRIYA;BOB;5767.393483227418
GLLWY;KUWAIT;THB;2807.251178242091
GLLWY;SURINAME;ZWL;27972.352855832152
GLLWY;MALAWI;DZD;106505.09162400004
GLLWY;TUNISIA;CVE;85301.28974472485
GLLWY;ETHIOPIA;BOB;7919.3176590827925
GXbc1;NEPAL;BWP;41079.66369707511
GXbc1;UKRAINE;HUF;207418.67164833788
GXbc1;MAURITIUS;SOS;1787790.8613658077
GXbc1;TRINIDAD AND TOBAGO;BYR;44621044.18677307
GXbc1;BURUNDI;JMD;297738.79613784625
GXbc1;RUSSIAN FEDERATION;IDR;18466038.489009045
GXbc1;SYRIAN ARAB REPUBLIC;ALL;235098.72134208513
GXbc1;SEYCHELLES;CHF;948.790145116532
GXbc1;ALBANIA;PGK;1819.542330111798
GXbc1;SYRIAN ARAB REPUBLIC;PKR;323491.9484404315
GXbc1;YEMEN;CRC;244970.20176254338
GXbc1;SERBIA;AUD;742.8315423808536
GXbc1;CANADA;IQD;3899642.0860411813
GXbc1;BOLIVIA;SEK;3505.769530887366
GXbc1;FIJI;UYU;60363.573675843945
GKLWb;UNITED KINGDOM;PHP;142841.69872885378
GKLWb;SWAZILAND;RSD;214489.97855006938
BFGHa;KAZAKHSTAN;SEK;7973.649731925185
BFGHa;PANAMA;AZN;3199.862951903255
BFGHa;MAURITANIA;GYD;232678.59847215735
BFGHa;MACAU;HUF;713068.9261103243
BFGHa;INDIA;SRD;1764.702199372282
ILZ33;MOROCCO;ILS;326.343747703877
ILZ33;BRUNEI DARUSSALAM;BMD;220.8974659566091
ILZ33;DENMARK;PGK;777.1677833334625
ILZ33;COSTA RICA;XOF;126844.76076092955
DKVXc;NORWAY;VUV;185358.37507461297
DKVXc;BURUNDI;BSD;163.3860044790893
DKVXc;CYPRUS;CHF;2840.051603288781
DKVXc;GUYANA;MYR;16368.818663497566
DKVXc;PANAMA;BGN;4634.928896342005
DKVXc;CAPE VERDE;BDT;178394.80969804255
DKVXc;BRAZIL;BIF;3370991.4799361513
DKVXc;ARUBA;THB;118825.77275966042
DKVXc;SOUTH AFRICA;BGN;1852.7886128940922
DKVXc;IRAQ;CLP;3286038.189283291
DKVXc;ALGERIA;KZT;661854.6729265584
DKVXc;PERU;TWD;111457.40368291302
DKVXc;CAYMAN ISLANDS;CZK;42288.4857496619
DKVXc;OMAN;INR;119372.30728862427
DKVXc;VENEZUELA;XPF;237858.92611155577
BCGG3;ETHIOPIA;PGK;3254.0431836390517
BCGG3;RUSSIAN FEDERATION;IQD;7742041.601052453
BCGG3;BHUTAN;PGK;10653.501116072406
BCGG3;UGANDA;TND;13539.398300124256
BCGG3;SINGAPORE;XPF;588599.7437611636
BCGG3;SYRIAN ARAB REPUBLIC;LYD;14597.237695558651
BCGG3;BRAZIL;MZN;171458.55271522375
BCGG3;KUWAIT;NZD;5994.116308533336
BCGG3;UGANDA;BSD;4447.237026945793
BCGG3;LIBYAN ARAB JAMAHIRIYA;KZT;2043002.2898765523
BCGG3;ROMANIA;BMD;4666.913938265838
BCGG3;ANGOLA;BOB;24238.624802368522
BCGG3;PARAGUAY;BIF;3002654.485485277
BCGG3;CAMBODIA;CRC;2071483.4160379912
BCGG3;THAILAND;MAD;34829.76356814598
BCGG3;SOLOMON ISLANDS;PKR;1069903.82899115
BCGG3;PERU;JPY;563175.119413762
BCGG3;PHILIPPINES;ILS;20331.040232444404
BCGG3;DOMINICAN REPUBLIC;GBP;983.5816509668668
BCGG3;CROATIA;GYD;289919.2664036587
HWc22;BANGLADESH;IQD;55855.097220058604
HWc22;SINGAPORE;NPR;42303.884407526995
HWc22;MOROCCO;SCR;728.9740672026924
HWc22;TOGO;MRO;140553.27367353876
HWc22;BANGLADESH;KRW;153852.4398132376
HWc22;BARBADOS;MWK;302260.6692561689
HWc22;GUINEA;COP;924724.8088924433
HWc22;MYANMAR;MUR;18082.5156223657
HWc22;SAO TOME AND PRINCIPE;EGP;3978.4639702408167
HWc22;SURINAME;KES;12807.490521998694
HWc22;PERU;MWK;411445.73942697037
HWc22;TRINIDAD AND TOBAGO;MUR;15964.761453714393
HWc22;EURO;BOB;1519.1112977422988
HWc22;NAMIBIA;SGD;575.5740289716359
HWc22;BOLIVIA;GYD;39061.56217704607
HWc22;BARBADOS;KYD;74.84671552553607
HWc22;TONGA;CNY;2736.7697876007232
HWc22;BELIZE;INR;26388.661314777175
CNXXX;LEBANON;AZN;22272.795945461825
CNXXX;GUINEA;SYP;5496440.547228821
CNXXX;AZERBAIJAN;VND;259335616.45410696
CNXXX;GUATEMALA;MRO;1587177.4532550357
CNXXX;GAMBIA;IRR;285996886.61697114
CNXXX;KUWAIT;TRY;118613.11021470772
CNXXX;LIBERIA;PAB;13195.079640047246
CNXXX;ZIMBABWE;EUR;4050.6927969111402
CNXXX;POLAND;STD;253626590.7155442
CNXXX;TANZANIA, UNITED REPUBLIC OF;BTN;64429.912933274616
BBGLb;ICELAND;HKD;169797.38456701775
BBGLb;MAURITANIA;MZN;288537.31700357655
BBGLb;ANGOLA;WST;49914.524780764455
BBGLb;KOREA, REPUBLIC OF;IQD;12109257.6213443
BBGLb;BAHAMAS;RWF;6970401.24131494
BBGLb;MEXICO;AZN;7499.69519352801
BBGLb;HUNGARY;BTN;1402879.465369958
BBGLb;SINGAPORE;XCD;57728.94645315435
BBGLb;AZERBAIJAN;ZMW;107171.64094918348
BBGLb;PERU;AED;3862.680186518774
BBGLb;MOROCCO;NGN;3693495.7946366263
BBGLb;CANADA;ARS;5003757.729973592
BBGLb;EL SALVADOR;ARS;3308619.4962774916
BBGLb;GUYANA;DJF;3498281.76869521
BBGLb;BANGLADESH;COP;49855609.27610519
BBGLb;TRINIDAD AND TOBAGO;ALL;1295963.3703844182
BBGLb;SOLOMON ISLANDS;SYP;10487093.431448154
ILLMc;VENEZUELA;NPR;1978178.4191295695
ILLMc;CAYMAN ISLANDS;PGK;26431.432368513266
ILLMc;COLOMBIA;SLL;136242119.52881956
ILLMc;MAURITIUS;CZK;100457.5293141758
ILLMc;MAURITIUS;KWD;3013.0752507442016
ILLMc;IRAN (ISLAMIC REPUBLIC OF);LVL;5717.527212032035
ILLMc;FIJI;MWK;10853294.957204513
ILLMc;DENMARK;SRD;561430.1363497932
ILLMc;LEBANON;PES;903375.3843186714
ILLMc;DOMINICA;BND;1565.4142604732347
ILLMc;SAMOA;STD;324885078.2124596
ILLMc;CENTRAL AFRICAN REPUBLIC;IDR;57739278.60823469
ILLMc;ISRAEL;AWG;7201.405413315891
ILLMc;SUDAN;XPF;1803544.3417783882
ILLMc;INDIA;VES;344627.29011477414
ILLMc;PAKISTAN;SGD;17303.56836397874
ILLMc;SWITZERLAND;RSD;2177198.98204575
DHIKM;BARBADOS;AWG;3998.723034177391
DHIKM;BRAZIL;SVC;3713.583613575825
DHIKM;DJIBOUTI;PAB;4842.476927089297
DHIKM;BOTSWANA;ZAR;36796.50084095157
DHIKM;IRAN (ISLAMIC REPUBLIC OF);GMD;178266.41662196483
DHIKM;HONG KONG;PLN;15112.134439347927
DHIKM;GHANA;CNY;18117.428731140466
DHIKM;INDIA;TOP;10206.691216125777
DHIKM;CENTRAL AFRICAN REPUBLIC;SBD;4607.302280264147
DHIKM;ETHIOPIA;KYD;1727.0510510525908
DHIKM;CZECH REPUBLIC;UGX;9818081.661741028
AEHL2;BOTSWANA;BZD;5616.709972879894
AEHL2;MAURITIUS;NAD;39194.34948632834
AEHL2;MYANMAR;ILS;6727.791126504313
AEHL2;CANADA;INR;111461.04305706763
AEHL2;CENTRAL AFRICAN REPUBLIC;GNF;6793461.680403124
AEHL2;SAMOA;DZD;381922.4754341417
AEHL2;UGANDA;OMR;-10.859382997696386
AEHL2;EURO;PYG;18453265.479982384
DIKW2;PANAMA;COP;14574032.659972206
DIKW2;MALAWI;HKD;3982.289937248183
DIKW2;PERU;SOS;2225345.103049632
DIKW2;BELIZE;BHD;2898.6535884864797
DIKW2;TURKEY;PEN;2968.1373770593236
DIKW2;LAO PEOPLE'S DEMOCRATIC REP;BND;4526.682681825337
DIKW2;MAURITANIA;BBD;2070.7079842433695
DIKW2;FRENCH POLYNESIA;SRD;2701.8742120021084
DIKW2;SOUTH AFRICA;BOB;47181.66917898864
DIKW2;DOMINICA;MYR;5884.467492883781
CDEGW;COSTA RICA;AED;93.43271996806966
CDEGW;MAURITANIA;ARS;53204.603623884126
CDEGW;JAPAN;BWP;4639.0986332119355
CDEGW;IRAN (ISLAMIC REPUBLIC OF);ARS;103105.91310342214
CDEGW;BAHRAIN;CHF;351.3883364915955
CDEGW;MAURITANIA;BYR;1084622.6757694494
CDEGW;BOLIVIA;LBP;606963.8416172408
CDEGW;SURINAME;MWK;275563.8488524348
CDEGW;GHANA;SDG;177169.58762582386
CDEGW;BRAZIL;NIO;4959.249380386528
CDEGW;BULGARIA;PGK;1592.611985430064
EVXZ2;HONDURAS;PAB;1458.3036338562863
EVXZ2;MOZAMBIQUE;FJD;345.1416303969749
EVXZ2;UKRAINE;BZD;833.4074549410434
EVXZ2;PERU;PYG;18327599.408457354
EVXZ2;FIJI;ALL;187224.55459434562
EVXZ2;ZIMBABWE;ARS;701.4147797890321
EVXZ2;NEW ZEALAND;MXN;7344.588290448183
EVXZ2;BURUNDI;GNF;22080327.480974592
EVXZ2;PAPUA NEW GUINEA;CZK;10184.28174321911
EVXZ2;QATAR;XOF;873360.5321555602
EVXZ2;NICARAGUA;JOD;563.9316583706554
EVXZ2;RWANDA;BMD;2431.0374307289426
EVXZ2;INDIA;MXN;59759.13452023004
EVXZ2;JAPAN;ISK;346055.0360563378
EVXZ2;ALGERIA;HTG;196354.99632633748
EVXZ2;PERU;LAK;36356040.52552748
EVXZ2;MALAYSIA;THB;23.146025501440207
MMNZ2;OMAN;NOK;21131.664545438896
MMNZ2;KAZAKHSTAN;BIF;5196479.03090995
MMNZ2;CAPE VERDE;PES;367569.1716484114
MMNZ2;SIERRA LEONE;IQD;3667463.5948032206
MMNZ2;NEW ZEALAND;BRL;3793.357200603155
MMNZ2;TOGO;SOS;969175.7841129117
MMNZ2;TAIWAN, PROVINCE OF CHINA;LBP;3426940.4268468437
MMNZ2;URUGUAY;PKR;371174.1721446366
MMNZ2;MAURITIUS;SCR;36223.454892609
MMNZ2;NORWAY;INR;133361.22399526302
EEEJ1;NAMIBIA;AUD;941.1051997071401
EEEJ1;CZECH REPUBLIC;ANG;8414.920737267428
EEEJ1;CHILE;ANG;8012.631382346844
EEEJ1;HONG KONG;MXN;70266.30634477574
EEEJ1;MALDIVES;PKR;1281427.9956952806
EEEJ1;LATVIA;BRL;7254.803930629953
EEEJ1;FIJI;ARS;1294494.303168213
EEEJ1;ALGERIA;PGK;11279.250757604452
EHJcc;EGYPT;SYP;498916.91970106575
EHJcc;CAYMAN ISLANDS;AWG;4213.429112689342
EHJcc;MALAYSIA;JOD;1689.8356493728502
EHJcc;GHANA;PAB;1752.2393894526786
EHJcc;MALAWI;LRD;256832.98185320315
EHJcc;BOTSWANA;NIO;56008.13636097998
EHJcc;VIET NAM;RWF;25900.70663123917
EHJcc;AZERBAIJAN;TTD;9263.027677482507
EHJcc;EGYPT;TWD;66288.52415113122
EHJcc;DOMINICA;MWK;1373257.2247836178
EHJcc;CAYMAN ISLANDS;SVC;28137.57531454095
EHJcc;CHILE;KES;383919.01427010115
EHJcc;NEPAL;SEK;22000.39705288382
CJJVa;KUWAIT;AED;5878.190699611481
CJJVa;TAIWAN, PROVINCE OF CHINA;LBP;5342210.082400572
CJJVa;TOGO;HRK;18788.820116983556
CJJVa;SAO TOME AND PRINCIPE;MXN;40527.87671604727
CJJVa;NAMIBIA;BZD;1167.5617257506713
CJJVa;VANUATU;IDR;64855735.865931414
CJJVa;VIET NAM;HNL;179998.1169597533
CJJVa;MALAWI;XAF;4008981.7270609573
CJJVa;NEPAL;TRY;59212.21033936786
IWYb2;ARUBA;TRY;179.8232077882448
IWYb2;MACAU;GTQ;3478.141638243094
IWYb2;EURO;XPF;48750.73262597836
IWYb2;BOLIVIA;ZWL;268363.5833363001
IWYb2;SWAZILAND;IRR;20136279.297838077
IWYb2;MACAU;FJD;655.8330951638112
IWYb2;TONGA;XCD;1127.3201736472083
IWYb2;BAHAMAS;LBP;590020.3500211136
IWYb2;TONGA;BIF;52966.751441057015
IWYb2;KAZAKHSTAN;ILS;192.01499834402816
IWYb2;BERMUDA;GHS;5609.333634809137
IWYb2;EL SALVADOR;BIF;46173.42059490942
IWYb2;DENMARK;JMD;19701.15198136977
IWYb2;PERU;DZD;24480.572380059206
IWYb2;MALAYSIA;UAH;13181.038004013366
IWYb2;TURKEY;SRD;7543.056249759718
IWYb2;MOZAMBIQUE;LBP;726678.8993689824
IWYb2;KOREA, REPUBLIC OF;AZN;238.7079271405827
IWYb2;KAZAKHSTAN;CVE;201.01462044061526
DGLWY;BHUTAN;MXN;82405.6617497768
DGLWY;COLOMBIA;MXN;66349.97965101882
DGLWY;TANZANIA, UNITED REPUBLIC OF;MZN;287561.1888294728
DGLWY;LIBYAN ARAB JAMAHIRIYA;LAK;75450059.40447332
DGLWY;KOREA, REPUBLIC OF;DJF;251699.57640784513
BBFNZ;INDIA;CNY;176662.10516441564
BBFNZ;LIBERIA;NOK;77661.42781287358
BBFNZ;ICELAND;BDT;2535792.3348723687
BBFNZ;MALDIVES;LRD;3673431.113555264
EHY22;ARUBA;NAD;102145.36957521467
EHY22;HONDURAS;SYP;8652874.143027544
EHY22;UNITED KINGDOM;OMR;4582.469739014126
EHY22;ETHIOPIA;AWG;20232.94682706498
EHY22;SERBIA;ILS;1080.3756661470245
EHY22;CAYMAN ISLANDS;DKK;67273.99074038753
IKKK3;MALDIVES;HRK;21440.464437866693
IKKK3;SWEDEN;RUB;186422.20127600385
IKKK3;TRINIDAD AND TOBAGO;XPF;405497.88040050416
IKKK3;THAILAND;BYR;97049980.26541875
IKKK3;ICELAND;PGK;739.0183007916137
IKKK3;BANGLADESH;RUB;315743.4895222231
IKKK3;POLAND;SBD;49503.01598260567
IKKK3;TONGA;TZS;13001386.659047466
IKKK3;MAURITANIA;HKD;26737.45798897735
IKKK3;RUSSIAN FEDERATION;MZN;331439.7034940821
IKKK3;BRAZIL;GTQ;4100.9969689433165
IKKK3;BARBADOS;DKK;33088.13446298387
IKKK3;VIET NAM;FJD;11135.299631275842
IKKK3;TRINIDAD AND TOBAGO;IRR;102603945.02442725
IKKK3;HAITI;DJF;27764.64382461689
IKKK3;CAPE VERDE;PGK;21841.851331754533
IKKK3;SAO TOME AND PRINCIPE;XOF;1668645.795073097
BBMMc;DOMINICA;OMR;-7.536329567178816
BBMMc;BAHAMAS;BZD;13134.675795323827
BBMMc;FRENCH POLYNESIA;BRL;44766.55595287642
BBMMc;PAKISTAN;TND;17020.112027379208
BBMMc;MAURITANIA;BOB;81155.9821429591
BBMMc;IRAN (ISLAMIC REPUBLIC OF);MYR;45309.846382636584
BBMMc;ANGOLA;SGD;6729.823709661328
BBMMc;UNITED ARAB EMIRATES;SGD;14153.618174091556
BBMMc;SWAZILAND;ILS;10912.955862221368
BBMMc;NEPAL;SZL;210520.8060870165
BBMMc;LAO PEOPLE'S DEMOCRATIC REP;STD;251622042.02176037
BBMMc;KAZAKHSTAN;PEN;26651.558161076773
BBMMc;MALAWI;STD;287485479.9623834
BBMMc;QATAR;UGX;7182264.988768292
CEIVa;AUSTRALIA;AED;4034.3074872567377
CEIVa;GAMBIA;LKR;1763769.3625543609
CEIVa;SWITZERLAND;IDR;100036266.28170344
CEIVa;KUWAIT;ALL;592017.7932430994
CEIVa;CAYMAN ISLANDS;CRC;894568.7508202062
CEIVa;KUWAIT;MGA;14979696.767987868
CEIVa;BAHAMAS;SLL;219303587.4108715
CEIVa;TUNISIA;CYP;963.2585944909927
HKKVW;CANADA;FJD;1424.565299617982
HKKVW;SAO TOME AND PRINCIPE;PEN;1324.578239622627
HKKVW;PARAGUAY;VUV;191362.46433023695
HKKVW;BULGARIA;VUV;6606.446732366149
HKKVW;CANADA;LKR;503760.46717730875
HKKVW;HONDURAS;GTQ;8610.30376447177
HKKVW;SOLOMON ISLANDS;CZK;29718.260114825505
DDDWc;SWEDEN;GBP;4746.921837008327
DDDWc;POLAND;GHS;59733.48448628035
DDDWc;LEBANON;KYD;584.0461067783691
DDDWc;VENEZUELA;INR;256234.67761534065
ADJN2;CYPRUS;YER;2792777.573066463
ADJN2;INDIA;KZT;1259747.3673265516
ADJN2;GUATEMALA;MRO;3942374.825408317
ADJN2;BANGLADESH;PEN;9674.88221420037
BCCCM;SWAZILAND;THB;112122.8349351252
BCCCM;GUYANA;ARS;1569883.1919048908
BCCCM;UNITED KINGDOM;CRC;6127392.074337225
BCCCM;HONG KONG;KES;546832.6375303329
BCCCM;NEW ZEALAND;PES;1850371.0020682632
BCCCM;NETHERLANDS ANTILLES;HKD;13087.741882367196
BCCCM;PANAMA;UGX;26327530.913353965
BCCCM;KAZAKHSTAN;KRW;11900447.497737464
BCCCM;TAIWAN, PROVINCE OF CHINA;CZK;56160.88264751539
BCCCM;EL SALVADOR;GYD;1466493.4781029213
BCCCM;BELARUS;NGN;3218183.645198248
BCCCM;BOLIVIA;XCD;8927.61345975421
BCCCM;AUSTRALIA;BRL;29928.15609910725
BCCCM;SAO TOME AND PRINCIPE;PLN;36256.578902964786
BCCCM;THAILAND;CNY;30484.345855238425
BCCCM;UNITED KINGDOM;BHD;1260.1959992488405
BCCCM;SEYCHELLES;SOS;2704421.78569325
BCCCM;CYPRUS;LKR;3283516.3193719774
BCCCM;SWEDEN;NGN;3272867.007235741
CFIW3;TRINIDAD AND TOBAGO;CVE;339864.2857343775
CFIW3;CROATIA;MRO;1189845.146679619
CFIW3;CHILE;PAB;5726.310058482538
CFIW3;TONGA;SGD;8917.384741818245
CFIW3;LAO PEOPLE'S DEMOCRATIC REP;GTQ;5044.506388259155
CFIW3;BRAZIL;MWK;1361507.4112484993
CFIW3;BAHAMAS;SBD;52536.458864429886
CFIW3;BELARUS;PHP;631979.3209297654
CFIW3;JORDAN;MVR;14931.991059699378
CFIW3;PERU;MOP;74176.32756600596
CFIW3;PHILIPPINES;TWD;346607.61453433085
CFIW3;DOMINICAN REPUBLIC;PHP;585591.0511971634
CFIW3;YEMEN;PES;2335615.447990838
CFIW3;LIBYAN ARAB JAMAHIRIYA;SOS;6773892.498968219
CFIW3;IRAN (ISLAMIC REPUBLIC OF);MMK;8360639.329761771
CFIW3;TRINIDAD AND TOBAGO;ZAR;140833.25541072426
CFIW3;NIGERIA;BSD;6891.702681566342
FILc1;POLAND;JPY;503491.4576508784
FILc1;BANGLADESH;MOP;14213.038367054878
FILc1;CZECH REPUBLIC;ZAR;44236.917404200176
FILc1;DJIBOUTI;GNF;29404961.02972213
FILc1;CYPRUS;GTQ;26092.065764211395
FILc1;TUNISIA;AED;7535.291690747886
FILc1;UKRAINE;RON;13089.496482052438
FILc1;MOROCCO;MVR;25654.279346449744
FILc1;BRUNEI DARUSSALAM;CLP;250974.6435981066
FILc1;CAYMAN ISLANDS;BHD;1596.771459868962
FILc1;SUDAN;SLL;26159180.776368406
FILc1;JAPAN;PKR;-6902.243782151646
FILc1;TONGA;COP;19852735.81625662
FILc1;MALDIVES;MXN;58000.738198585255
FILc1;LEBANON;HNL;10918.783612753183
FGVVc;PERU;QAR;2215.6626868029875
FGVVc;UKRAINE;GTQ;6837.218251051518
FGVVc;HUNGARY;BHD;326.653633959011
FGVVc;NORWAY;NGN;83491.66525240874
FGVVc;BURUNDI;SYP;565300.0464874002
FGVVc;LEBANON;NOK;8972.400468772605
FGVVc;SEYCHELLES;CNY;12331.12261963526
FGVVc;PERU;JOD;1178.6632488789962
FGVVc;CAYMAN ISLANDS;CNY;8924.552106003732
FGVVc;PERU;MXN;-427.59798615077835
FGGM1;DJIBOUTI;TZS;1568808.2587415162
FGGM1;INDONESIA;CRC;7350.343854322453
FGGM1;MALAYSIA;STD;20414380.42978734
FGGM1;ANGOLA;STD;12391154.991427861
FGGM1;MAURITIUS;KYD;538.5627982874565
FGGM1;SIERRA LEONE;CNY;482.2874843848125
FGGM1;FRENCH POLYNESIA;OMR;181.51485419826193
FGGM1;BELIZE;RUB;569.6623600329651
FGGM1;OMAN;SOS;533435.4074183899
FGGM1;SOUTH AFRICA;XCD;1373.546761669613
FGGM1;FIJI;SLL;18515370.793207083
FGGM1;MALAWI;JPY;132374.36459053657
FFFNZ;EL SALVADOR;GHS;81872.56928359678
BBJZb;ALGERIA;BND;1848.0028513203881
BBJZb;SAUDI ARABIA;OMR;3007.5991623422287
BBJZb;COLOMBIA;TZS;53224963.90213704
BBJZb;TOGO;VND;43922671.62175445
BBJZb;VIET NAM;XPF;1828901.070767511
BBJZb;RUSSIAN FEDERATION;SRD;343459.38184445957
BBJZb;INDONESIA;CYP;4737.349598967158
BBJZb;NIGERIA;MVR;41987.785924785225
BBJZb;YEMEN;SAR;79050.36683366825
BBJZb;SYRIAN ARAB REPUBLIC;PGK;14855.310566589664
BBJZb;DOMINICA;DJF;975581.4727385584
BBJZb;BAHRAIN;NZD;38012.831224469235
BBJZb;NEPAL;XPF;520838.5694927538
BBJZb;GUATEMALA;BND;32285.070926522403
BBBII;PAKISTAN;JOD;2211.8916088788774
BBBII;NIGERIA;FJD;631.5600063236141
BBBII;NAMIBIA;BBD;5436.456838877997
BBBII;MALDIVES;BND;5575.148241573596
BBBII;JAPAN;EGP;83941.9879932988
BBBII;TAIWAN, PROVINCE OF CHINA;STD;85859256.59085555
BBBII;MOROCCO;VUV;471530.1002882653
BBBII;UKRAINE;LBP;1024311.7776678815
BBBII;TOGO;TZS;4723960.250575876
BBBII;BRAZIL;MGA;12641081.88157813
BFGJb;BANGLADESH;BGN;4341.694798233621
BFGJb;BANGLADESH;RWF;3389279.8646423006
BFGJb;HAITI;LKR;1073213.7664553868
BFGJb;PANAMA;ILS;16951.75152565808
BFGJb;UNITED ARAB EMIRATES;CAD;-18.587129003675752
BFGJb;CENTRAL AFRICAN REPUBLIC;CAD;1611.5040846186876
CCccc;PANAMA;MGA;25583478.84958882
CCccc;KUWAIT;CVE;755846.5926162882
CCccc;KUWAIT;MRO;2680841.76346424
CCccc;QATAR;SVC;38517.2140987535
CCccc;ZIMBABWE;MAD;2321.847237036651
CCccc;VENEZUELA;SDG;1827330.5323546468
CCccc;CAPE VERDE;GHS;118203.0495359991
CCccc;TANZANIA, UNITED REPUBLIC OF;ANG;15597.526952520253
CCccc;UNITED KINGDOM;SBD;54646.84280540036
CCccc;MACAU;NIO;36113.709544719844
CCccc;MADAGASCAR;MVR;140904.83327667956
CCccc;BELIZE;MOP;18911.307484582983
CCccc;DJIBOUTI;BBD;1928.83198480717
AACLW;EL SALVADOR;UAH;101173.89015085352
DGVYY;MALAYSIA;COP;3217205.4980725544
DGVYY;CHILE;ARS;471342.5248468079
DGVYY;NORWAY;MUR;31866.322999549462
DGVYY;HONDURAS;TTD;3811.103351677813
DGVYY;DENMARK;BSD;2457.8150124264994
DGVYY;ARGENTINA;ISK;194613.6753617008
DGVYY;MALAYSIA;ILS;4895.482106346957
DGVYY;UNITED KINGDOM;TWD;37744.95470113279
DGVYY;SIERRA LEONE;BWP;25571.09673026103
DGVYY;BRUNEI DARUSSALAM;HRK;10864.000489757616
DGVYY;ROMANIA;TTD;17117.399072385706
DGVYY;CAYMAN ISLANDS;VND;20103449.03416672
DGVYY;FRENCH POLYNESIA;ANG;3483.665493173574
DGVYY;ANGOLA;PEN;3789.4131183762065
Jacc3;CENTRAL AFRICAN REPUBLIC;XAF;217227.58941310993
Jacc3;MOROCCO;MWK;793392.7633081365
Jacc3;SURINAME;XOF;248250.90736781186
Jacc3;CHINA;TOP;1829.4085132058037
AHIc3;ARUBA;ETB;100466.75969410103
AHIc3;SWEDEN;STD;50088830.04510282
AHIc3;EGYPT;LRD;180244.5607838825
AHIc3;COSTA RICA;TRY;23646.31377547776
AHIc3;IRAQ;PHP;10061.71412179629
AHIc3;MEXICO;KYD;1098.1331367045434
AHIc3;TONGA;JPY;329253.158824538
AHIc3;CAPE VERDE;MZN;84272.43313775862
AHIc3;BHUTAN;UAH;62081.91699259228
AHIc3;IRAN (ISLAMIC REPUBLIC OF);JPY;344585.94091045845
AHIc3;LATVIA;SYP;365914.84492710547
AHIc3;LIBERIA;PGK;7180.45218376609
AHIc3;NAMIBIA;BZD;237.365406598901
AHIc3;CAYMAN ISLANDS;BND;1704.3460319115788
CFG12;NIGERIA;KRW;10379880.551057411
CFG12;SAMOA;JMD;273441.82213194994
CFG12;DOMINICA;IDR;26264542.578493662
CFG12;CYPRUS;BHD;2394.8894370733265
CFG12;URUGUAY;BRL;27162.469411853453
CFG12;JAPAN;IRR;83841606.87887469
CFG12;ARUBA;EGP;33185.27394488889
CFG12;LIBYAN ARAB JAMAHIRIYA;BIF;17066014.380198233
CFG12;MACAU;TTD;49335.93476610851
CFG12;CAPE VERDE;TOP;14302.723123010159
CFG12;CAPE VERDE;PES;1611944.6963665104
CFG12;FRENCH POLYNESIA;HTG;516934.0441829739
CFG12;LATVIA;RWF;6673764.598247609
CFG12;ICELAND;NGN;1000634.0284600299
CFG12;BRAZIL;KYD;2201.4977638241226
CFG12;TAIWAN, PROVINCE OF CHINA;DJF;1284034.3351105223
AFLW2;LAO PEOPLE'S DEMOCRATIC REP;CZK;38460.40559802785
AFLW2;AUSTRALIA;ANG;2759.2393515535773
AFLW2;CAPE VERDE;ZMW;6800.5276262879315
AFLW2;LEBANON;IQD;2373963.776443956
AFLW2;CANADA;PHP;27573.981931291604
DFMYY;UGANDA;DZD;133455.55988468914
DFMYY;VANUATU;PGK;4771.3693699752375
DFMYY;BERMUDA;STD;16983285.298738044
DFMYY;ICELAND;OMR;428.47422249408294
DFMYY;CAYMAN ISLANDS;TZS;2968536.704432184
DFMYY;GAMBIA;DJF;15949.454155083075
DFMYY;BERMUDA;SCR;13165.369775518158
DFMYY;NIGERIA;GNF;7651460.787825136
DFMYY;DOMINICAN REPUBLIC;BSD;205.1754483131883
DFMYY;BELARUS;OMR;310.16708022505367
DFMYY;SEYCHELLES;STD;32718150.750250112
DFMYY;NIGERIA;IDR;16117734.914967848
DFMYY;CANADA;KYD;504.26238510046244
DFMYY;TRINIDAD AND TOBAGO;VUV;26857.349005513013
DFMYY;KAZAKHSTAN;AED;986.7556790783884
AGHIL;CAPE VERDE;ZMW;103839.84164237617
AGHIL;UNITED ARAB EMIRATES;ALL;1644715.3480506833
AGHIL;MOROCCO;BDT;488010.36516089365
AGHIL;NORWAY;MRO;4400939.222768802
AGHIL;VIET NAM;TWD;272912.35364636534
AGHIL;BELARUS;KZT;1127113.4113538454
AGHIL;EGYPT;RWF;6765950.415779407
AGHIL;ALBANIA;KRW;10068388.114295911
AGHIL;ARUBA;SLL;125354857.2875278
AGHIL;KOREA, REPUBLIC OF;PES;1836099.5848522622
ILVW1;AUSTRALIA;NOK;113015.43158233045
ILVW1;DENMARK;XOF;12713387.242384654
ILVW1;SWEDEN;KRW;476209.91674449306
ILVW1;TRINIDAD AND TOBAGO;DJF;136574.5420493827
ILVW1;DENMARK;STD;230779114.4380515
ILVW1;MADAGASCAR;TOP;37393.31757075667
ILVW1;JAMAICA;AUD;2481.4776940624038
ILVW1;PERU;SVC;36915.30973558253
ILVW1;MALAYSIA;KWD;-25.789417704248365
ILVW1;INDIA;SDG;11075929.71762632
ILVW1;EGYPT;TTD;91208.99020952385
ILVW1;UNITED KINGDOM;XCD;43785.07497814176
GJKW1;TAIWAN, PROVINCE OF CHINA;CHF;9671.761564160517
GJKW1;NICARAGUA;JMD;790460.7875387206
GJKW1;LEBANON;DKK;8623.901588319999
GJKW1;BOLIVIA;ALL;1003123.8461714453
GJKW1;CAPE VERDE;CNY;40413.81931334807
GJKW1;FRENCH POLYNESIA;ZMW;56702.50496255343
GJKW1;TOGO;FJD;14476.473714616297
GJKW1;CAMBODIA;TWD;347948.14665199077
GJKW1;HAITI;DJF;2027403.7586834265
GJKW1;QATAR;DOP;372671.58970515284
GJKW1;NIGERIA;GTQ;12500.489679203609
GJKW1;KAZAKHSTAN;BDT;297541.976276463
GJKW1;AUSTRALIA;GBP;6678.118864883976
GJKW1;DJIBOUTI;BGN;2163.615660501602
GJKW1;SAO TOME AND PRINCIPE;PGK;38675.431390375845
GJKW1;ISRAEL;BTN;666410.9474083739
GJKW1;EURO;JOD;6348.6176272403445
GJKW1;CYPRUS;KZT;4236587.355778706
GJKW1;SEYCHELLES;BND;11438.260606396141
