Client;Country;Currency;Transaction
BXb22;MAURITIUS;ETB;426215.6775632936
CEINb;COLOMBIA;KRW;831525.9440001077
CEINb;NEW ZEALAND;PKR;13085.78711227762
CEINb;PAPUA NEW GUINEA;TZS;283111.45326247776
DGJVZ;TAIWAN, PROVINCE OF CHINA;LAK;622581687.4486647
DGJVZ;BELIZE;BSD;24948.954560677124
DGJVZ;PAPUA NEW GUINEA;LVL;15585.404816027467
DGJVZ;ISRAEL;BTN;1633436.7137122082
DGJVZ;PARAGUAY;JPY;4064442.732968448
DGJVZ;SEYCHELLES;RUB;448050.20262958395
DGJVZ;SOMALIA;LBP;63825692.65742707
DGJVZ;BHUTAN;EUR;29620.80454853912
DGJVZ;NETHERLANDS ANTILLES;SOS;12668127.692421744
DGJVZ;AUSTRALIA;FJD;17283.050856076745
DGJVZ;RUSSIAN FEDERATION;ZMW;165179.13107579458
DGJVZ;MALDIVES;MOP;375087.4414493738
DGJVZ;EGYPT;RWF;11858956.79282886
DGJVZ;SINGAPORE;BHD;13860.938318463088
DGJVZ;CZECH REPUBLIC;AZN;62957.17911119725
DGJVZ;MACAU;UYU;129059.91470114086
CDDEI;HONG KONG;MUR;553154.7895963272
CDDEI;INDONESIA;SRD;1600200.7415027625
CDDEI;ALGERIA;EUR;20500.457056444095
CDDEI;KAZAKHSTAN;SLL;109112495.57387517
CDDEI;VIET NAM;PKR;2044933.3231204036
CDDEI;EL SALVADOR;TTD;117580.78234540453
CDDEI;BULGARIA;BMD;15470.71925029621
CDDEI;CENTRAL AFRICAN REPUBLIC;PES;6449495.153467181
CDDEI;KUWAIT;SZL;1070172.601509836
CDDEI;BHUTAN;TTD;216232.8402602042
CDDEI;COSTA RICA;EGP;965662.3471528792
CDDEI;TUNISIA;NIO;1591641.4428254976
CDDEI;CYPRUS;BZD;47175.169414593714
CDDEI;PARAGUAY;MMK;88652835.2139076
CDDEI;POLAND;ZWL;3267518.9567505326
FIWa2;NAMIBIA;BBD;24208.00154718547
FIWa2;DENMARK;BBD;16764.573901059903
FIWa2;MAURITANIA;BOB;4988.039949567823
FIWa2;MALDIVES;BTN;743922.7637943876
FIWa2;LIBYAN ARAB JAMAHIRIYA;LVL;7212.689921536347
FIWa2;JAPAN;DZD;197160.30026028986
FIWa2;CANADA;GYD;1642891.713720417
FIWa2;KUWAIT;UYU;326387.2396966074
FIWa2;THAILAND;DKK;26321.7762238274
FIWa2;NIGERIA;PYG;55662514.049393184
FIWa2;CANADA;CAD;12860.4620856107
FIWa2;TAIWAN, PROVINCE OF CHINA;TTD;13043.036617415832
FIWa2;BULGARIA;ALL;507592.7336539394
FIWa2;VANUATU;TWD;20030.747787580778
FIWa2;KENYA;MMK;7138575.297925879
FIWa2;CYPRUS;SRD;291376.6955606606
FIWa2;PHILIPPINES;MMK;22189071.55105294
FIWa2;DENMARK;MWK;8098432.2220528275
FIWa2;KAZAKHSTAN;XOF;5977741.348440473
EFXbc;TANZANIA, UNITED REPUBLIC OF;VND;434684779.71024454
EFXbc;MACAU;HKD;9018.526021704729
EFXbc;SWAZILAND;VES;248908.10170666673
MMMWZ;BRUNEI DARUSSALAM;IRR;238370185.3034204
MMMWZ;BERMUDA;GTQ;114889.52040032452
MMMWZ;SYRIAN ARAB REPUBLIC;PHP;499581.2916979202
MMMWZ;DOMINICA;PGK;45795.043361764845
MMMWZ;GUYANA;HRK;44947.516921770955
MMMWZ;BRAZIL;PKR;587157.1210246482
MMMWZ;TRINIDAD AND TOBAGO;MGA;47091499.78832793
MMMWZ;ANGOLA;IRR;572165091.0900428
MMMWZ;PAPUA NEW GUINEA;TZS;27882890.415457793
MMMWZ;UNITED KINGDOM;COP;20401418.81390102
MMMWZ;SWITZERLAND;BND;16642.119398402865
MMMWZ;SAUDI ARABIA;HKD;60820.920050918365
MMMWZ;MADAGASCAR;RSD;308752.3099505915
MMMWZ;IRAQ;CZK;208293.6206483663
MMMWZ;PERU;SRD;403628.94423459587
MMMWZ;KOREA, REPUBLIC OF;GBP;5451.651110431741
AGGG3;MEXICO;SGD;15304.034654645624
AGGG3;UGANDA;DKK;37866.589584536894
AGGG3;MAURITIUS;LYD;53614.810986765566
AGGG3;NAMIBIA;MMK;11378756.815658659
AGGG3;MACAU;LRD;1377284.506487585
AGGG3;MEXICO;MRO;2016587.7164718034
AGGG3;RUSSIAN FEDERATION;DJF;1423551.2074152827
AGGG3;MEXICO;LRD;576083.7745451513
AGGG3;KOREA, REPUBLIC OF;QAR;2543.6170086635025
AGGG3;SERBIA;PKR;1533704.6389642481
AGGG3;JORDAN;KHR;6943718.47879722
AGGG3;RUSSIAN FEDERATION;RON;8558.716530954973
ACXa3;SRI LANKA;ALL;2262099.061535002
ACXa3;HONDURAS;XCD;75642.60933637602
ACXa3;ANGOLA;RON;92187.44827587227
ACXa3;BELARUS;BGN;25918.368076520273
ACXa3;PANAMA;FJD;87470.15261198969
ACXa3;MAURITIUS;BTN;3418416.5132699152
ACXa3;CAMBODIA;NZD;80716.64983632925
ACXa3;CYPRUS;ZMW;380184.95359728765
ACXa3;ICELAND;GMD;708000.4029050061
ACXa3;MACAU;BSD;13593.51765388408
ACXa3;MAURITIUS;YER;3444379.796616719
GHNWc;FRENCH POLYNESIA;PES;203139.98156210617
GHNWc;MALAYSIA;MMK;2078739.4032326206
GHNWc;LATVIA;MOP;5753.1776915596465
GHNWc;GUATEMALA;INR;807347.1014606775
GHNWc;ISRAEL;LBP;9598517.061945584
GHNWc;HONDURAS;STD;179301993.6457179
GHNWc;THAILAND;CHF;1374.433538595438
GHNWc;FRENCH POLYNESIA;HRK;56436.14362026683
BCDGa;BELARUS;OMR;2066.5366921212835
BCDGa;KAZAKHSTAN;AUD;2368.661046724489
BCDGa;GUYANA;JMD;806834.4844599743
BCDGa;SAO TOME AND PRINCIPE;HNL;159531.86484922038
BCDGa;THAILAND;JMD;476691.54213536636
BCDGa;LEBANON;MYR;10268.783204497904
BCDGa;SAO TOME AND PRINCIPE;RON;4684.034599033669
BCDGa;MALDIVES;SZL;27715.204380025854
BCDGa;MEXICO;BGN;1427.7563732741896
BCDGa;YEMEN;XOF;99310.32731846721
DHKcc;LIBERIA;WST;13988.438140635744
DHKcc;INDONESIA;YER;144418.74471023673
DHKcc;CHINA;ETB;220474.12012724305
DHKcc;SAO TOME AND PRINCIPE;NZD;5753.705879714948
DHKcc;CAPE VERDE;QAR;20034.7827244785
DHKcc;ANGOLA;PEN;5304.067392718568
DHKcc;PAPUA NEW GUINEA;GMD;246898.69691246256
DHKcc;TOGO;BWP;84265.42832184809
DHKcc;IRAN (ISLAMIC REPUBLIC OF);EUR;5317.303420018497
DHKcc;NICARAGUA;PKR;1457275.6881555745
DHKcc;NIGERIA;JMD;232264.00775886103
DHKcc;BARBADOS;ETB;165157.89767345655
DHKcc;ISRAEL;KZT;1468371.2600863427
ENXXZ;DOMINICAN REPUBLIC;SEK;108109.21295878975
ENXXZ;SOLOMON ISLANDS;XAF;8668436.653600391
ENXXZ;LEBANON;LVL;1636.1635559769516
ENXXZ;SERBIA;SGD;652.6748211341888
ENXXZ;MAURITANIA;RON;37878.65116237571
ENXXZ;KUWAIT;GTQ;17401.04134251386
JZac1;KENYA;TWD;16551.47685625237
JZac1;URUGUAY;WST;651.5962268685122
JZac1;PAKISTAN;BDT;54505.763780838824
JZac1;HUNGARY;SLL;10096631.752364835
JZac1;EGYPT;MAD;753.1464718855965
JZac1;BRAZIL;BND;397.0320264037016
JZac1;KAZAKHSTAN;HNL;11331.25966410388
BDJLY;SRI LANKA;BWP;101145.65798737362
BDJLY;VANUATU;IDR;392327015.3365499
BDJLY;NEW ZEALAND;XAF;15214521.996845614
BDJLY;IRAN (ISLAMIC REPUBLIC OF);TWD;1741450.770609568
BDJLY;VANUATU;DZD;6699551.123756674
BDJLY;COSTA RICA;MZN;1774043.6449753135
BDJLY;PAKISTAN;SYP;1850498.6380762083
BDJLY;ALBANIA;PLN;251415.17732256488
BDJLY;NETHERLANDS ANTILLES;AZN;62020.63005404515
BDJLY;NETHERLANDS ANTILLES;TRY;430340.8680032145
BDJLY;PAPUA NEW GUINEA;RON;225.98162404300768
BDJLY;PARAGUAY;LKR;1608339.579387049
BDJLY;MEXICO;BHD;12900.60983970535
BDJLY;KUWAIT;ISK;7563367.294074616
BDJLY;COSTA RICA;THB;497594.3394465518
BDJLY;GAMBIA;MXN;177568.94150839484
BDJLY;INDIA;SGD;26087.89290553979
BIc11;MADAGASCAR;ANG;6628.8178181649155
BIc11;CZECH REPUBLIC;CLP;13322986.594384018
BIc11;CHINA;GBP;9111.181000606144
BIc11;NETHERLANDS ANTILLES;LRD;1981831.715329529
BIc11;HUNGARY;KZT;7791734.224017949
BIc11;SUDAN;EGP;303958.7175685354
BIc11;AUSTRALIA;LBP;27159416.151713435
BIc11;MALAWI;COP;25825297.390310526
BIc11;BARBADOS;XPF;704450.16765624
BIc11;BULGARIA;KRW;17510161.24912462
FJMVX;COSTA RICA;YER;879429.170375919
FJMVX;OMAN;HUF;1388935.0153734128
FJMVX;RWANDA;CYP;1610.0770532320407
FJMVX;CENTRAL AFRICAN REPUBLIC;UGX;18467438.82737001
FJMVX;POLAND;SLL;53995911.5227907
FJMVX;CANADA;ALL;664556.020077308
FJMVX;NICARAGUA;PYG;5536270.394017312
FJMVX;SOUTH AFRICA;ANG;1036.8653438927684
FJMVX;SYRIAN ARAB REPUBLIC;BOB;6844.3471920657685
FJMVX;MEXICO;BND;5566.110669817459
FJMVX;CANADA;BYR;81336355.13009278
FJMVX;HAITI;SGD;4747.121326880823
FJMVX;KUWAIT;MRO;12093.907293757959
FJMVX;LATVIA;CLP;2709976.9875335004
FJMVX;SOLOMON ISLANDS;BIF;9573699.053005604
FJMVX;HUNGARY;MWK;6220088.669365469
FJMVX;POLAND;BIF;2926360.237214039
FJMVX;CAPE VERDE;TND;20266.29611123354
FJMVX;NEW ZEALAND;XAF;1828667.5752697736
FJMVX;NEPAL;BBD;10232.637870138822
EGGXa;ARUBA;BYR;204860956.81236303
EGGXa;CANADA;MAD;134212.6534156689
EGGXa;ZIMBABWE;MRO;912072.537727483
EGGXa;SOMALIA;AWG;6761.072269204916
EGGXa;PANAMA;GBP;7500.306716798775
EGGXa;PAPUA NEW GUINEA;BND;3302.6155505553993
EGGXa;ALGERIA;MWK;15526046.980936665
EGGXa;EURO;PYG;71040749.56031744
EGGXa;LATVIA;HKD;117887.28448249881
EGGXa;BHUTAN;CVE;1021419.5282068845
EGGXa;UKRAINE;AOA;6217275.129777625
EGGXa;INDIA;ISK;1134181.1267405916
EGGXa;MADAGASCAR;RON;6098.665112031742
ANXbb;ALGERIA;PHP;17831.92807022911
ANXbb;PERU;BZD;1044.9921927947169
ANXbb;NEPAL;RWF;1004530.0685227034
ANXbb;HUNGARY;LRD;254128.96118232782
ANXbb;POLAND;RSD;11541.022464647083
ANXbb;HAITI;ARS;2942.7970489430904
ANXbb;THAILAND;PYG;12035900.280619266
ANXbb;SYRIAN ARAB REPUBLIC;KWD;510.50982831946
ANXbb;TANZANIA, UNITED REPUBLIC OF;DOP;132095.1844479264
ANXbb;PERU;TTD;17763.303472353393
ANXbb;ARUBA;NAD;27718.051937495
ANXbb;CHINA;KZT;822477.0699024469
ANXbb;NEW ZEALAND;THB;98249.07475096584
ANXbb;VANUATU;FJD;1668.4558491885882
ANXbb;URUGUAY;SRD;19903.355271568693
ANXbb;GUYANA;SGD;1632.8355980864906
ANXbb;MAURITIUS;RON;11842.872008629856
ANXbb;TUNISIA;BIF;3519781.515188273
ANXbb;LEBANON;ZWL;1451510.3054261056
ANXbb;FRENCH POLYNESIA;TND;1111.3786918762753
MVWZZ;DJIBOUTI;DOP;142972.78674101457
MVWZZ;BAHAMAS;CNY;80697.47190910984
MVWZZ;GUYANA;OMR;4027.6394941625235
MVWZZ;PHILIPPINES;SEK;23543.47577463541
MVWZZ;DOMINICAN REPUBLIC;BHD;3641.086479563537
MVWZZ;GUATEMALA;SCR;186482.39938575707
MVWZZ;COLOMBIA;IRR;200771095.63897908
MVWZZ;SAO TOME AND PRINCIPE;GYD;493617.8680765859
MVWZZ;GUINEA;CAD;2771.4522107589964
MVWZZ;KENYA;SOS;5771272.666761249
MVWZZ;CAPE VERDE;ZAR;58155.16432733238
MVWZZ;TRINIDAD AND TOBAGO;UAH;414273.3719961284
MVWZZ;MALAYSIA;HKD;80541.72643418955
MVWZZ;DJIBOUTI;BYR;131503517.50397515
BNWaa;KOREA, REPUBLIC OF;KHR;18424709.83707591
BNWaa;CYPRUS;TWD;175366.8531066702
BNWaa;SURINAME;SOS;2033051.4574129917
BNWaa;MACAU;COP;29470526.811798595
BNWaa;IRAQ;GNF;13758756.222763507
BNWaa;TOGO;CYP;447.2212580824942
BNWaa;SEYCHELLES;RON;19227.532149334227
BNWaa;VANUATU;YER;423889.3550465965
BNWaa;BRUNEI DARUSSALAM;VES;29991.77122561927
BNWaa;DENMARK;PLN;24576.103875005967
BNWaa;NETHERLANDS ANTILLES;BMD;6041.123863461663
BNWaa;RWANDA;SGD;8894.563247494083
BNWaa;UKRAINE;SBD;28824.132420196594
BNWaa;ETHIOPIA;MRO;2109245.675216226
BNWaa;BELIZE;IDR;10605728.680715572
BNWaa;MALAWI;LVL;-8.254273560660351
BNWaa;NICARAGUA;PAB;2358.978676772087
BNWaa;BRUNEI DARUSSALAM;IRR;76649903.88099091
BNWaa;UNITED ARAB EMIRATES;HKD;47277.49375644525
BEEEW;PERU;KWD;30.824205956642626
BEEEW;LEBANON;GYD;716266.296459226
BEEEW;LIBERIA;JPY;483160.09693099203
BEEEW;MALAYSIA;MYR;17411.749748643044
CFHMc;LEBANON;LAK;57545852.41830812
CFHMc;RWANDA;VUV;712240.7749765697
CFHMc;CENTRAL AFRICAN REPUBLIC;KRW;6064592.570198402
CFHMc;SRI LANKA;ZAR;28410.033404573816
CFHMc;JAPAN;BHD;1160.5705450781293
CFHMc;POLAND;CRC;3901538.1049633324
CFHMc;UKRAINE;NGN;764847.2733003173
BDKab;RUSSIAN FEDERATION;UAH;227511.41658968257
BDKab;ANGOLA;BIF;16039317.67261774
BDKab;KUWAIT;ALL;52911.201128500514
BDKab;MYANMAR;LKR;2662025.0714193224
BDKab;MALDIVES;BIF;1432146.9262934153
BDKab;CAPE VERDE;ZAR;-567.8866096779416
BDKab;EGYPT;JMD;884375.6055915435
BDKab;CHINA;LRD;400444.01742627117
BDKab;LIBYAN ARAB JAMAHIRIYA;UAH;96327.7713816046
BDKab;CHINA;SDG;792355.6550887809
BDKab;VENEZUELA;MWK;-59966.8570186723
BDKab;CAPE VERDE;MZN;415136.1386703208
BDKab;CZECH REPUBLIC;BRL;41236.27696724784
BDKab;KENYA;ALL;813901.7458485403
BDFGc;VIET NAM;SAR;164.9898683337662
BDFGc;HUNGARY;TWD;8547.430498073647
BDFGc;BELIZE;HKD;2328.4248623092376
BDFGc;ALGERIA;KES;19094.680609529212
BDFGc;CAYMAN ISLANDS;KWD;50.163461279689336
BDFGc;SOUTH AFRICA;BZD;2327.434798377828
CCCFa;BANGLADESH;ZWL;2220671.2603728576
CCCFa;IRAN (ISLAMIC REPUBLIC OF);ZWL;759888.8020389548
CCCFa;BHUTAN;BWP;40127.79264601723
CCCFa;IRAN (ISLAMIC REPUBLIC OF);OMR;386.81194889441076
CCCFa;CANADA;DKK;16601.340653983192
CCCFa;PAKISTAN;BHD;1415.2764964329965
CCCFa;UNITED KINGDOM;SDG;1752974.71622647
CCCFa;SEYCHELLES;BOB;10769.730710305113
CCCFa;COSTA RICA;VUV;51215.26602383094
CCCFa;LAO PEOPLE'S DEMOCRATIC REP;AZN;6421.361321008144
CCCFa;COLOMBIA;PKR;274584.34516598703
CCCFa;NEW ZEALAND;RON;942.4026119374913
CCCFa;BERMUDA;BZD;5270.766812749386
CEHY2;ANGOLA;IDR;82850341.65565357
CEHY2;SAMOA;BRL;20137.29035245053
CEHY2;MALDIVES;PYG;102989293.4928256
CEHY2;UNITED KINGDOM;OMR;4006.9610621187285
CEHY2;KOREA, REPUBLIC OF;GMD;661192.6998259656
CEHY2;ZIMBABWE;COP;78388606.63358913
CEHY2;HUNGARY;XAF;3777048.860356239
CEHY2;BURUNDI;BSD;15098.138283216244
CEHY2;MOZAMBIQUE;GNF;98660143.86494003
CEHY2;TRINIDAD AND TOBAGO;SRD;163555.0070309439
CEHY2;MOZAMBIQUE;TOP;25669.232427582032
CEHY2;INDONESIA;AED;42008.48819931056
CEHY2;THAILAND;NIO;109591.845941862
CEHY2;YEMEN;KES;316905.15628465795
CEHY2;YEMEN;KZT;6851292.093348007
CEHY2;MOZAMBIQUE;CYP;7953.241364905024
CEHY2;BANGLADESH;IDR;245262309.11498055
CEHY2;EGYPT;AOA;4429692.056788678
CEHY2;POLAND;MWK;4852560.151919859
GIWbb;OMAN;BND;674.7940222187112
GIWbb;UKRAINE;KES;227707.60391418097
GIWbb;FIJI;HUF;821893.5004000338
JNNW3;BANGLADESH;SEK;4049.10033574195
JNNW3;HONDURAS;UAH;110702.18993013982
JNNW3;URUGUAY;MXN;53734.18330744695
JNNW3;LIBERIA;DJF;737879.8525505437
JNNW3;NICARAGUA;CZK;40028.07069991637
JNNW3;FIJI;UAH;30308.607783748073
JNNW3;ALGERIA;DKK;510.2906303053857
JNNW3;COLOMBIA;GMD;237771.6146289147
JNNW3;DOMINICA;AUD;1611.0022328024584
JNNW3;SAMOA;EGP;119019.17017945767
JNNW3;INDIA;UAH;182306.27581924465
JNNW3;BOTSWANA;MXN;17928.96151548985
JNNW3;LAO PEOPLE'S DEMOCRATIC REP;SDG;1142151.5010717718
JNNW3;TOGO;ETB;250054.64245805293
JNNW3;COLOMBIA;GTQ;38908.016224570194
JNNW3;NETHERLANDS ANTILLES;MRO;473884.1278721311
JNNW3;SAMOA;OMR;512.1640254506794
BBFNN;ICELAND;KYD;869.8916525292158
BBFNN;ZIMBABWE;CVE;271142.10116984986
BBFNN;NAMIBIA;DKK;13568.856472824033
BBFNN;CZECH REPUBLIC;SLL;34669656.031871304
BBFNN;RWANDA;ALL;4973.408145321479
BBFNN;BERMUDA;BND;4353.855732310359
BBFNN;AUSTRALIA;INR;269896.43668982136
BBFNN;HUNGARY;LYD;2447.3221033799027
BBFNN;IRAN (ISLAMIC REPUBLIC OF);BBD;2369.180794799754
BBFNN;GUATEMALA;HRK;24414.354541944114
BBFNN;PERU;TWD;76305.69654922803
BBFNN;HONG KONG;SCR;4867.605674970349
DELXa;MEXICO;PAB;-40.756981893477445
DELXa;MOROCCO;WST;12372.655217662794
DELXa;MOROCCO;NAD;117451.83180082176
DELXa;CROATIA;TWD;152867.99769328424
DELXa;SOMALIA;ISK;159392.21592794792
DELXa;KENYA;NGN;2981176.1008105003
DELXa;BOLIVIA;MXN;17733.564440077498
DELXa;ANGOLA;NOK;51576.72568636619
DELXa;SIERRA LEONE;HRK;42133.6309482539
BGKV3;BAHRAIN;BSD;3399.4435462468336
BGKV3;BERMUDA;MMK;1688652.253791665
BGKV3;UNITED KINGDOM;BND;3639.0967405396823
BGKV3;HONG KONG;UYU;289092.5663087713
BGKV3;QATAR;NGN;1159937.5718595872
BGKV3;BELIZE;NOK;6710.634473444462
BGKV3;NIGERIA;BWP;36463.970374953315
BGKV3;SAMOA;DJF;656852.2874611983
BGKV3;MALDIVES;LVL;5940.98978511398
GXXX1;OMAN;NGN;1387299.0052068888
GXXX1;SERBIA;PYG;71334283.99306577
GXXX1;SWITZERLAND;GHS;75536.4106616998
GXXX1;BAHRAIN;JPY;2250454.7627993645
GXXX1;SEYCHELLES;ISK;132657.1510035343
GXXX1;ETHIOPIA;AED;19087.585755392967
GXXX1;SAUDI ARABIA;HKD;123377.08841536897
GXXX1;TUNISIA;NZD;22805.136668968084
GXXX1;CANADA;MGA;5554642.848250491
GXXX1;NEPAL;VND;320473010.7286351
GXXX1;BRUNEI DARUSSALAM;XOF;3336498.033879662
GXXX1;IRAQ;BMD;5455.0598679735995
GXXX1;NAMIBIA;AOA;1760416.5682805388
AWccc;BRAZIL;THB;407429.15604258736
AWccc;GUATEMALA;TTD;4328.660022103557
AWccc;BURUNDI;ZWL;16156832.525808005
AWccc;BRUNEI DARUSSALAM;ZMW;358501.7475632488
AWccc;GUATEMALA;BZD;-514.8221155855709
AWccc;JORDAN;MOP;70141.13179231632
AWccc;LATVIA;MUR;495701.3143552561
AWccc;SERBIA;MMK;302953.31712482614
AWccc;VENEZUELA;BRL;16356.350794115664
AWccc;IRAN (ISLAMIC REPUBLIC OF);THB;827385.1157739842
AWccc;KENYA;GMD;1695895.9692414834
AWccc;IRAQ;XAF;15354229.501609117
AWccc;YEMEN;HUF;6708501.06904928
AWccc;PERU;PYG;77429062.64851394
AWccc;DOMINICAN REPUBLIC;GYD;928919.4523912456
AWccc;LATVIA;NZD;35111.77127627726
AWccc;NIGERIA;CHF;25743.81420205594
AWccc;ALGERIA;PES;2999481.198425325
GNNXc;JORDAN;PLN;21699.43148776461
GNNXc;EGYPT;MUR;38936.63624803678
GNNXc;BRAZIL;XAF;3174049.267242463
GNNXc;DOMINICAN REPUBLIC;RWF;1808064.5449952334
GNNXc;ZIMBABWE;LYD;25116.923342345017
GNNXc;MOZAMBIQUE;COP;4981151.747873664
GNNXc;JAMAICA;KYD;970.8478174018568
HJMX2;NORWAY;NIO;22291.21517177207
HJMX2;ALGERIA;TWD;161713.6872835758
HJMX2;CHINA;INR;69950.34971569953
HJMX2;INDIA;NPR;581068.8999394785
HJMX2;SWAZILAND;VES;18205.03978517558
HJMX2;ROMANIA;HRK;20192.516520652436
HJMX2;COLOMBIA;BSD;5337.221032990392
HJMX2;KUWAIT;FJD;7109.0455078966215
HJMX2;COSTA RICA;CRC;1813421.4737017637
HJMX2;NIGERIA;LKR;1121866.0778240648
HJMX2;CAYMAN ISLANDS;BWP;10781.976232142484
HJMX2;SAUDI ARABIA;ARS;808870.0603995175
HJMX2;CENTRAL AFRICAN REPUBLIC;SLL;48434744.064324096
HJMX2;MOZAMBIQUE;LYD;4683.095691830391
HJMX2;FRENCH POLYNESIA;MUR;117504.88520676515
WWWYY;PANAMA;THB;200897.91238840995
WWWYY;VANUATU;EUR;2712.3351339175224
WWWYY;AUSTRALIA;ZWL;1270005.3644671198
WWWYY;PARAGUAY;QAR;11540.059181197435
WWWYY;PHILIPPINES;XPF;528755.0767777853
WWWYY;COLOMBIA;HRK;35445.890268734416
WWWYY;PANAMA;RWF;3119953.0287277526
WWWYY;CROATIA;TTD;3114.4209549340344
WWWYY;IRAQ;PES;1251550.3062213997
WWWYY;DJIBOUTI;CLP;3696959.875651784
WWWYY;NEPAL;MOP;27719.287167976898
WWWYY;ARGENTINA;STD;141364428.5982262
WWWYY;TUNISIA;MRO;1835639.0703363407
WWWYY;IRAQ;KRW;5540462.635321873
WWWYY;YEMEN;PEN;10421.156088046904
AEHaa;VENEZUELA;GHS;25471.27662421808
AEHaa;KENYA;TRY;51086.10856436749
AEHaa;CAPE VERDE;AED;13138.74901643567
AEHaa;BHUTAN;DJF;669958.6131506893
AEHaa;SAMOA;WST;3090.743292785802
AEHaa;TOGO;UGX;354282.0612940755
AEHaa;AUSTRALIA;HNL;62637.66778775538
AEHaa;UNITED ARAB EMIRATES;MGA;26983360.322886325
AEHaa;JAMAICA;NPR;595164.8457684637
AEHaa;VANUATU;INR;315460.305787103
AEHaa;ROMANIA;ARS;1000602.2781719406
AEHaa;CANADA;PLN;11793.14864007365
AEHaa;SURINAME;LYD;3042.201258658271
AEHaa;SIERRA LEONE;HNL;150806.08477170652
LVY33;BELARUS;PLN;855.4056024277459
LVY33;HONG KONG;TTD;31402.469201849584
LVY33;CHINA;SCR;77230.10862077084
LVY33;MALAYSIA;KWD;759.117484972674
LVY33;NORWAY;BIF;5765740.494368572
LVY33;IRAQ;ZAR;12749.289569312965
LVY33;TAIWAN, PROVINCE OF CHINA;GBP;5374.908880678449
LVY33;RUSSIAN FEDERATION;VES;-278.4497207429744
LVY33;URUGUAY;VND;105405842.97632103
DMN11;ISRAEL;LAK;1013167277.9272503
DMN11;HUNGARY;MAD;724776.7257448744
DMN11;TOGO;FJD;4293.343837056242
DMN11;TAIWAN, PROVINCE OF CHINA;MVR;-5416.410206220658
DMN11;ETHIOPIA;INR;4103011.7688753568
DMN11;IRAQ;MWK;43236471.53231417
DMN11;MAURITIUS;TWD;652623.5817636589
DMN11;IRAN (ISLAMIC REPUBLIC OF);ZMW;410328.4802722864
FIJ23;CAPE VERDE;OMR;3414.000706538425
FIJ23;BAHRAIN;MGA;4097854.448050811
FIJ23;HONG KONG;JPY;513760.1209463835
FIJ23;IRAQ;SLL;324470097.6195304
FIJ23;SWEDEN;NZD;9736.886747223933
FIJ23;NETHERLANDS ANTILLES;VES;200461.61194570045
FIJ23;BERMUDA;TRY;38092.985022527864
FIJ23;SOLOMON ISLANDS;SYP;6682488.377022468
FIJ23;UNITED ARAB EMIRATES;FJD;45851.43974702279
FIJ23;LIBERIA;ETB;576332.6407064061
FIJ23;JAPAN;JMD;2660798.874442936
FIJ23;ARGENTINA;BTN;166696.36905473104
FIJ23;AUSTRALIA;ARS;3656153.292482161
LXXYb;PERU;AUD;41.0033215252127
LXXYb;BANGLADESH;PKR;50450.00351543268
LXXYb;IRAN (ISLAMIC REPUBLIC OF);INR;17552.141169238665
LXXYb;AZERBAIJAN;NIO;11062.236888720307
LXXYb;ARUBA;WST;339.7609258224806
LXXYb;THAILAND;BZD;610.326917357557
LXXYb;RWANDA;PES;15910.487591844221
LXXYb;ZAMBIA;BOB;1606.1910112328062
LXXYb;BERMUDA;HKD;1258.3604298619932
LXXYb;NORWAY;ALL;24015.73205260142
LXXYb;ROMANIA;JOD;24.41914396172467
LXXYb;BARBADOS;GYD;25676.901235183555
LXXYb;TOGO;SDG;73965.67615118368
LXXYb;ETHIOPIA;BDT;7433.017539962271
LXXYb;BRUNEI DARUSSALAM;RSD;18261.99871533032
LXXYb;PANAMA;GHS;3941.5677922231425
LXXYb;KUWAIT;OMR;116.22559843835458
LXXYb;BULGARIA;HUF;3295.4009301093083
LXXYb;SURINAME;NGN;126329.43852789118
LXXYb;TRINIDAD AND TOBAGO;SZL;2801.4342272980375
EFJL1;ANGOLA;LVL;11373.923746993869
EFJL1;BANGLADESH;HNL;432263.5443688771
EFJL1;BOLIVIA;CAD;57563.75499896242
EFJL1;MALAYSIA;KRW;8444821.04341816
EFJL1;DOMINICA;AED;86837.8795633916
EFJL1;SAUDI ARABIA;MAD;192576.43237712764
EFJL1;TONGA;ZWL;17615743.503023703
EFJL1;SEYCHELLES;EGP;351202.0444010382
EFJL1;NEPAL;OMR;9174.259884535115
EFJL1;ETHIOPIA;MRO;5382999.179665174
EFJL1;OMAN;KWD;7722.412365644984
EFJL1;GUATEMALA;QAR;143178.85485869195
EFJL1;IRAQ;SYP;7654882.224029144
EFJL1;ETHIOPIA;NGN;12055123.926923713
EFJL1;BRUNEI DARUSSALAM;UGX;181631561.05311084
EFJL1;BRAZIL;LBP;21912241.016424023
EFJL1;GUYANA;MWK;14331497.937372975
EFJL1;VIET NAM;AED;110482.51736459171
CJJM2;SYRIAN ARAB REPUBLIC;DOP;115759.85741723378
CJJM2;BOLIVIA;GNF;166086.17153231177
CJJM2;KUWAIT;LRD;73221.61009803976
CJJM2;MACAU;XCD;5613.346764946568
CJJM2;CAYMAN ISLANDS;RON;14257.23488225025
CJJM2;BAHRAIN;NOK;904.6737184282537
CJJM2;TAIWAN, PROVINCE OF CHINA;ANG;8517.55246022746
CJJM2;DJIBOUTI;XOF;340361.252968804
CJJM2;SRI LANKA;UAH;-1187.1638214591087
CJJM2;ISRAEL;VUV;110469.20329774791
CJJM2;TURKEY;MOP;3233.756016158305
CJJM2;KUWAIT;CYP;887.7113598943263
AGJZb;DOMINICA;XCD;79298.83635162667
AGJZb;MYANMAR;MUR;492154.3470306349
AFFJ1;MOZAMBIQUE;SCR;334981.4878571178
AFFJ1;HAITI;BDT;968993.5281983645
AFFJ1;BULGARIA;MRO;9433614.234858735
ALVX2;SAO TOME AND PRINCIPE;KRW;105843469.08665979
ALVX2;TANZANIA, UNITED REPUBLIC OF;BND;69905.23658491333
ALVX2;ROMANIA;HNL;954831.0364351618
ALVX2;KOREA, REPUBLIC OF;CHF;24821.764783578248
ALVX2;PHILIPPINES;LBP;68885193.9299926
ALVX2;GHANA;ILS;246340.79105472565
ALVX2;NIGERIA;IQD;103259065.3053138
ALVX2;OMAN;UGX;143557871.69887057
ALVX2;BRAZIL;IQD;5494430.442511727
ALVX2;SINGAPORE;XPF;1216743.1765956648
ALVX2;CZECH REPUBLIC;VND;1798791319.478277
ALVX2;SAO TOME AND PRINCIPE;WST;169578.00817190597
ALVX2;DOMINICA;MAD;467900.9718276004
ALVX2;JORDAN;GBP;13885.449397210492
ADHLN;CANADA;MAD;227098.76205659745
CCKLL;GUINEA;ETB;536924.2516857403
CCKLL;BAHAMAS;MUR;353245.9090109022
CCKLL;MEXICO;RSD;1499962.7275775245
CCKLL;DJIBOUTI;PLN;56205.55015581144
CCKLL;GHANA;INR;575905.7610167031
CCKLL;BELIZE;ETB;392683.9483866749
CCKLL;ZAMBIA;LVL;11383.030470884587
CCKLL;CYPRUS;LRD;1626262.951344269
CCKLL;DOMINICAN REPUBLIC;ETB;688850.2217033433
CCKLL;HONG KONG;LAK;217759057.0032477
CCKLL;COLOMBIA;RON;14041.035103906024
CCKLL;KAZAKHSTAN;TTD;49110.49014515392
CEFGN;ARUBA;BDT;92452.8820091508
CEFGN;ARUBA;BBD;6794.967666039323
CEFGN;COLOMBIA;BIF;7618434.869932149
CEFGN;KUWAIT;SZL;48630.5731400093
CEFGN;TAIWAN, PROVINCE OF CHINA;SVC;373.78866068906694
CEFGN;CENTRAL AFRICAN REPUBLIC;HTG;241900.85403901333
CEFGN;DJIBOUTI;SYP;1920417.5429291087
CEFGN;ROMANIA;TRY;56269.88262808298
CEFGN;MEXICO;HUF;9832.30138473821
CEFGN;COLOMBIA;SZL;29982.960034463133
AAAYa;PAPUA NEW GUINEA;RON;15232.307722385562
AAAYa;ZAMBIA;BIF;3092461.5243983176
AAAYa;SWAZILAND;SVC;55974.68579780954
AAAYa;NORWAY;XAF;5426943.184449166
AAAYa;ROMANIA;ANG;14965.561382897822
AAAYa;RWANDA;CRC;2699805.2462657
AAAYa;MOZAMBIQUE;INR;618992.8982220328
AAAYa;SEYCHELLES;BOB;40585.54139471478
AAAYa;KAZAKHSTAN;BTN;125810.32561425287
CELb3;BOLIVIA;LRD;168702.92523798026
CELb3;INDONESIA;SCR;17172.02341170873
CELb3;BAHRAIN;ZMW;26369.463717755738
CELb3;BOTSWANA;ILS;4053.526081500622
CELb3;ALGERIA;UYU;46306.78077633783
CELb3;CENTRAL AFRICAN REPUBLIC;NPR;125476.10714414399
CELb3;SOMALIA;GBP;246.44352230681133
CELb3;ALGERIA;KHR;9386581.191244328
CELb3;SOLOMON ISLANDS;VUV;321611.76458864915
CELb3;MALDIVES;NAD;52722.63345344325
CELb3;CROATIA;TTD;14772.174191270055
CELb3;DJIBOUTI;CYP;1502.3590850137678
CELb3;INDONESIA;VES;51490.95042676505
cc223;SERBIA;HNL;91887.57558941848
cc223;NIGERIA;MZN;181916.1011176314
cc223;CHILE;HKD;70348.17791640233
cc223;FRENCH POLYNESIA;GMD;512805.15439008956
cc223;SOMALIA;LVL;2363.779277159041
cc223;BURUNDI;TOP;19248.732920110513
cc223;DOMINICA;MUR;509746.6248533615
cc223;LIBERIA;FJD;12521.028134142867
cc223;SOMALIA;MWK;649744.7613995359
cc223;PERU;CLP;9058239.600071851
cc223;SWEDEN;WST;26063.26762530383
cc223;COSTA RICA;HNL;87233.885068008
cc223;MOZAMBIQUE;GNF;97476606.59034315
cc223;TANZANIA, UNITED REPUBLIC OF;XCD;31593.02505945494
cc223;DOMINICAN REPUBLIC;NIO;83684.84551289005
cc223;TAIWAN, PROVINCE OF CHINA;AWG;16788.132613013553
cc223;COSTA RICA;BDT;572914.2707241996
BEMMX;CAYMAN ISLANDS;NOK;34600.17059504158
BEMMX;LIBYAN ARAB JAMAHIRIYA;MYR;12763.976716029478
BEMMX;CZECH REPUBLIC;MVR;129046.45176134126
BEMMX;MAURITIUS;XOF;5407546.89633398
BEMMX;LEBANON;PHP;146021.54942470486
BEMMX;TURKEY;LBP;4404038.943520209
LNXWY;SIERRA LEONE;TOP;1386.8582731796625
LNXWY;PAPUA NEW GUINEA;JMD;128781.30313571774
LNXWY;BARBADOS;BMD;1125.0916007578876
LNXWY;ISRAEL;QAR;2518.3208029984203
LNXWY;NORWAY;PLN;93.71897321403952
LNXWY;BRAZIL;SLL;18816509.26635326
LNXWY;BERMUDA;JPY;30580.45772985058
LNXWY;SWITZERLAND;SOS;637401.8196946456
LNXWY;BAHRAIN;INR;46801.362538310954
LNXWY;AZERBAIJAN;PHP;15235.644352573354
LNXWY;SAMOA;BRL;248.9062019323785
LNXWY;PERU;GTQ;4725.238218658251
LNXWY;THAILAND;BWP;13408.444264470903
LNXWY;HAITI;XCD;1324.5592747574267
LNXWY;GUINEA;AWG;1210.983911841264
LNXWY;GAMBIA;XCD;2679.61939698016
LNXWY;GAMBIA;MVR;6827.339050684321
LNXWY;NETHERLANDS ANTILLES;NAD;19396.653837970596
EKZbb;BERMUDA;CYP;653.0276311805948
EKZbb;BURUNDI;MRO;723424.8749807064
EKZbb;DOMINICA;MZN;79375.06031495893
EKZbb;NEPAL;XOF;682088.0162416613
EKZbb;POLAND;MAD;3647.7665761909434
EKZbb;MACAU;DKK;12449.566674132744
EKZbb;BULGARIA;DZD;105156.16800565297
EKZbb;JORDAN;PKR;187549.6674254079
EKZbb;SYRIAN ARAB REPUBLIC;PHP;51614.00258504273
EKZbb;BOLIVIA;RON;940.522838591344
BGJJJ;GUINEA;IRR;242075768.01259944
BGJJJ;YEMEN;BIF;69898689.11445792
BGJJJ;BOLIVIA;AUD;56228.98430669696
BGJJJ;SURINAME;MUR;2227903.12098252
BGJJJ;GUATEMALA;SVC;281150.95631391805
DDac1;URUGUAY;BGN;11570.27035369511
DDac1;BOTSWANA;MAD;34516.96780983974
DDac1;GAMBIA;KWD;2177.7559882069972
DDac1;FRENCH POLYNESIA;IQD;6678605.022680122
DDac1;NICARAGUA;AUD;17396.316853189444
DDac1;MADAGASCAR;ZWL;4704994.381026085
DDac1;GUATEMALA;BTN;157229.4554980508
DDac1;BURUNDI;AED;24261.46346807784
DDac1;SAO TOME AND PRINCIPE;DJF;1594808.2671563632
DDac1;TONGA;BBD;7297.9445883359695
DDac1;NIGERIA;FJD;16324.4898560797
DDac1;NIGERIA;NPR;165268.7442520187
DDac1;FRENCH POLYNESIA;EUR;1885.6315346208771
DDac1;BERMUDA;DJF;930825.1854245964
DDac1;NORWAY;EGP;50907.11179590136
DDac1;ZIMBABWE;BND;4358.016161680958
DDac1;BOTSWANA;VES;81873.14958455547
AEa23;ZAMBIA;PES;526995.0020406507
AEa23;NEW ZEALAND;FJD;5556.2869186498965
AEa23;HAITI;MYR;3551.9858667035564
AEa23;POLAND;KRW;2473907.4508964904
AEa23;RWANDA;TTD;2419.6964846105257
AEa23;KENYA;AWG;539.1488254419108
AEa23;VANUATU;ANG;5250.653765619725
AEa23;INDIA;BYR;57100922.57736954
AEa23;COLOMBIA;MUR;68062.79187765809
AEa23;SWEDEN;BDT;158585.59417296102
AEa23;ZIMBABWE;KES;346380.743468185
AEa23;SWITZERLAND;CAD;2965.661095606328
AEa23;YEMEN;HKD;6732.552495953523
AEa23;CENTRAL AFRICAN REPUBLIC;LAK;29510958.14037087
AEa23;PARAGUAY;HKD;9296.218500329838
EGGWW;SUDAN;SGD;31535.0536270508
BFGJL;THAILAND;XOF;9878497.141798222
BFGJL;SAO TOME AND PRINCIPE;BMD;249.08433473595224
BFGJL;LIBERIA;MRO;517524.9232648008
BFGJL;ARGENTINA;HKD;112799.8342663404
BFGJL;PHILIPPINES;SOS;8690146.164189354
BFGJL;CROATIA;MUR;332292.1852481353
BFGJL;ARGENTINA;ARS;2293303.8551937016
BFGJL;TOGO;CZK;361280.18052924733
BFGJL;ZIMBABWE;VES;279938.20420563355
BFGJL;AUSTRALIA;KRW;9235295.846648816
BFGJL;SOUTH AFRICA;GTQ;98766.45575453648
BFGJL;CAPE VERDE;KHR;54372373.75255215
BFGJL;QATAR;XPF;393672.253526859
ACEM3;SYRIAN ARAB REPUBLIC;DKK;33863.39500564039
ACEM3;VIET NAM;PES;99449.75852311663
ACEM3;MAURITIUS;CAD;6989.277387393212
ACEM3;QATAR;VES;132983.78829075804
ACEM3;CZECH REPUBLIC;BGN;17443.492533942626
ACEM3;UGANDA;DZD;799794.2847489283
ACEM3;BELIZE;TRY;130082.82395654012
CKabb;UNITED KINGDOM;TTD;18587.160592553206
CKabb;SOLOMON ISLANDS;CRC;3745109.9981371225
CKabb;NEPAL;KZT;900686.5731002241
CKabb;INDIA;QAR;9517.287027686018
CKabb;MAURITANIA;HUF;4257261.146953137
CKabb;SERBIA;ZMW;51137.900144583575
CKabb;COLOMBIA;LRD;456330.58519552514
CKabb;VIET NAM;TZS;3754376.0290284567
CKabb;SAO TOME AND PRINCIPE;MOP;95188.24740224077
CKabb;CZECH REPUBLIC;BND;5318.864470048652
CKabb;KENYA;ZMW;125104.86673669112
CKabb;UGANDA;KYD;9487.392873788847
CKabb;DOMINICA;ISK;652932.0001752481
CKabb;TAIWAN, PROVINCE OF CHINA;BND;11427.772907605302
CKabb;UKRAINE;GNF;47184512.48028538
CKabb;NICARAGUA;KZT;1961935.099402686
CKabb;UNITED ARAB EMIRATES;MGA;25468754.196398925
CHccc;CENTRAL AFRICAN REPUBLIC;KRW;5387323.536993672
CHccc;ALGERIA;NOK;31848.050331348943
FM333;VIET NAM;JMD;878189.6168708806
EGHHM;MOZAMBIQUE;CHF;1152.1535360859468
EGHHM;RUSSIAN FEDERATION;BDT;66150.38341973007
EGHHM;HONG KONG;BIF;321454.06668401987
EGHHM;LIBERIA;ZWL;752221.9447403745
EGHHM;BAHAMAS;TND;1479.3954408124628
EGHHM;SEYCHELLES;PEN;6373.484070173395
EGHHM;PHILIPPINES;BYR;35597214.66016657
EGHHM;SURINAME;TZS;2031524.9641704338
DKXX2;DENMARK;AZN;2223.297464802007
DKXX2;LIBYAN ARAB JAMAHIRIYA;GHS;33015.7299369437
DKXX2;NAMIBIA;BGN;8564.356562055898
DKXX2;HAITI;DJF;968844.6082079015
DKXX2;GUYANA;ILS;16315.160492053259
DKXX2;GUYANA;AUD;11221.716734118272
DKXX2;JAPAN;CYP;1117.545367344697
