;Client;Country;Currency;Transaction
0;BBBCG;GHANA;EUR;3301.946483801941
1;BBBCG;MAURITANIA;TZS;18143864.608560726
2;BBBCG;SOUTH AFRICA;PEN;31201.26601161651
3;BBBCG;VENEZUELA;SAR;32370.243502538902
4;BBBCG;POLAND;XOF;1416759.7858949006
5;BBBCG;KOREA, REPUBLIC OF;FJD;7610.277705046069
6;BBBCG;KOREA, REPUBLIC OF;VUV;619128.1545354399
7;BBBCG;GUATEMALA;SAR;13930.495050486488
8;BBBCG;BARBADOS;GTQ;13999.228987440096
9;BBBCG;BOTSWANA;ETB;306555.7241132482
10;BBBCG;THAILAND;HUF;2598987.1077219862
11;BBBCG;BANGLADESH;JPY;926464.2283527642
12;BBBCG;UGANDA;NPR;721916.8103004857
13;BBBCG;KOREA, REPUBLIC OF;PES;453268.0871467693
14;BBBCG;AZERBAIJAN;RUB;147163.0920347158
15;BBBCG;VIET NAM;JOD;6368.762408738531
16;BBBCG;MALDIVES;UGX;6563637.951597135
17;BBBCG;CAMBODIA;MWK;4449045.909566961
18;BBBCG;KAZAKHSTAN;BMD;8942.518790259865
19;CLYZc;CAYMAN ISLANDS;ILS;6519.815349554666
20;CLYZc;BELARUS;VND;54017099.977375
21;CLYZc;ALGERIA;IRR;52385752.22460336
22;CLYZc;LATVIA;TZS;712847.8054735833
23;CLYZc;AZERBAIJAN;MRO;426480.10455751227
24;CLYZc;IRAQ;VND;41766010.745690934
25;CLYZc;PERU;BWP;5188.629006363252
26;CLYZc;MALAWI;TOP;4173.4531965570095
27;CIKLY;ARUBA;IDR;672138938.3474609
28;CIKLY;SEYCHELLES;BWP;511560.8005708866
29;CIKLY;UNITED ARAB EMIRATES;IQD;6080545.863601206
30;CIKLY;SWAZILAND;CNY;98662.91902537525
31;CIKLY;JAPAN;LAK;95934153.20280704
32;CIKLY;RWANDA;XCD;138414.42343035105
33;CIKLY;CZECH REPUBLIC;RON;282781.88603060023
34;CIKLY;TOGO;YER;2402382.3471068335
35;CIKLY;PANAMA;BMD;48720.161812488484
36;CIKLY;RWANDA;EGP;1140851.8593413653
37;CIKLY;DOMINICAN REPUBLIC;BIF;69115410.95651513
38;EIJY2;DOMINICA;JMD;429065.76048458257
39;EIJY2;VIET NAM;SVC;50276.609414271305
40;EIJY2;SOUTH AFRICA;VUV;624208.9637748174
41;EIJY2;COSTA RICA;MYR;13135.637259127228
42;EIJY2;SIERRA LEONE;VES;290507.11576196837
43;EIJY2;SOLOMON ISLANDS;SRD;200200.46102207492
44;EIJY2;SEYCHELLES;EUR;7601.972458370386
45;EJZ23;BANGLADESH;TND;645.1064801461599
46;EJZ23;ZIMBABWE;ZAR;11250.425691356844
47;EJZ23;SURINAME;GBP;95.66012917090295
48;EJZ23;CHILE;LRD;17449.27900791906
49;HHMY3;HUNGARY;BND;38087.547491407444
50;HHMY3;UGANDA;WST;54369.7933439562
51;HHMY3;SEYCHELLES;BBD;19854.75584616991
52;HHMY3;MAURITIUS;MWK;27525668.537484955
53;HHMY3;ARGENTINA;HKD;121195.95030826343
54;HHMY3;PERU;KHR;128687389.75170404
55;HHMY3;BAHRAIN;VND;341464654.42483914
56;HHMY3;MALAWI;AUD;9885.09653671846
57;HHMY3;TANZANIA, UNITED REPUBLIC OF;ZMW;229361.51911581124
58;BLMac;DENMARK;SBD;43607.917321719426
59;BLMac;CAMBODIA;BDT;658658.2157425762
60;BLMac;OMAN;RWF;16067192.765282368
61;BLMac;FIJI;ZMW;75166.12302996514
62;BLMac;TAIWAN, PROVINCE OF CHINA;LRD;2387697.376954025
63;BLMac;SWAZILAND;YER;4030692.421423997
64;BLMac;MEXICO;AUD;24230.113890151122
65;BLMac;IRAQ;THB;163425.75479144749
66;BLMac;BOLIVIA;JPY;3350689.0694435113
67;GXYZZ;ROMANIA;NAD;429154.4125870401
68;GXYZZ;PARAGUAY;CHF;35105.593976189324
69;EJLWb;BOLIVIA;PYG;913223.7688091592
70;EJLWb;FIJI;BRL;2622.2925965725494
71;EJLWb;LIBERIA;UYU;24393.155467640485
72;EJLWb;QATAR;CRC;356184.2626273903
73;EJLWb;THAILAND;ISK;10783.06191029086
74;EJLWb;PAPUA NEW GUINEA;MXN;10514.332003866471
75;EJLWb;SINGAPORE;ZWL;248709.3235831127
76;EJLWb;TONGA;PAB;506.90198609300637
77;EJLWb;KAZAKHSTAN;MAD;2952.3928127895015
78;IJJLZ;SUDAN;NAD;39146.69119197133
79;IJJLZ;BRAZIL;TRY;27575.02308002798
80;IJJLZ;YEMEN;NOK;2586.854163635322
81;IJJLZ;TAIWAN, PROVINCE OF CHINA;SDG;447508.3740936125
82;IJJLZ;MADAGASCAR;KES;266960.44758430676
83;IJJLZ;LIBYAN ARAB JAMAHIRIYA;VES;9929.10531854737
84;CCFWW;URUGUAY;LKR;6091984.736615353
85;CCFWW;KENYA;UYU;64618.96413834777
86;CCFWW;ICELAND;AOA;803759.5682465143
87;CCFWW;MADAGASCAR;UGX;29551974.064142097
88;CCFWW;SERBIA;UAH;102089.74568964905
89;CCFWW;CZECH REPUBLIC;RUB;154579.302215962
90;FMMWZ;THAILAND;ALL;144785.1656647717
91;FMMWZ;EL SALVADOR;SEK;188914.29741792387
92;FMMWZ;GAMBIA;DOP;510939.3608733525
93;FMMWZ;SIERRA LEONE;TZS;52233355.205996625
94;FMMWZ;MACAU;IQD;12301410.273450585
95;AAEL3;MOROCCO;UGX;88327547.19915037
96;AAEL3;IRAQ;GHS;87177.44680937685
97;AAEL3;PANAMA;ILS;53819.61348921106
98;AAEL3;MADAGASCAR;BBD;15732.224257346195
99;AAEL3;BELARUS;DJF;3050801.695326187
100;AAEL3;VENEZUELA;VUV;2973285.11959084
101;AAEL3;ISRAEL;KHR;99652304.26248308
102;BJK23;ALBANIA;XPF;876333.3365920229
103;BJK23;LATVIA;BIF;5741126.667329244
104;BJK23;CHILE;BDT;207241.9610350068
105;BJK23;VANUATU;AOA;5525891.088268071
106;BJK23;SYRIAN ARAB REPUBLIC;STD;46690528.54010195
107;BJK23;NIGERIA;CAD;11092.106128540392
108;BJK23;DOMINICA;DJF;1073158.884928641
109;BJK23;MEXICO;BTN;337311.28398347524
110;BJK23;SIERRA LEONE;PLN;37619.858757370894
111;BJK23;GUINEA;XAF;10632780.943268431
112;BJK23;OMAN;HTG;406795.5460867733
113;BJK23;BURUNDI;SZL;242497.00687720743
114;BJK23;NEPAL;CHF;15399.97222574448
115;BJK23;KUWAIT;SOS;69185.30348724649
116;BJK23;TONGA;PKR;2133656.8750819396
117;BJK23;HUNGARY;KHR;60190794.51379284
118;HLc33;VANUATU;BTN;1001397.3675291683
119;HLc33;EL SALVADOR;MAD;49773.01879325148
120;AEEMa;TAIWAN, PROVINCE OF CHINA;ANG;10539.261477172024
121;AEEMa;MYANMAR;IRR;337123837.6979028
122;AEEMa;RWANDA;PES;607749.9187557881
123;AEEMa;RWANDA;KWD;87.87691401852429
124;AEEMa;JAMAICA;PYG;3824711.6430668333
125;AEEMa;SWITZERLAND;CNY;19431.258224919347
126;AEEMa;ARUBA;PAB;7438.480689753558
127;AEEMa;LIBYAN ARAB JAMAHIRIYA;AZN;9160.72266338132
128;FHHHK;SIERRA LEONE;BSD;8388.41835786792
129;FHHHK;QATAR;IRR;92390085.64598858
130;FHHHK;VENEZUELA;UAH;256591.5519706279
131;FHHHK;SINGAPORE;SAR;8097.791317294916
132;FHHHK;MALAYSIA;VUV;501837.34418656374
133;FHHHK;ZAMBIA;VND;46683892.82969082
134;FHHHK;PAPUA NEW GUINEA;ISK;837995.9811842392
135;FHHHK;NEPAL;LRD;49239.66014030505
136;BGWZZ;MOZAMBIQUE;CLP;400966.05439907423
137;BGWZZ;NAMIBIA;NGN;121499.30741580212
138;BGWZZ;BANGLADESH;IDR;4630581.128262802
139;ACGLa;KUWAIT;JPY;65731.2503024929
140;ACGLa;AZERBAIJAN;TWD;24795.00730888274
141;ACGLa;NAMIBIA;FJD;2081.7167688094623
142;ACGLa;PHILIPPINES;ZAR;10929.842988326938
143;ACGLa;SEYCHELLES;XAF;36327.52322421883
144;ACGLa;BAHAMAS;COP;1877567.0637281425
145;LVYYc;PERU;GMD;689069.4258347814
146;LVYYc;HONDURAS;CAD;7700.219268340252
147;LVYYc;KUWAIT;NPR;168480.26244468323
148;LVYYc;MYANMAR;CLP;13611071.022015765
149;LVYYc;PERU;COP;69078988.99827859
150;LVYYc;ETHIOPIA;GTQ;112901.31923897554
151;LVYYc;SOMALIA;NZD;11048.90619319466
152;LVYYc;CAMBODIA;MOP;141967.8121559011
153;LVYYc;ZAMBIA;FJD;2492.701452351054
154;LVYYc;MALDIVES;SVC;146654.94323827332
155;LVYYc;EL SALVADOR;LKR;4892547.222456974
156;LVYYc;POLAND;SEK;137864.07489173595
157;LVYYc;SIERRA LEONE;CYP;4583.4285037555655
158;LVYYc;EURO;RSD;190171.42183282028
159;LVYYc;MALAWI;PLN;38356.68883362132
160;LVYYc;TONGA;ILS;11870.74189997202
161;LVYYc;CAPE VERDE;BND;790.5528381838701
162;LVYYc;TURKEY;BTN;1574633.526360169
163;AFJZZ;COLOMBIA;QAR;4023.6495543556116
164;AFJZZ;TANZANIA, UNITED REPUBLIC OF;BMD;1973.2364324632206
165;AFJZZ;VIET NAM;NOK;27530.88221820486
166;AFJZZ;EL SALVADOR;NOK;13142.394269652252
167;AFJZZ;BELIZE;RSD;541041.1967284881
168;AFJZZ;UGANDA;LAK;1168513.392894845
169;AFJZZ;NETHERLANDS ANTILLES;LAK;21203649.275237713
170;AFJZZ;SIERRA LEONE;BZD;5776.020126748865
171;AFJZZ;GUYANA;CLP;1407397.2286791997
172;AFJZZ;PARAGUAY;BOB;6725.7950939582715
173;AFJZZ;ZIMBABWE;MOP;17201.983910798346
174;AAGIM;UNITED KINGDOM;CHF;774.2280770521577
175;AAGIM;CHINA;KRW;1760546.4520464551
176;AAGIM;MYANMAR;NAD;14175.488135147156
177;AAGIM;PERU;SRD;67627.00372628057
178;AAGIM;KAZAKHSTAN;ALL;22486.84340110451
179;AAGIM;NEPAL;EUR;975.7853628669069
180;AAGIM;TURKEY;MOP;3365.1864822483863
181;AAGIM;VENEZUELA;VES;4100.081133682388
182;AAGIM;AZERBAIJAN;VES;4693.993775664335
183;VZaab;SAMOA;BRL;22641.67785481798
184;VZaab;NIGERIA;ZMW;165662.8856571004
185;VZaab;KUWAIT;XAF;676834.7601724723
186;VZaab;PERU;VES;310591.53536250995
187;DEXbc;DENMARK;HRK;27479.145552242724
188;DEXbc;DOMINICAN REPUBLIC;TRY;25995.301083437367
189;DEXbc;CROATIA;ANG;4484.985212336759
190;DEXbc;GUYANA;GNF;42246451.720056124
191;DEXbc;KAZAKHSTAN;BMD;3040.6979350098886
192;DEXbc;HAITI;UYU;31440.604434064444
193;DEXbc;FIJI;KHR;19889490.73093036
194;DEXbc;HUNGARY;MOP;37165.87754235829
195;DEXbc;EGYPT;ALL;532084.2660860182
196;DEXbc;TURKEY;PKR;948036.4736714974
197;DEXbc;VANUATU;AUD;560.6270065871496
198;DEXbc;RWANDA;ZWL;1109517.4279158413
199;DEXbc;VIET NAM;SDG;2336070.7165525304
200;CELWW;CENTRAL AFRICAN REPUBLIC;BBD;45037.02216718978
201;CELWW;MAURITIUS;JOD;12709.842768471717
202;CELWW;TURKEY;DOP;1023957.8440948841
203;CELWW;HAITI;YER;1017993.4522938892
204;CELWW;VIET NAM;XAF;12432635.1180543
205;CELWW;VANUATU;TND;27628.795848259313
206;CELWW;CANADA;STD;124220505.83092898
207;CELWW;GHANA;UAH;115843.33826631754
208;CELWW;SYRIAN ARAB REPUBLIC;JMD;1942610.9683947207
209;CELWW;CROATIA;VES;-3866.9646872453977
210;CELWW;NIGERIA;BDT;1048039.4332003901
211;CELWW;THAILAND;SYP;11124619.087117491
212;CELWW;LIBERIA;CLP;22799036.410752334
213;CELWW;JAMAICA;IQD;14183128.24975533
214;CELWW;BELIZE;BBD;45195.46375792748
215;CELWW;COSTA RICA;SBD;3285.899643029792
216;CELWW;HONDURAS;AUD;1031.5207730318677
217;CELWW;BHUTAN;LAK;152758271.35740927
218;CELWW;IRAN (ISLAMIC REPUBLIC OF);EUR;19365.89234828535
219;CELWW;KAZAKHSTAN;BGN;9743.379458304593
220;EHVW2;RWANDA;PYG;72758499.26781957
221;EHVW2;IRAN (ISLAMIC REPUBLIC OF);VUV;1218315.1394240297
222;EHVW2;NIGERIA;FJD;20581.095819108643
223;EHVW2;BARBADOS;SLL;109068563.86391525
224;EHVW2;GUYANA;CAD;16789.070815051935
225;EHVW2;ZAMBIA;KZT;4824709.833633548
226;EHVW2;ETHIOPIA;BOB;59777.81102060681
227;EHVW2;FIJI;BBD;5857.955062315886
228;ABCHY;AUSTRALIA;MZN;35399.293147095734
229;ABCHY;VANUATU;IQD;105547.91006120604
230;ABCHY;KENYA;UAH;10047.395482120115
231;ABCHY;UKRAINE;LVL;455.28515487692306
232;ABCHY;CAMBODIA;ARS;102183.1692349386
233;ABCHY;SAUDI ARABIA;MUR;16995.074386428918
234;ABCHY;KOREA, REPUBLIC OF;TZS;164398.40236663353
235;BBIX1;FRENCH POLYNESIA;WST;14295.05289367612
236;BBIX1;EURO;TTD;3749.055470160014
237;Naabb;RWANDA;CAD;11594.378205616322
238;Naabb;TAIWAN, PROVINCE OF CHINA;ANG;12522.955665787551
239;Naabb;NETHERLANDS ANTILLES;ARS;1155684.1310963023
240;Naabb;BAHRAIN;MAD;35773.83663737697
241;Naabb;PHILIPPINES;INR;271718.597743463
242;Naabb;PARAGUAY;SCR;60909.61029484619
243;Naabb;TOGO;AOA;2313747.0157005847
244;Naabb;PERU;NOK;52249.99510133582
245;Naabb;RWANDA;GYD;1813385.2441483364
246;Naabb;VENEZUELA;SVC;504.66255509966214
247;Naabb;LATVIA;BOB;52436.743957422535
248;Naabb;BAHAMAS;SOS;644795.2143167879
249;Naabb;PHILIPPINES;LYD;39414.07443477765
250;Naabb;JAMAICA;COP;53384644.96953258
251;Naabb;GAMBIA;TZS;19615197.4058679
252;AVW33;MALDIVES;GHS;14728.693884141023
253;AVW33;NAMIBIA;YER;2561948.2312974045
254;AVW33;BELIZE;XPF;1153062.6690642645
255;AVW33;ICELAND;BTN;101603.32654638251
256;AVW33;MALAWI;LAK;186598418.6690635
257;AVW33;SRI LANKA;PYG;11273161.781422347
258;AGHHZ;SEYCHELLES;GMD;18631.912682431568
259;AGHHZ;GUATEMALA;AZN;2279.7124803157694
260;AGHHZ;DJIBOUTI;GTQ;7787.253218971576
261;AGHHZ;BRUNEI DARUSSALAM;GHS;17224.598742906877
262;AGHHZ;EURO;CNY;3792.0160988415482
263;AGHHZ;MYANMAR;MVR;12555.031716106381
264;AGHHZ;THAILAND;MVR;8758.871462693072
265;AGHHZ;PERU;SBD;7228.325379158956
266;AGHHZ;BRAZIL;TWD;38895.63239310238
267;AGHHZ;MALDIVES;LYD;5375.997154294237
268;AGHHZ;VIET NAM;KZT;530593.2237650587
269;AGHHZ;CAPE VERDE;CRC;137375.48073893882
270;AGHHZ;MALAWI;PKR;30099.763213576178
271;AGHHZ;LIBERIA;NPR;8906.45393153588
272;AGHHZ;MAURITIUS;CHF;6.184419542716702
273;IYYZ3;ARUBA;CVE;434855.1575715609
274;IYYZ3;PANAMA;ZAR;37288.6565021715
275;IYYZ3;MOROCCO;XAF;4066244.681797874
276;IYYZ3;KOREA, REPUBLIC OF;CAD;10359.663049314822
277;IYYZ3;HONG KONG;CAD;484.69759248779826
278;IYYZ3;TUNISIA;BDT;1134865.6996074554
279;IYYZ3;GAMBIA;COP;20219818.30192694
280;IYYZ3;SWAZILAND;NIO;112417.5720209619
281;IYYZ3;UNITED KINGDOM;TOP;25497.51386865728
282;AAcc3;COSTA RICA;THB;133.89232584953078
283;AAcc3;GUATEMALA;KWD;0.8042440891709272
284;AAcc3;TONGA;MVR;48.58710315339723
285;AAcc3;SOUTH AFRICA;VUV;358.57452113624356
286;AAcc3;NIGERIA;NAD;61.922074988389205
287;AAcc3;OMAN;SDG;1352.6104038309734
288;AAcc3;AZERBAIJAN;PGK;12.51791319964403
289;AAcc3;PAPUA NEW GUINEA;CYP;4.824076302418676
290;AAcc3;GHANA;ZMW;123.78423851631283
291;AAcc3;TAIWAN, PROVINCE OF CHINA;AED;34.04733878645062
292;AAcc3;LATVIA;SGD;3.5325031093448205
293;AAcc3;VIET NAM;SEK;23.854151132638318
294;AAcc3;CANADA;BDT;38.401345524334424
295;AAcc3;BELARUS;BHD;2.726212714384173
296;AAcc3;NIGERIA;PLN;30.65265263860508
297;DFIJ3;CYPRUS;DOP;343289.79741165723
298;HLMVY;BOTSWANA;ETB;4066.8929274241227
299;HLMVY;TAIWAN, PROVINCE OF CHINA;OMR;225.68483879884263
300;HLMVY;KOREA, REPUBLIC OF;BDT;70815.80981389638
301;HLMVY;CENTRAL AFRICAN REPUBLIC;TOP;208.62894254594687
302;HLMVY;TAIWAN, PROVINCE OF CHINA;NZD;825.1119086528685
303;HLMVY;INDIA;TOP;1520.2332860357637
304;HLMVY;FRENCH POLYNESIA;AOA;204544.22918840274
305;HLMVY;UNITED KINGDOM;ZWL;15664.840790189699
306;HLMVY;OMAN;BOB;4291.766912459393
307;HLMVY;SIERRA LEONE;BTN;18726.135703447795
308;HLMVY;LATVIA;IDR;4816594.497731497
309;HLMVY;MACAU;ALL;82305.3479803486
310;HLMVY;SAO TOME AND PRINCIPE;ALL;73390.36568477123
311;HLMVY;ALGERIA;PHP;22839.74220174458
312;HLMVY;MOROCCO;IQD;1122736.4121548664
313;HLMVY;MOROCCO;XCD;1930.7888882083485
314;BFHb3;UNITED ARAB EMIRATES;KRW;28559810.841227278
315;BFHb3;QATAR;SVC;75499.86592864421
316;BFHb3;SAMOA;TZS;58471011.206361264
317;BFHb3;BOTSWANA;KZT;7112475.624530932
318;BFHb3;ZAMBIA;HUF;9253102.93277234
319;BFHb3;EGYPT;TOP;26220.060582336428
320;BFHb3;GAMBIA;LRD;4250456.259923257
321;BFHb3;SAUDI ARABIA;LVL;2783.9755627332056
322;BFHb3;GHANA;BMD;38932.5778208996
323;BFHb3;ARGENTINA;NAD;163949.80340584766
324;DXYa2;CAYMAN ISLANDS;STD;36596086.68572687
325;DXYa2;ARUBA;BGN;285.1994299918682
326;DXYa2;ETHIOPIA;GTQ;1230.6530180770162
327;DXYa2;CROATIA;SYP;569633.4957233573
328;DXYa2;CROATIA;RSD;256939.23270931677
329;DXYa2;ALGERIA;CLP;2250995.654308665
330;DXYa2;EURO;PAB;2069.457056614095
331;DXYa2;SYRIAN ARAB REPUBLIC;DJF;144863.97583992025
332;DXYa2;ALBANIA;YER;541040.2824287879
333;DXYa2;CYPRUS;QAR;6705.743600159487
334;DDJLb;SWAZILAND;MOP;89126.60201594216
335;DDJLb;EGYPT;GHS;113764.33003151922
336;DDJLb;MACAU;NIO;408807.0919908358
337;DDJLb;BRAZIL;KHR;50517404.67075546
338;DDJLb;KAZAKHSTAN;SLL;246771928.21874174
339;DDJLb;NORWAY;GBP;8811.376268143325
340;DDJLb;DOMINICA;CLP;4781489.383665857
341;DDJLb;ISRAEL;CYP;5712.04409316207
342;DDJLb;TRINIDAD AND TOBAGO;ISK;228245.92405614897
343;DDJLb;EL SALVADOR;KES;933220.1398030125
344;DFHNb;PERU;MYR;53531.5063967404
345;DFHNb;KUWAIT;UYU;535942.1847453163
346;DFHNb;PHILIPPINES;UYU;553406.852551401
347;DFHNb;BHUTAN;GMD;671744.8241269373
348;DFHNb;UGANDA;EGP;165882.6345603892
349;DFHNb;NIGERIA;OMR;5556.686799599256
350;DFHNb;SAMOA;DZD;1986570.710599249
351;DFHNb;GUYANA;NZD;18223.832492921923
352;DFHNb;ISRAEL;PLN;10298.091052592576
353;LVab1;CAPE VERDE;TND;43.25658800273945
354;LVab1;BERMUDA;MWK;8080655.799445855
355;LVab1;GAMBIA;UAH;139468.02241891174
356;LVab1;LIBERIA;DKK;46695.781622054295
357;LVab1;PERU;TRY;116341.0938302473
358;LVab1;OMAN;DKK;60164.568089274
359;LVab1;BHUTAN;NOK;61191.53833587599
360;LVab1;YEMEN;NPR;58514.34186066296
361;LVab1;SAO TOME AND PRINCIPE;UYU;158661.0386951918
362;LVab1;SERBIA;HKD;49647.322188445825
363;LVab1;KENYA;MUR;173066.91133561678
364;LVab1;CZECH REPUBLIC;RUB;526884.5168148153
365;LVab1;BURUNDI;DJF;468856.4869335153
366;LVab1;URUGUAY;DJF;706857.4937825331
367;LVab1;UGANDA;TRY;76186.44565478366
368;LVab1;POLAND;TZS;3856314.0453707515
369;LVab1;NORWAY;EUR;6412.102331557946
370;LVab1;GHANA;MRO;3296941.7053316147
371;LVab1;SIERRA LEONE;PHP;581739.02280357
372;JVYb1;SAMOA;GHS;169599.09381262897
373;BDIXc;BULGARIA;AUD;3051.583739266292
374;BDIXc;BRUNEI DARUSSALAM;CYP;445.0178033387115
375;BDIXc;PERU;SZL;13462.84697053177
376;BDIXc;IRAN (ISLAMIC REPUBLIC OF);RUB;53260.952830917515
377;BDIXc;NETHERLANDS ANTILLES;PHP;540.9390202849486
378;BDIXc;PERU;HNL;58393.572337776684
379;BDIXc;BELARUS;KES;159808.15472402188
380;BDIXc;BANGLADESH;KWD;227.18051229453368
381;BDIXc;UNITED ARAB EMIRATES;NGN;985378.7552548088
382;BDIXc;SRI LANKA;DOP;104311.65055449615
383;BDIXc;CZECH REPUBLIC;BTN;61545.99677740431
384;BDIXc;SEYCHELLES;CNY;10830.468832358358
385;BDIXc;MAURITANIA;ISK;81091.18364011306
386;BDIXc;HONDURAS;SRD;27282.87147217892
387;BDIXc;CYPRUS;KZT;605891.94112869
388;BDIXc;BRUNEI DARUSSALAM;CVE;226123.51374502058
389;BDIXc;PANAMA;KZT;944603.6316093308
390;BDIXc;CANADA;SEK;15258.85529520415
391;BDIXc;GHANA;TRY;33288.05051342302
392;EFHc2;UKRAINE;BYR;32630995.85926029
393;EFHc2;URUGUAY;NIO;203457.4838770145
394;BWZ23;UNITED KINGDOM;MOP;47558.12463868373
395;BWZ23;OMAN;TWD;20597.937585951528
396;BWZ23;PARAGUAY;LRD;2332295.772689169
397;BWZ23;BERMUDA;LKR;3638803.604802384
398;BWZ23;BARBADOS;RUB;949799.1276791854
399;BWZ23;JAMAICA;KRW;21902716.373535957
400;BWZ23;ARGENTINA;LAK;236564443.7160113
401;BWZ23;BULGARIA;LRD;1357242.6373641135
402;BWZ23;HONG KONG;DZD;2268113.506468561
403;BWZ23;ROMANIA;PYG;56061582.9063105
404;BWZ23;SOUTH AFRICA;HUF;754629.4194389541
405;BWZ23;RWANDA;AOA;1641059.935935685
406;BWZ23;TAIWAN, PROVINCE OF CHINA;HUF;684478.8506643943
407;BWZ23;BULGARIA;SAR;1064.3358721991206
408;BWZ23;CAYMAN ISLANDS;BOB;101071.84629044685
409;BWZ23;BARBADOS;BRL;35582.334114257814
410;BWZ23;CAPE VERDE;PKR;2544483.5804408845
411;GILMV;EURO;DKK;5227.767452809993
412;GILMV;HAITI;SDG;634910.2275092537
413;GILMV;GUINEA;AZN;2084.631492621237
414;BHKMb;SOLOMON ISLANDS;MWK;4654636.230346074
415;BHKMb;OMAN;WST;8600.436170692927
416;BHKMb;INDONESIA;CLP;5585560.18174557
417;BHKMb;ARUBA;SEK;39140.88321925744
418;BHKMb;MEXICO;CVE;504596.60177633096
419;BHKMb;KOREA, REPUBLIC OF;BIF;13316253.069990976
420;BHKMb;UNITED KINGDOM;SLL;99911790.71916364
421;BHKMb;HAITI;LVL;4222.599651515891
422;BHKMb;SWAZILAND;RON;26782.829363827754
423;BHKMb;SAMOA;RON;28935.61243305546
424;BHKMb;BRUNEI DARUSSALAM;COP;36285328.26322688
425;BHKMb;MACAU;SRD;94326.98225584633
426;BHKMb;CHINA;TRY;4888.608867824846
427;BHKMb;BHUTAN;TRY;43770.102653780596
428;BHKMb;TONGA;IRR;154751216.13151065
429;BHKMb;UNITED KINGDOM;GMD;65309.921656501734
430;BHKMb;PAPUA NEW GUINEA;BMD;6658.733601780514
431;BHKMb;HUNGARY;KHR;12782333.424006654
432;BHKMb;ZIMBABWE;GNF;5755225.906697754
433;DDEK3;CYPRUS;BZD;2404.354587319085
434;DDEK3;ANGOLA;GTQ;640.3904699285225
435;DDEK3;KOREA, REPUBLIC OF;RSD;172795.2204549562
436;DDEK3;NORWAY;MZN;15857.916166930827
437;DDEK3;MADAGASCAR;LRD;285909.34686164634
438;DDEK3;URUGUAY;MZN;104068.34494630752
439;DDEK3;GUYANA;UYU;682.03430839867
440;DDEK3;CENTRAL AFRICAN REPUBLIC;SLL;24308415.57600375
441;DDEK3;UGANDA;IDR;18926751.613227595
442;DDEK3;CROATIA;XPF;42773.41427967174
443;DDEK3;MALAYSIA;IDR;9458816.608377112
444;DDEK3;TRINIDAD AND TOBAGO;MRO;550859.0195624604
445;DDEK3;FRENCH POLYNESIA;SGD;2418.7429952318435
446;DDEK3;HUNGARY;LRD;40400.233795667424
447;DDEK3;AZERBAIJAN;MUR;22502.48667035156
448;DDEK3;JAPAN;UGX;6498171.478592105
449;DDEK3;BELIZE;IRR;9326310.720943827
450;DDEK3;VIET NAM;NOK;8616.80838514445
451;DWac3;IRAN (ISLAMIC REPUBLIC OF);UAH;130289.84723586377
452;DWac3;GUINEA;AZN;2048.5912927845584
453;DWac3;KUWAIT;RON;24857.041604385802
454;DWac3;MOZAMBIQUE;BSD;3467.2504344632903
455;DWac3;UGANDA;JPY;730483.1647037246
456;DWac3;SUDAN;BWP;51513.869625236366
457;DWac3;PAPUA NEW GUINEA;VND;13197515.521296501
458;DWac3;JAPAN;ILS;9753.987251472365
459;DWac3;VANUATU;RSD;197067.8245381982
460;DWac3;BRAZIL;INR;351234.82146948884
461;DWac3;ISRAEL;RWF;768357.3664127842
462;DWac3;LIBERIA;IRR;47042957.54302344
463;DWac3;NEPAL;GBP;1229.3479395310642
464;DWac3;KOREA, REPUBLIC OF;BDT;432410.1556054329
465;DWac3;BELIZE;VND;5298683.0154726105
466;DWac3;MADAGASCAR;ARS;59893.04731957448
467;DWac3;MALAWI;ETB;187739.91146059553
468;DWac3;CENTRAL AFRICAN REPUBLIC;RSD;149535.5062142432
469;FLMNc;SEYCHELLES;XCD;420.9003287902496
470;FLMNc;PARAGUAY;THB;55761.13595852249
471;FLMNc;IRAN (ISLAMIC REPUBLIC OF);SEK;17167.772881596233
472;FLMNc;AUSTRALIA;SLL;15043167.814230235
473;FLMNc;AZERBAIJAN;MUR;34564.02596704552
474;FLMNc;SWITZERLAND;UAH;75151.35779960164
475;FLMNc;SAO TOME AND PRINCIPE;DZD;247841.59525733054
476;FLMNc;TAIWAN, PROVINCE OF CHINA;AUD;1364.9100171491336
477;FLMNc;IRAQ;AUD;2789.780462478164
478;FLMNc;BAHRAIN;ETB;42191.29993256519
479;FLMNc;AZERBAIJAN;SEK;15824.482010480342
480;FLMNc;NETHERLANDS ANTILLES;BND;3612.8934131353585
481;FLMNc;HONG KONG;GBP;1604.3465918404777
482;FLMNc;UGANDA;SYP;871101.8151173918
483;FLMNc;GUATEMALA;LAK;12687808.291049637
484;FLMNc;BHUTAN;AOA;185871.03537167594
485;FLMNc;MACAU;KYD;1785.8962676699045
486;FLMNc;PERU;IQD;544206.2568500006
487;FLMNc;CENTRAL AFRICAN REPUBLIC;MGA;5220174.115802313
488;CEGV3;TURKEY;MYR;28152.067514439943
489;CEGV3;HONG KONG;LYD;42926.60678063113
490;CEGV3;URUGUAY;ZAR;35385.980082365204
491;CEGV3;ICELAND;LAK;370886905.0081922
492;CEGV3;BELIZE;PYG;138814489.00486887
493;CEGV3;MADAGASCAR;TND;331.17479683672696
494;CEGV3;BERMUDA;GYD;751747.3790847912
495;CEGV3;PHILIPPINES;GYD;2075863.4365984397
496;CEGV3;CHILE;MMK;29007266.47325376
497;CEGV3;ARGENTINA;KZT;8326210.917099867
498;CEGV3;PERU;YER;3375852.4045673446
499;CEGV3;PERU;CNY;145679.71131316904
500;CEGV3;ARGENTINA;RSD;1183057.364532713
501;CEGV3;NAMIBIA;NAD;267965.6269485091
502;CEGV3;UNITED ARAB EMIRATES;INR;69075.74030200967
503;CEGV3;SWAZILAND;CHF;-73.15923864955278
504;CEGV3;PARAGUAY;SGD;26657.462153867367
505;CEGV3;SIERRA LEONE;GTQ;115907.87135818037
506;CEGV3;PAKISTAN;PKR;2423584.319068437
507;Z1133;SIERRA LEONE;DOP;1008455.6020371527
508;Z1133;AUSTRALIA;ISK;1229485.3067227877
509;Z1133;TUNISIA;AED;54064.26845114203
510;Z1133;ARGENTINA;EUR;12278.692829016647
511;Z1133;SINGAPORE;HTG;1109589.8957424161
512;Z1133;ARUBA;STD;420483327.50356257
513;Z1133;SWEDEN;XCD;46551.82500951592
514;Z1133;KENYA;ANG;16890.740857924542
515;Z1133;ZAMBIA;TRY;64425.815929811586
516;Z1133;MEXICO;SBD;74018.66820042605
517;Z1133;COLOMBIA;TZS;17484940.279596552
518;Z1133;DENMARK;VUV;325642.5028781448
519;Z1133;AZERBAIJAN;KWD;1175.8800838854731
520;Z1133;KAZAKHSTAN;SCR;47140.049573730925
521;Z1133;SINGAPORE;SOS;5119417.002288976
522;Z1133;CAPE VERDE;ARS;2590119.5805102545
523;EHHHY;MALAYSIA;VUV;971200.4416744059
524;EHHHY;PANAMA;KRW;7585069.406793731
525;JNY12;EURO;BMD;3889.7359111690357
526;JNY12;BELARUS;TOP;9363.354319578157
527;JNY12;ALGERIA;MUR;70395.43950585471
528;JNY12;JORDAN;HNL;173886.21839943924
529;JNY12;SWITZERLAND;MYR;290.56970368542375
530;DY111;JORDAN;HUF;11834.54377548341
531;DY111;KUWAIT;ARS;141055.24418491288
532;DY111;NETHERLANDS ANTILLES;XPF;47367.64862792744
533;DY111;SOLOMON ISLANDS;KES;76467.9882540882
534;DY111;TAIWAN, PROVINCE OF CHINA;STD;18961039.042023554
535;DY111;GUINEA;EGP;24922.51599561975
536;DY111;SAMOA;AOA;23086.466225216795
537;DY111;CAYMAN ISLANDS;LVL;328.8625890493078
538;DY111;GHANA;MRO;324463.8715673929
539;DY111;URUGUAY;ANG;761.3071342433553
540;DY111;THAILAND;KZT;7399.381164990321
541;DY111;ETHIOPIA;BWP;12147.762531548986
542;DY111;LATVIA;BHD;316.4729440611377
543;DY111;TAIWAN, PROVINCE OF CHINA;BHD;383.8249885190765
544;GVV11;UNITED ARAB EMIRATES;BTN;248701.71298169554
545;GVV11;PERU;ANG;21785.577965471337
546;GVV11;SINGAPORE;SBD;23984.080711307117
547;GVV11;CHILE;BTN;561737.0095693999
548;GVV11;ETHIOPIA;MVR;150188.80472257672
549;GVV11;POLAND;BND;2109.624577969065
550;GVV11;BANGLADESH;PAB;6455.1367626402525
551;GVV11;PANAMA;BTN;604283.5009637893
552;GVV11;PAKISTAN;BIF;14215137.915766953
553;GVV11;LEBANON;TRY;92961.87267871563
554;GVV11;NEW ZEALAND;LYD;26090.655503846312
555;GVV11;OMAN;TZS;4804224.056211576
556;GVV11;MYANMAR;MXN;154172.1040005274
557;GVV11;SWITZERLAND;TRY;46597.84010278678
558;GVV11;SINGAPORE;KES;523293.3672554568
559;GVV11;ROMANIA;KWD;2468.4899013537447
560;GVV11;NETHERLANDS ANTILLES;ALL;650967.0613522424
561;GVV11;SOMALIA;LYD;40523.12821993898
562;GVV11;ALGERIA;QAR;37973.609526198765
563;GVV11;ALBANIA;VES;76324.04279627699
564;ALVZ1;PAPUA NEW GUINEA;NIO;139406.69590876045
565;ALVZ1;COLOMBIA;IRR;99981517.8888019
566;ALVZ1;CAMBODIA;STD;116114508.75477825
567;ALVZ1;KENYA;XOF;3312417.7480952474
568;ALVZ1;PERU;SVC;79671.88553619529
569;DJXWa;POLAND;SAR;5535.815298338597
570;DJXWa;CROATIA;KWD;2456.710244622719
571;DJXWa;SURINAME;SLL;9516971.132122502
572;DJXWa;AUSTRALIA;SAR;24483.80070621616
573;DJXWa;SIERRA LEONE;KYD;1091.1491322541235
574;DJXWa;KAZAKHSTAN;YER;2589253.045079019
575;DJXWa;IRAN (ISLAMIC REPUBLIC OF);XPF;461892.52240529936
576;DJXWa;PAKISTAN;LYD;1408.9865225377507
577;DJXWa;PAPUA NEW GUINEA;ZAR;108062.73804826975
578;DJXWa;CROATIA;UAH;22884.18085498364
579;VWWYc;LIBERIA;NOK;63274.27875937516
580;VWWYc;SUDAN;COP;120373686.53006284
581;VWWYc;BAHRAIN;KZT;5899647.708037551
582;VWWYc;SIERRA LEONE;XPF;3028866.6266521984
583;VWWYc;GUYANA;UYU;80717.7717360749
584;VWWYc;TURKEY;PYG;139911591.98667243
585;Habbb;SAO TOME AND PRINCIPE;XAF;4684602.098466737
586;ADKc3;VANUATU;TOP;1847.4665464506265
587;ADKc3;ETHIOPIA;IQD;1026966.9473266739
588;ADKc3;LATVIA;VND;12226450.514748432
589;ADKc3;CYPRUS;AWG;714.2277132079931
590;ADKc3;ALGERIA;EGP;2214.524524776604
591;ADKc3;MALAWI;TZS;1323562.4870804937
592;ADKc3;COSTA RICA;VES;18306.19123381828
593;ADKc3;SEYCHELLES;UAH;70796.85356408013
594;ADKc3;MEXICO;TRY;30602.611178285526
595;ADKc3;SERBIA;RWF;86522.01670438987
596;ADKc3;ZAMBIA;HUF;278678.26559019065
597;ADKc3;BOTSWANA;MRO;631598.3554771413
598;IN123;UNITED ARAB EMIRATES;LVL;20.04260792379513
599;IN123;SAO TOME AND PRINCIPE;BTN;8188.8627601426715
600;IN123;ICELAND;LRD;13587.453279772611
601;IN123;OMAN;RON;294.4715602377245
602;IN123;BOLIVIA;CYP;27.557987096098312
603;IN123;BRAZIL;CAD;9.109581184000174
604;IN123;TAIWAN, PROVINCE OF CHINA;LAK;1624030.2728396987
605;IN123;NIGERIA;XOF;55487.38157151874
606;IN123;JORDAN;VES;2297.123387607703
607;IN123;MAURITANIA;SOS;11297.88263596349
608;IN123;SURINAME;STD;73356.06962277542
609;IN123;MADAGASCAR;QAR;404.92812161065854
610;IN123;ETHIOPIA;SOS;44995.75951997756
611;IN123;HONG KONG;MGA;366846.6927117949
612;IN123;ALBANIA;MXN;1203.169700307619
613;IN123;HONG KONG;HRK;460.7316433747883
614;IN123;CENTRAL AFRICAN REPUBLIC;GYD;16533.452610124048
615;ABDDa;JAPAN;STD;16749013.14749919
616;ABDDa;DOMINICA;NPR;386569.4001017258
617;ABDDa;DENMARK;PYG;31541041.49892941
618;ABDDa;NETHERLANDS ANTILLES;BOB;30558.29384198768
619;ABDDa;SAMOA;UAH;250665.24830293006
620;ABDDa;GUINEA;LBP;8174509.563326906
621;ABDDa;ICELAND;CYP;99.8297590357104
622;BLLb3;SEYCHELLES;XOF;7392380.412126991
623;BLLb3;VENEZUELA;SYP;599698.3279401761
624;BLLb3;ALGERIA;XOF;7025245.181663313
625;BLLb3;UKRAINE;AWG;2952.3888836191413
626;BLLb3;POLAND;MVR;79584.77248398408
627;BLLb3;ZAMBIA;DJF;1373234.7832444664
628;BLLb3;HONG KONG;VND;70209441.13849518
629;BLLb3;BULGARIA;BBD;16835.545063025682
630;BLLb3;KUWAIT;ARS;1235763.2067369532
631;BLLb3;GHANA;ANG;10037.254492656697
632;BLLb3;DOMINICA;MMK;7777418.805094706
633;BLLb3;BAHRAIN;BOB;43774.04483268719
634;BLLb3;SAUDI ARABIA;PHP;479284.2112813828
635;BLLb3;UGANDA;MUR;277340.154218576
636;BLLb3;CENTRAL AFRICAN REPUBLIC;VND;282703596.25161755
637;BLLb3;BRUNEI DARUSSALAM;BGN;20318.859513371932
638;HLa13;LIBERIA;BYR;1644010257.6475093
639;HLa13;ISRAEL;HNL;50247.23011878257
640;HLa13;MOROCCO;TWD;173595.0363670838
641;HLa13;CAMBODIA;MGA;470264291.9081123
642;HLa13;YEMEN;HTG;6853934.289126385
643;HLa13;TONGA;MUR;4694205.044962336
644;HLa13;TUNISIA;SLL;1881248978.409483
645;HLa13;SWEDEN;TZS;139646505.57742113
646;HLa13;CAMBODIA;RSD;9375572.694888568
647;IJLLZ;CAMBODIA;ISK;391658.3490231869
648;IJLLZ;GUYANA;MVR;33910.926795695974
649;IJLLZ;ROMANIA;TRY;58689.44682362333
650;IJLLZ;TOGO;KES;187221.2367528601
651;IJLLZ;MACAU;NPR;420063.32974012697
652;IJLLZ;ZAMBIA;AZN;5408.560796158382
653;IJLLZ;MAURITIUS;VES;74305.42290871774
654;IJLLZ;LIBYAN ARAB JAMAHIRIYA;GBP;640.4084853905352
655;IJLLZ;BAHRAIN;NOK;18769.230348235465
656;IJLLZ;ICELAND;SZL;13562.168120252223
657;IJLLZ;VENEZUELA;MGA;1638980.9802597219
658;IJLLZ;KENYA;DOP;-749.9345031909226
659;IJLLZ;MOROCCO;COP;12182085.768297633
660;IJLLZ;ALGERIA;XAF;793683.1370748355
661;IJLLZ;CHILE;VND;66039227.48045088
662;IJLLZ;IRAN (ISLAMIC REPUBLIC OF);HUF;121318.71780606249
663;IJLLZ;PERU;IQD;52348.08288211106
664;JLNZ2;SWEDEN;SLL;118697540.34237352
665;JLNZ2;SURINAME;GYD;3736073.9424521048
666;JLNZ2;MADAGASCAR;PGK;54153.36916967417
667;JLNZ2;SWITZERLAND;XPF;2438158.690103235
668;JLNZ2;ICELAND;EUR;17879.76021526192
669;JLNZ2;ALGERIA;CZK;198500.16944216823
670;JLNZ2;CENTRAL AFRICAN REPUBLIC;MWK;8074653.036173877
671;JLNZ2;IRAQ;TND;37132.79677960597
672;JLNZ2;TANZANIA, UNITED REPUBLIC OF;KHR;43964961.58098945
673;JLNZ2;UNITED KINGDOM;BOB;33089.9667206411
674;JLNZ2;TURKEY;GYD;4371005.170170497
675;JLNZ2;GUINEA;LVL;6836.08460749641
676;JLNZ2;MALAYSIA;TWD;2582.2503796873507
677;JLNZ2;ZAMBIA;FJD;10196.90364992998
678;JLNZ2;SOLOMON ISLANDS;AUD;9355.410265189683
679;JLNZ2;CENTRAL AFRICAN REPUBLIC;DKK;86381.47239536299
680;JLNZ2;TOGO;STD;400251159.5039766
681;AGXac;MAURITIUS;JMD;39109.49936823465
682;LLNNa;NEPAL;CHF;32557.069506544707
683;LLNNa;HONG KONG;BWP;416144.68479536014
684;LLNNa;PAKISTAN;SLL;394333496.9855584
685;LLNNa;BOLIVIA;BTN;3149564.1479306836
686;LLNNa;AZERBAIJAN;CRC;3832041.121791598
687;DIKLb;BELIZE;KYD;1843.065041145138
688;DIKLb;BAHRAIN;AOA;1258487.319111822
689;DIKLb;NICARAGUA;BMD;2719.309209891882
690;DIKLb;CANADA;CVE;692750.024571801
691;DIKLb;BAHAMAS;JMD;187499.66534783694
692;DIKLb;DOMINICAN REPUBLIC;XAF;1609279.0227726712
693;DIKLb;IRAN (ISLAMIC REPUBLIC OF);LBP;404416.9812494061
694;DIKLb;VANUATU;KZT;1102078.7209103755
695;DIKLb;BULGARIA;SRD;116165.71433707741
696;DIKLb;TANZANIA, UNITED REPUBLIC OF;IDR;15007072.009482242
697;DIKLb;INDIA;SZL;142291.8483094733
698;DIKLb;MOZAMBIQUE;STD;136556658.81962928
699;DIKLb;JAMAICA;VUV;768867.0278454305
700;DIKLb;NAMIBIA;LKR;2971938.095581004
701;DIKLb;ROMANIA;LRD;1000747.1299103246
702;AAVZZ;GUINEA;TOP;183614.68781354898
703;AAVZZ;MEXICO;LYD;119152.54985744736
704;AAVZZ;KUWAIT;MAD;48503.52158011668
705;AAVZZ;INDIA;STD;483425460.43572766
706;AAVZZ;MAURITANIA;BTN;3415885.1479169847
707;AAVZZ;BRAZIL;CHF;7769.562308782047
708;AAVZZ;SRI LANKA;KRW;84625799.15440199
709;AAVZZ;UGANDA;BWP;132097.5103144921
710;AAVZZ;DOMINICAN REPUBLIC;NGN;1763459.4028755615
711;AAVZZ;SWEDEN;JOD;22042.19818481809
712;AAVZZ;EURO;MYR;114565.42015738292
713;DEJK3;SAUDI ARABIA;AWG;108231.98214055836
714;DEJK3;SWEDEN;CNY;861239.1285294045
715;DEJK3;MAURITIUS;MXN;2143306.628338789
716;DEJK3;TRINIDAD AND TOBAGO;LVL;68760.95390737595
717;DEJK3;ALBANIA;LYD;13842.27983981426
718;DEJK3;BOLIVIA;TZS;130706250.9322504
719;DEJK3;PARAGUAY;BWP;849823.549936047
720;DEJK3;CROATIA;CHF;14004.57715268536
721;DEJK3;BHUTAN;DJF;15425198.524671916
722;KLMNW;BERMUDA;SRD;131498.27697110237
723;KLMNW;PAPUA NEW GUINEA;LBP;4219315.490488849
724;KLMNW;CROATIA;PHP;253690.72781929665
725;KLMNW;TONGA;SLL;2008651.214545283
726;EFGHJ;JAPAN;GTQ;139838.29152565528
727;EFGHJ;UNITED ARAB EMIRATES;XAF;10242056.197075073
728;EFGHJ;GUATEMALA;HRK;181497.90581416464
729;EFGHJ;MADAGASCAR;HUF;8770287.645010142
730;EFGHJ;PHILIPPINES;XCD;57946.48502790979
731;EFGHJ;ZIMBABWE;KES;1621423.0358728254
732;EFGHJ;ALBANIA;IDR;119781795.15055652
733;EFGHJ;MALDIVES;DKK;73624.8886266633
734;EFGHJ;GUINEA;CLP;17344622.66067962
735;EFGHJ;ICELAND;SGD;8585.007321380515
736;EFGHJ;SERBIA;IRR;739842273.7318345
737;EFGHJ;LEBANON;MUR;270438.94643366744
738;EFGHJ;BRUNEI DARUSSALAM;ISK;1897270.1430926125
739;EFGHJ;THAILAND;SYP;2243109.7962944685
740;EFGHJ;SUDAN;SBD;130530.45489987676
741;EFGHJ;MADAGASCAR;HTG;609496.0393573861
742;EFGHJ;ROMANIA;VUV;665947.1650599461
743;EFGHJ;PARAGUAY;BSD;3315.2761510561018
744;EFGHJ;UNITED ARAB EMIRATES;CLP;13310989.483777385
745;BXXZb;NETHERLANDS ANTILLES;XOF;241492.0840056707
746;BXXZb;KENYA;DKK;2607.130939248304
747;BXXZb;THAILAND;SYP;485053.97935544356
748;BXXZb;ICELAND;MVR;844.4587880857007
749;BXXZb;ARUBA;SYP;469703.84276848915
750;BXXZb;CYPRUS;YER;43688.30458242668
751;BXXZb;FRENCH POLYNESIA;NIO;25738.154547759073
752;BXXZb;SRI LANKA;RSD;19734.746106754435
753;BXXZb;BELIZE;HRK;4995.67977178966
754;BXXZb;TONGA;BND;1281.8884295183113
755;BXXZb;INDONESIA;KZT;364211.64987016865
756;BXXZb;HAITI;GNF;5042062.5664376365
757;BXXZb;COSTA RICA;MOP;439.89021425997646
758;BEFIJ;MALAYSIA;NIO;-1015.3488546353558
759;BEFIJ;HONDURAS;OMR;284.97224100768295
760;BEFIJ;CHILE;NPR;391048.1243425558
761;BEFIJ;GUINEA;AUD;5326.303405931365
762;BEFIJ;JORDAN;CHF;356.4412728642691
763;BEFIJ;INDONESIA;HKD;18158.71490539663
764;BEFIJ;VANUATU;SEK;5116.311403335482
765;BEFIJ;HONG KONG;BRL;12785.489602307594
766;CMN11;SAMOA;KYD;1365.4940730260112
767;CMN11;NICARAGUA;KHR;5651829.882013347
768;CMN11;CENTRAL AFRICAN REPUBLIC;HRK;17672.005713400882
769;CMN11;SUDAN;SAR;5351.426841246045
770;CMN11;ANGOLA;PYG;6611803.112453237
771;CMN11;BRAZIL;NPR;224136.31083485487
772;CMN11;DOMINICAN REPUBLIC;WST;6792.505440801163
773;CMN11;SOMALIA;RSD;52040.50638826968
774;CMN11;BURUNDI;COP;9362687.822712794
775;CMN11;BARBADOS;AUD;390.96007234811236
776;CMN11;NAMIBIA;DJF;41462.36550945543
777;CMN11;CZECH REPUBLIC;AOA;33561.59457332363
778;CMN11;HAITI;BSD;1088.2934002408133
779;CMN11;SWAZILAND;MAD;19425.160669357432
780;CMN11;CAPE VERDE;CAD;2706.3076605092633
781;CMN11;SRI LANKA;CVE;91001.38417181691
782;DMNZ3;UNITED ARAB EMIRATES;ZMW;63412.03378432404
783;DMNZ3;CENTRAL AFRICAN REPUBLIC;MVR;34265.33406395504
784;DMNZ3;TONGA;RWF;5054869.717062405
785;BGKb2;MEXICO;GTQ;83614.11446836157
786;BGKb2;GHANA;SCR;2903.622392774892
787;BGKb2;SOUTH AFRICA;CZK;872589.8629417238
788;BGKb2;SURINAME;YER;2471075.4897875306
789;BGKb2;ETHIOPIA;CLP;57338941.50538738
790;BGKb2;SOMALIA;ISK;2070294.7454820154
791;BGKb2;BANGLADESH;SRD;1791026.257082737
792;LNVWY;MOROCCO;SAR;14160.234320092051
793;LNVWY;ETHIOPIA;TOP;17110.110243632927
794;LNVWY;MOZAMBIQUE;EGP;112337.00829106144
795;LNVWY;BARBADOS;JPY;1837450.3387998508
796;LNVWY;DOMINICA;ARS;197438.9796372266
797;LNVWY;URUGUAY;DKK;52504.723597051285
798;LNVWY;BRUNEI DARUSSALAM;BWP;98700.66138560214
799;LNVWY;SERBIA;NOK;47207.86439679884
800;LNVWY;DOMINICAN REPUBLIC;NOK;135002.18834187437
801;IJYY3;RUSSIAN FEDERATION;HKD;37320.45510579216
802;IJYY3;SIERRA LEONE;RUB;1305114.3505729954
803;IJYY3;DENMARK;BBD;74391.54640280514
804;BCEFG;FRENCH POLYNESIA;PLN;18397.197720147826
805;BCEFG;MAURITANIA;ETB;1110490.447112598
806;BCEFG;BURUNDI;MUR;751470.9333127721
807;BCEFG;DOMINICA;TOP;28727.427187701258
808;BCEFG;OMAN;GMD;1702045.4730540856
809;BCEFG;TUNISIA;RWF;29413061.752852816
810;BCEFG;CHILE;SZL;312047.30677873443
811;BCEFG;JAMAICA;SAR;90188.51300046481
812;BCEFG;BELIZE;RWF;27669420.901626278
813;FGMNY;FRENCH POLYNESIA;ALL;94988.17374297447
814;FGMNY;VIET NAM;SEK;11703.287840909537
815;FGMNY;BRUNEI DARUSSALAM;UAH;8055.395088361501
816;FGMNY;URUGUAY;SGD;935.8231510403573
817;FGMNY;URUGUAY;JMD;58921.49502588908
818;FGMNY;SWEDEN;BZD;3265.6180400518515
819;EYZZb;BANGLADESH;RSD;44442.10321818848
820;EYZZb;EL SALVADOR;BYR;2307052.6310505616
821;EYZZb;CAMBODIA;CAD;1029.1238023816534
822;BBHb3;PARAGUAY;BDT;141026.1089673078
823;BBHb3;PERU;PHP;138081.9366900909
824;BBHb3;SURINAME;FJD;4888.563765330055
825;BBHb3;MACAU;GYD;197505.7159915062
826;BBHb3;TANZANIA, UNITED REPUBLIC OF;SYP;4789628.155221223
827;BBHb3;JAMAICA;RON;21822.84264919592
828;DEMN2;JAPAN;XPF;1095188.6266726814
829;DEMN2;BHUTAN;NOK;46864.70924583492
830;DEMN2;RUSSIAN FEDERATION;SRD;67819.18385775543
831;DEMN2;PANAMA;ZWL;7321921.521378946
832;DEMN2;LATVIA;JPY;1636117.0796523872
833;BBDJL;SINGAPORE;COP;279408127.50437546
834;BBDJL;UNITED ARAB EMIRATES;TND;119904.8507595902
835;BBDJL;HONDURAS;OMR;28645.716210231567
836;BBDJL;PAKISTAN;SRD;1248783.7503972587
837;BBDJL;SINGAPORE;BHD;12813.423523801714
838;BBDJL;KUWAIT;CAD;31248.590364646465
839;BBDJL;MYANMAR;ZAR;597215.9148954935
840;BBDJL;KOREA, REPUBLIC OF;STD;737888105.5501418
841;BBDJL;IRAQ;EUR;2361.203863038805
842;BBDJL;SAUDI ARABIA;DZD;5355150.129282477
843;BBDJL;CROATIA;CLP;58409419.21120757
844;BBDJL;ARGENTINA;GHS;457856.6141907572
845;BBDJL;DOMINICA;AZN;89484.15740599176
846;BBDJL;KOREA, REPUBLIC OF;IDR;681082358.8621379
847;BBDJL;COLOMBIA;CAD;94724.22069335978
848;BBDJL;DOMINICAN REPUBLIC;RON;276511.7301291998
849;BBDJL;KAZAKHSTAN;UYU;93074.32504761002
850;ADMZa;LIBYAN ARAB JAMAHIRIYA;SDG;3018561.235047768
851;ADMZa;CZECH REPUBLIC;XAF;336647.0486622324
852;ADMZa;BERMUDA;YER;910829.8719431309
853;ADMZa;CYPRUS;OMR;390.2932294258042
854;ADMZa;VANUATU;VES;108377.56556783304
855;ADMZa;ALBANIA;RSD;107255.20077023425
856;ADMZa;BHUTAN;JOD;658.3594112347866
857;ADMZa;LIBYAN ARAB JAMAHIRIYA;SRD;78966.21280935062
858;ADMZa;KENYA;ARS;1174573.906846769
859;EWbc1;FRENCH POLYNESIA;BOB;158774.14791867483
860;EWbc1;GUYANA;PGK;46823.65048292225
861;EWbc1;BHUTAN;ANG;5205.596154355664
862;EWbc1;UNITED KINGDOM;CAD;10284.251797280887
863;EWbc1;UNITED ARAB EMIRATES;BYR;38214414.148023695
864;EWbc1;DENMARK;RWF;24762554.903429445
865;EWbc1;BURUNDI;SRD;105079.48924845425
866;EWbc1;THAILAND;ZAR;9595.068649119605
867;EWbc1;MACAU;KWD;4909.294232910494
868;EWbc1;SAO TOME AND PRINCIPE;RON;96572.31380241852
869;EWbc1;PAKISTAN;SGD;11695.293000842354
870;EWbc1;MOROCCO;ILS;79535.8375629701
871;EWbc1;PAPUA NEW GUINEA;MZN;384632.5781085411
872;EWbc1;SYRIAN ARAB REPUBLIC;SLL;157434726.21453905
873;EWbc1;SRI LANKA;EUR;17707.88987163872
874;MM223;SRI LANKA;VUV;702106.8727384168
875;MM223;LAO PEOPLE'S DEMOCRATIC REP;SBD;20791.953387949092
876;MM223;VANUATU;BOB;15424.858628706785
877;MM223;PARAGUAY;UGX;25569037.814255122
878;MM223;UNITED KINGDOM;GHS;122253.50536181148
879;DEGLN;UNITED ARAB EMIRATES;MWK;72253.27436329164
880;DEGLN;EL SALVADOR;UYU;26869.27114959241
881;DEGLN;UGANDA;AZN;1556.2385668574755
882;DEGLN;CAMBODIA;KYD;443.20954700140965
883;JY122;DOMINICA;SRD;991065.6402531345
884;JY122;PAPUA NEW GUINEA;KZT;8358579.38185555
885;JY122;BERMUDA;SZL;301874.9979832413
886;JY122;KENYA;RWF;13155833.337432431
887;JY122;TOGO;MXN;345867.6698009566
888;AKKXY;GUINEA;VUV;372053.33030595485
889;AKKXY;CZECH REPUBLIC;IQD;2837181.866008173
890;AKKXY;QATAR;MXN;176737.55583901808
891;AKKXY;MALAWI;IQD;2672374.9782032864
892;AKKXY;THAILAND;MXN;183432.38267591724
893;AKKXY;EURO;DOP;-3942.680572701622
894;AKKXY;MACAU;PYG;98309690.38352744
895;AKKXY;PERU;KWD;1494.4015566920084
896;AKKXY;SYRIAN ARAB REPUBLIC;LYD;41442.21066022972
897;AKKXY;SIERRA LEONE;LKR;4155543.4661503793
898;AKKXY;CAYMAN ISLANDS;NGN;3911022.922766253
899;AKKXY;NORWAY;BOB;4236.786835839244
900;AKKXY;SOUTH AFRICA;PHP;389653.37287488586
901;AKKXY;INDONESIA;NGN;1520600.63312097
902;AKKXY;DOMINICA;MRO;5131016.865637644
903;BFJab;CYPRUS;PAB;254.2881548629169
904;BFJab;BAHRAIN;XPF;47936.87855806226
905;BFJab;MYANMAR;INR;131241.58763111327
906;BFJab;GHANA;BHD;672.3144589515608
907;FFG13;DOMINICAN REPUBLIC;GBP;1258.2832788557039
908;FFG13;DENMARK;MVR;248521.6488750103
909;FFG13;SAUDI ARABIA;SDG;7950212.59638231
910;FFG13;DOMINICAN REPUBLIC;UYU;79645.11539900982
911;FFG13;EGYPT;ZWL;2914560.165425323
912;FFG13;DOMINICA;JOD;7137.017278975335
913;FFG13;SERBIA;BDT;897590.13367366
