Client;Country;Currency;Transaction
BGGXZ;BAHRAIN;ARS;42261.59315112575
BGGXZ;NETHERLANDS ANTILLES;CRC;296709.2482539588
BGGXZ;PERU;CYP;599.1786777977832
BGGXZ;AUSTRALIA;DKK;6048.060313213059
AFWa2;SWEDEN;XCD;20775.06381559335
AFWa2;NAMIBIA;BOB;23851.15530562688
AFWa2;CENTRAL AFRICAN REPUBLIC;CZK;16557.728107810348
AFWa2;UGANDA;TTD;43068.69680384146
AFWa2;NAMIBIA;GHS;42146.27388054716
AFWa2;BELARUS;VES;26153.380422915357
AFWa2;MALAWI;GYD;1064296.1161125812
AFWa2;JAMAICA;DOP;16062.770497349102
AFWa2;SYRIAN ARAB REPUBLIC;GMD;76253.72629304067
AFWa2;CHINA;NOK;27691.892840072705
AFWa2;LIBYAN ARAB JAMAHIRIYA;BHD;943.9837097168752
AFWa2;PANAMA;ALL;418819.20960232045
AFWa2;LIBYAN ARAB JAMAHIRIYA;AOA;2024052.7600881336
AFWa2;EURO;TRY;26498.327848899517
AFWa2;GUYANA;SOS;1668719.6055576345
AFWa2;SOLOMON ISLANDS;INR;242009.7657890918
AFWa2;ROMANIA;CNY;19959.155691036485
AFWa2;MOZAMBIQUE;FJD;1495.0785408227728
AFWa2;MAURITIUS;GNF;1407293.0850416953
AFWa2;KUWAIT;GBP;6243.889675463004
CFWZ1;GUYANA;SEK;10107.116131408875
CFWZ1;DENMARK;UGX;1156837.254626045
CFWZ1;KENYA;ALL;101709.39034910862
CFWZ1;ANGOLA;IDR;36436482.92196264
CFWZ1;GAMBIA;WST;7557.117000622948
CFWZ1;CAPE VERDE;MAD;21754.610590046737
CFWZ1;SUDAN;INR;201415.43047644378
CFWZ1;BOTSWANA;UAH;84855.55999013105
CFWZ1;COLOMBIA;IRR;67585637.605311
EXZZa;MADAGASCAR;LAK;103960892.63238503
EXZZa;TONGA;MYR;3674.7623403060675
EXZZa;SIERRA LEONE;UYU;302278.3737756289
EXZZa;CHILE;ANG;1159.442117132863
EXZZa;BELIZE;SDG;2361222.8417493654
EXZZa;AUSTRALIA;RON;4764.61304376091
EXZZa;SWAZILAND;BDT;273152.5026515292
EXZZa;CZECH REPUBLIC;SDG;617177.836061728
EXZZa;UGANDA;NPR;961701.8510874088
EXZZa;CROATIA;KYD;773.0920839331528
EXZZa;LEBANON;EGP;90268.7410100453
BCGJL;LEBANON;XCD;50433.338463526066
BCGJL;KENYA;TRY;270590.25901954586
BCGJL;YEMEN;CZK;17146.463495001008
BCGJL;POLAND;OMR;5664.157616205098
BCGJL;ALBANIA;BIF;24753450.31324773
BCGJL;LATVIA;TTD;47013.00849796635
BCGJL;NICARAGUA;BWP;26968.47750069378
BCGJL;TONGA;LAK;351563647.27301234
BCGJL;MAURITIUS;RUB;582509.9315673225
EEJJW;KUWAIT;WST;3273.428513191313
EEJJW;SUDAN;CYP;81.86122619229481
EEJJW;CHINA;LYD;7295.249568507806
EEJJW;IRAN (ISLAMIC REPUBLIC OF);KRW;3563042.8437352804
EEJJW;ALBANIA;FJD;1598.3008020458233
EEJJW;TONGA;CLP;1923844.9616245828
EEJJW;SAO TOME AND PRINCIPE;GNF;14836245.361572692
EEJJW;NICARAGUA;SEK;35.75084437143353
EEJJW;PANAMA;MZN;19488.914506590012
EEJJW;GUATEMALA;XCD;5485.784807048369
EEJJW;JAPAN;NZD;3838.5380415931077
EEJJW;RWANDA;LRD;113756.85594147528
EEJJW;BELARUS;AWG;1539.385165418742
HJMMb;BURUNDI;JMD;116078.24039488254
HJMMb;COSTA RICA;COP;10526854.14828052
HJMMb;KAZAKHSTAN;GHS;62200.781597921654
HJMMb;UNITED ARAB EMIRATES;COP;10418974.929708265
HJMMb;ZAMBIA;MUR;35513.70317030083
HJMMb;NEW ZEALAND;AWG;3258.819737415869
HJMMb;ICELAND;CVE;223021.80957236906
HJMMb;INDONESIA;CNY;9430.440820580858
HJMMb;SWEDEN;SEK;36751.05508240794
HJMMb;POLAND;HKD;12701.613364353008
ab122;SOMALIA;PKR;2131263.6834176756
ab122;CAMBODIA;SBD;45352.23716356935
ab122;DENMARK;AZN;27079.025459606066
ab122;UKRAINE;PHP;845166.6115930505
ab122;SUDAN;BHD;3061.7294485932607
ab122;BURUNDI;LBP;2479801.302621221
ab122;UGANDA;PAB;5750.19570030614
ab122;PARAGUAY;ARS;779971.9044055324
ab122;MOROCCO;KYD;8969.837299546074
ab122;BELARUS;RON;35237.22925131705
ab122;TAIWAN, PROVINCE OF CHINA;BWP;230944.99007415687
ab122;BERMUDA;BOB;69726.86792271829
ab122;GAMBIA;CLP;9392730.709637698
BINY2;BELIZE;CLP;2102449.7153043873
BINY2;DJIBOUTI;YER;575522.8224970526
BINY2;URUGUAY;VUV;150001.67475744418
BINY2;GUINEA;BRL;11844.207875169323
BINY2;ALBANIA;UGX;9603683.30936781
BINY2;LAO PEOPLE'S DEMOCRATIC REP;CYP;2953.174708128762
BINY2;KOREA, REPUBLIC OF;JOD;1722.9571690078776
BINY2;BURUNDI;VND;25657672.78016824
BINY2;YEMEN;TWD;178843.7021558796
BINY2;BAHRAIN;MAD;36281.39434909456
BINY2;LEBANON;AOA;125268.49046037931
CJMNN;SRI LANKA;BRL;30135.13326789375
CJMNN;MAURITIUS;COP;18456724.50396301
CJMNN;GUYANA;KWD;873.4540823178479
CJMNN;HAITI;LAK;9106485.797280679
CJMNN;IRAN (ISLAMIC REPUBLIC OF);KWD;1587.8605922158156
CFFa1;BANGLADESH;SYP;197614.58543762713
CFFa1;LIBERIA;BRL;5527.423343952261
CFFa1;TUNISIA;BBD;3230.6053393029247
CFFa1;TURKEY;PES;43323.4855163241
CFFa1;KUWAIT;BND;853.2017380051715
CFFa1;NEW ZEALAND;WST;4016.205372010981
CFFa1;OMAN;BYR;19413116.410667967
CFFa1;BULGARIA;SVC;6270.892070822939
CFFa1;LAO PEOPLE'S DEMOCRATIC REP;BSD;1301.9059065300876
CFFa1;ISRAEL;AOA;738500.8583064241
CFFa1;TAIWAN, PROVINCE OF CHINA;CVE;44827.736085550845
CFFa1;NICARAGUA;KRW;1241843.526210591
CFFa1;MEXICO;KHR;2088659.849700296
CFFa1;NEPAL;JOD;1195.2030938557616
CFFa1;NORWAY;CYP;405.2339248664509
CFFa1;LATVIA;GTQ;12877.749265028486
BLWb3;RUSSIAN FEDERATION;CZK;392516.526033434
BLWb3;SRI LANKA;BHD;1683.0362459265643
BLWb3;BRAZIL;MOP;150904.8105394873
BLWb3;SIERRA LEONE;NOK;12691.404537019134
BLWb3;EURO;XCD;43141.2044089256
BLWb3;THAILAND;BRL;89557.21880533536
BLWb3;GUINEA;XOF;4372613.693602724
BLWb3;LIBERIA;IRR;373075978.11800605
BLWb3;ALBANIA;BSD;13143.514974796486
BLWb3;NEPAL;ZWL;1536489.742302747
BLWb3;MALAYSIA;SYP;575119.3368884755
BLWb3;CAMBODIA;AED;19799.779604959887
CEYbb;EGYPT;COP;206069565.46144965
CEYbb;VANUATU;LBP;12981638.634131575
CEYbb;BAHRAIN;BDT;3985876.1554984553
CEYbb;SEYCHELLES;COP;68698203.45901269
CEYbb;RWANDA;BWP;571206.6945919472
CEYbb;SAMOA;LBP;33734029.94393115
CEYbb;MAURITIUS;MWK;37289016.5797781
CEYbb;ROMANIA;CNY;13746.201739536471
CEYbb;KAZAKHSTAN;AWG;65066.84072093257
CEYbb;BRAZIL;DOP;2134110.7921064217
FJZa1;BANGLADESH;RWF;2050281.376369748
FJZa1;CENTRAL AFRICAN REPUBLIC;SRD;155818.6293808188
FJZa1;ANGOLA;VES;96839.66630670695
FJZa1;BURUNDI;GNF;54629958.464125
FJZa1;KUWAIT;SAR;10123.002057658183
FJZa1;CAPE VERDE;ZAR;109570.51677245928
FJZa1;ARGENTINA;HTG;578374.2483410193
FJZa1;EURO;GNF;21895576.388414264
FJZa1;QATAR;ARS;58070.29705257271
FJZa1;MALAWI;CLP;3771519.6809339416
FJZa1;NORWAY;BDT;427409.25921506534
FJZa1;COLOMBIA;SRD;201655.87941446892
FJZa1;HONDURAS;TND;23572.160722885095
FJZa1;MYANMAR;PKR;1513781.8358933849
FJZa1;ETHIOPIA;NOK;18323.14461183394
BDJLY;SERBIA;SEK;113891.63936940751
BDJLY;MOROCCO;BRL;189201.87315221675
BDJLY;SOLOMON ISLANDS;MYR;164923.46589901857
BDJLY;UNITED ARAB EMIRATES;INR;1813153.6609097223
BDJLY;COSTA RICA;HTG;5645767.753071592
BDJLY;PAKISTAN;SAR;28168.388635579755
BDJLY;PERU;HUF;5319597.186293997
BDJLY;RWANDA;MUR;1084789.9055098053
BDJLY;HUNGARY;YER;9504867.16625905
BDJLY;AUSTRALIA;DOP;223416.3800387581
BDJLY;VANUATU;NPR;4686385.505166738
BDJLY;SUDAN;BBD;69446.15110147015
BDJLY;KUWAIT;JOD;24224.538498277212
BDJLY;KUWAIT;UGX;91492037.61140543
BDJLY;URUGUAY;ISK;2961693.982454695
BDJLY;LIBYAN ARAB JAMAHIRIYA;JPY;218579.98492414562
BBHbc;MACAU;DKK;41645.77873986353
BBHbc;LEBANON;GNF;13075970.432386823
DEIZb;ALBANIA;OMR;137.2719386749512
DEIZb;GUINEA;YER;456200.6384748317
DEIZb;ETHIOPIA;MMK;10264730.618162239
DEIZb;IRAN (ISLAMIC REPUBLIC OF);HKD;47395.52995479087
DEIZb;QATAR;GNF;45465278.12416928
DEIZb;LIBERIA;VES;131222.10144455932
DEIZb;GUINEA;TZS;4683588.36360665
DEIZb;EURO;SBD;11592.20656076524
DEIZb;MALAYSIA;CZK;62357.42370193054
DEIZb;VIET NAM;SRD;186480.2762615128
DEIZb;NIGERIA;KWD;1003.3495943350516
DEIZb;TOGO;GHS;76297.36444542644
DEIZb;KUWAIT;CZK;20379.21528426642
DDZZZ;ARGENTINA;GMD;58476.42761776968
DDZZZ;LEBANON;SRD;32473.844599778942
DDZZZ;OMAN;PYG;5178242.707217147
DDZZZ;CHINA;GYD;62954.82933263105
DDZZZ;FIJI;MVR;15978.791848667941
DDZZZ;BARBADOS;NGN;452364.40507352876
DDZZZ;BELARUS;RON;1272.970879086815
DDZZZ;LEBANON;TWD;23199.196264241495
DDZZZ;NEPAL;SRD;18226.979140423577
NVVZ3;UGANDA;CAD;13852.219965405171
NVVZ3;INDIA;NOK;58524.56724735168
NVVZ3;MYANMAR;THB;5070.748924169264
NVVZ3;CHINA;WST;29219.794738229695
NVVZ3;SAUDI ARABIA;RSD;329849.10782949487
NVVZ3;SINGAPORE;GYD;584422.7447739058
NVVZ3;BURUNDI;DZD;439139.7269969318
NVVZ3;MALAYSIA;GHS;157830.82965653783
NVVZ3;SAUDI ARABIA;JOD;9015.849767165828
NVVZ3;ICELAND;RWF;566199.4843682415
NVVZ3;LAO PEOPLE'S DEMOCRATIC REP;STD;170302532.67081073
NVVZ3;BAHRAIN;JPY;1352039.60819047
NVVZ3;SWEDEN;AZN;5234.097806554112
NVVZ3;CROATIA;UYU;629263.0430530555
NVVZ3;GUINEA;SRD;334055.7195091923
NVVZ3;UNITED ARAB EMIRATES;KES;941132.033389218
NVVZ3;BANGLADESH;UGX;44521320.84423263
NVVZ3;DENMARK;UYU;641000.4489471766
JMNXW;GAMBIA;MXN;3828.727450121542
JMNXW;GUINEA;BIF;313241.24613472563
JMNXW;EURO;CRC;334585.0632124799
JMNXW;DOMINICAN REPUBLIC;KZT;315913.67585939413
JMNXW;EL SALVADOR;BOB;2885.8289918954556
JMNXW;BURUNDI;KYD;272.8492053781364
AAbc2;DOMINICAN REPUBLIC;SOS;1860550.137995542
AAbc2;CAMBODIA;ANG;417.99382262437746
AAbc2;UGANDA;KWD;679.141698444984
AAbc2;BANGLADESH;SGD;4003.878171015762
AAbc2;CHILE;TND;6040.994692801984
AAbc2;ALGERIA;EGP;45539.20946702821
ACCJ1;VIET NAM;QAR;6846.4116396539985
ACCJ1;SAO TOME AND PRINCIPE;CAD;1901.972560384914
ACCJ1;SOLOMON ISLANDS;BND;3390.9319082115726
ACCJ1;BARBADOS;UAH;89045.89500847671
CJJZ3;HONG KONG;CYP;1322.88177942796
CJJZ3;MOZAMBIQUE;COP;13978811.620233295
CJJZ3;CAMBODIA;GHS;38673.245736917655
CJJZ3;UKRAINE;CNY;36103.112391225826
CJJZ3;MOROCCO;SBD;13411.374140719037
CJJZ3;CROATIA;EGP;28640.52253295762
CJJZ3;IRAQ;CYP;1539.328435778962
CJJZ3;UGANDA;ALL;855607.6009781163
CJJZ3;BERMUDA;KRW;7566687.635120383
CJJZ3;TRINIDAD AND TOBAGO;BRL;7338.895892588236
CJJZ3;PERU;RWF;5117231.956623961
CJJZ3;ZIMBABWE;RWF;6157938.85256435
CJJZ3;DOMINICAN REPUBLIC;IDR;65036310.26913542
CJJZ3;PAKISTAN;ILS;8094.383655019566
CJJZ3;FIJI;GTQ;11981.621102061803
LV122;TURKEY;SOS;4028162.5593905444
LV122;MAURITANIA;SLL;144430202.94067538
LV122;CAMBODIA;WST;29821.382284524338
LV122;BAHRAIN;NPR;449443.63087798364
LV122;IRAQ;TOP;5046.043309310744
LV122;FIJI;DKK;17308.37183182371
LV122;ARGENTINA;LRD;1637243.799049443
LV122;VENEZUELA;KHR;10047027.339912543
LV122;SINGAPORE;XAF;2200157.4570105555
LV122;CZECH REPUBLIC;LVL;2823.207778008269
LV122;BANGLADESH;BND;957.2053520181745
LV122;BERMUDA;VND;267418920.62176368
LV122;MALAYSIA;MOP;47920.62694398962
LV122;RWANDA;AWG;3077.5781098305315
LV122;MALAYSIA;SBD;62691.28180176179
LV122;IRAN (ISLAMIC REPUBLIC OF);LVL;5498.447041306319
LV122;VIET NAM;XAF;6172929.252507412
LV122;AZERBAIJAN;RON;25866.638313039202
AIKbc;LAO PEOPLE'S DEMOCRATIC REP;MMK;474181.7150547111
AIKbc;TUNISIA;BGN;424.0657993666537
AIKbc;TONGA;VUV;5699.567298192921
AIKbc;VANUATU;IQD;78939.52842587468
AIKbc;CANADA;YER;22077.58126535022
AIKbc;ZAMBIA;JOD;255.66327299667338
AIKbc;INDONESIA;UGX;269210.3193366563
AIKbc;TANZANIA, UNITED REPUBLIC OF;KES;27897.202384732056
AIKbc;BHUTAN;SAR;264.11629830072513
AIKbc;ICELAND;HRK;1191.6253766729333
AIKbc;LIBERIA;AED;578.8195774778407
AIKbc;FIJI;SEK;734.6184278707699
AIKbc;POLAND;DJF;51816.43762282354
AIKbc;SRI LANKA;SYP;51853.276194103906
AIKbc;BOTSWANA;PGK;1250.556961081068
AIKbc;CHINA;TOP;435.9886411573269
DJJJb;ISRAEL;LYD;385.4613795055708
DJJJb;EL SALVADOR;EGP;26.14390763378202
DJJJb;KENYA;WST;3720.0641869126707
DJJJb;SINGAPORE;CNY;6389.728309749119
DJJJb;GUINEA;SGD;421.8779837139642
DJJJb;TUNISIA;MMK;2709810.032875408
DJJJb;UGANDA;LKR;53055.98011015116
DJJJb;MACAU;STD;1564292.6160336859
DWYZ3;NEW ZEALAND;CYP;6225.896799651897
DWYZ3;MOROCCO;BYR;110600605.90336946
DWYZ3;MACAU;ISK;1472666.1499499443
DWYZ3;LEBANON;BDT;1087335.1474871181
DWYZ3;PERU;THB;352533.92800113116
DWYZ3;ZIMBABWE;PAB;10682.075191765416
DWYZ3;ETHIOPIA;LBP;15510085.478098953
DWYZ3;BOLIVIA;YER;1990876.8117329357
DWYZ3;MALAWI;BWP;172404.37598985166
DWYZ3;VANUATU;MYR;43947.1165777292
EEWZc;MAURITIUS;GTQ;12430.378548397457
EEWZc;JAPAN;CLP;12240199.170682788
EEWZc;BRUNEI DARUSSALAM;CRC;5841948.62838447
EEWZc;MALAWI;BMD;5379.087277792503
EEWZc;LEBANON;MGA;5790878.127942428
EEWZc;INDIA;XOF;3193022.2589147664
EEWZc;AUSTRALIA;SYP;2273700.1653849836
EEWZc;BHUTAN;CAD;3197.7725099635572
EEWZc;DJIBOUTI;XAF;6357431.604840099
EEWZc;BANGLADESH;TOP;4941.3410208618525
AAGJc;MALAWI;LAK;134972442.06310594
AAGJc;BURUNDI;BHD;1407.490916028579
AAGJc;SOUTH AFRICA;LBP;3408916.344904685
AAGJc;CHILE;YER;12132.845460920942
AAGJc;TRINIDAD AND TOBAGO;XPF;819917.6483112364
AAGJc;BAHAMAS;IQD;7992417.619286993
AAGJc;MOROCCO;CAD;9444.089821223099
AAGJc;PAKISTAN;FJD;7705.953036893801
AAGJc;SOMALIA;GMD;595051.2831921396
AAGJc;VIET NAM;ZWL;5877941.344724733
AAGJc;VANUATU;SOS;5016213.772431217
IJJLV;BURUNDI;CVE;13283.939250772393
IJJLV;ZIMBABWE;CYP;275.73383609712675
IJJLV;GUINEA;PEN;1154.966810766554
IJJLV;GAMBIA;PKR;69868.88124047835
IJJLV;JAMAICA;PAB;216.49573570561213
IJJLV;RUSSIAN FEDERATION;KWD;217.29164564422865
IJJLV;CROATIA;TTD;264.5423247450049
IJJLV;DOMINICAN REPUBLIC;PKR;75141.66247517212
IJJLV;PARAGUAY;BBD;97.0275444884958
IJJLV;ANGOLA;TOP;233.11967366139825
IJJLV;ARUBA;IQD;208248.0453522815
IJJLV;SOMALIA;KRW;627037.2751607358
IJJLV;SWEDEN;PEN;1337.0750806218343
ACFIL;MALAWI;MVR;116198.22325222417
ACFIL;ROMANIA;ISK;948602.7614725756
ACFIL;BULGARIA;HRK;17055.703332804962
ACFIL;RUSSIAN FEDERATION;RON;23644.833569790142
ACFIL;NETHERLANDS ANTILLES;STD;105186406.30663936
ACFIL;PANAMA;MZN;185684.47903133245
ACFIL;EGYPT;BBD;14274.697181339065
ACFIL;ROMANIA;KRW;10416285.389554288
ACFIL;RUSSIAN FEDERATION;RON;39319.43213567051
ACFIL;RWANDA;NPR;1077211.7628012837
ACFIL;ARGENTINA;DOP;415166.2557345432
ACFIL;BULGARIA;KES;1451621.3488647102
ACFIL;VANUATU;UGX;43447313.46041083
ACFIL;BURUNDI;VUV;1379577.599890605
ACFIL;VENEZUELA;COP;6598218.396696211
ACFIL;PHILIPPINES;AWG;3017.9527907227985
AYYZb;MOZAMBIQUE;KES;11966.649033120166
AYYZb;SOLOMON ISLANDS;SAR;152.52003354806007
AYYZb;DOMINICA;QAR;3196.7089025920322
AYYZb;KENYA;NOK;4893.671900610806
AYYZb;BANGLADESH;THB;28314.383692058225
AYYZb;RUSSIAN FEDERATION;IQD;987361.9176631196
AYYZb;ETHIOPIA;MXN;1009.7090868957093
AYYZb;UKRAINE;RUB;3581.5039499910754
AYYZb;ARUBA;SYP;279092.6996429665
AYYZb;GUYANA;SDG;135072.4994881064
AYYZb;DOMINICAN REPUBLIC;NPR;70430.95521933425
AYYZb;BRUNEI DARUSSALAM;MYR;411.41906015962707
AYYZb;BURUNDI;RWF;189061.13446959504
AYYZb;BULGARIA;NZD;470.673075585946
AYYZb;EURO;UGX;3085462.891519283
AYYZb;TANZANIA, UNITED REPUBLIC OF;IRR;28731747.84079068
AYYZb;HUNGARY;AED;1193.884317231844
AYYZb;CROATIA;IDR;11869498.511120262
AYYZb;NORWAY;MAD;9033.14939137602
EVWWY;DOMINICAN REPUBLIC;LRD;120769.218415894
EVWWY;SERBIA;HTG;364396.87828304915
EVWWY;SINGAPORE;KRW;3856575.5461782413
EVWWY;CANADA;BRL;8466.931845646803
EVWWY;MALAYSIA;MGA;3178803.501866363
EVWWY;BERMUDA;LAK;14683325.430776834
EVWWY;TONGA;SLL;49743885.937381834
EVWWY;PARAGUAY;MZN;139933.16672971784
EVWWY;BOTSWANA;AWG;5735.817810089351
JN123;ALGERIA;PHP;214040.2338222093
JN123;CZECH REPUBLIC;EUR;2638.5529285211423
JN123;HUNGARY;ETB;184295.36508494956
JN123;MYANMAR;TND;13081.918305642823
JN123;KENYA;XPF;293991.8959919964
JN123;NAMIBIA;TRY;72021.70696621497
JN123;ALBANIA;MXN;50532.76964108361
JN123;PAPUA NEW GUINEA;BIF;7089935.083133045
JN123;ISRAEL;GMD;36850.639130119824
JN123;NETHERLANDS ANTILLES;HRK;5119.959348067314
JN123;TANZANIA, UNITED REPUBLIC OF;PAB;3413.0317547316017
JN123;NAMIBIA;SYP;1382947.2630825494
JN123;KOREA, REPUBLIC OF;SAR;4038.5243511287617
JN123;UNITED ARAB EMIRATES;PGK;9108.747173510794
JN123;LIBYAN ARAB JAMAHIRIYA;TND;8680.731927243969
JN123;CHINA;ISK;23933.980034509776
JN123;MALAWI;ILS;4755.649256448393
JN123;DENMARK;YER;444066.840990639
JN123;HUNGARY;FJD;5249.637726541924
FINX3;COSTA RICA;GMD;35521.014843219506
FINX3;MAURITANIA;SDG;1176757.199109498
FINX3;SERBIA;AED;8027.858651694272
FINX3;COLOMBIA;XAF;1596148.8938963073
FINX3;EL SALVADOR;UYU;2209.854755722624
FINX3;CHINA;ANG;640.133391531924
FINX3;GAMBIA;HRK;12608.160139386266
FINX3;TURKEY;EGP;25842.027722167382
FFHH2;MALAWI;CHF;360.50034082564486
FFHH2;NORWAY;AUD;6498.814392412966
FFHH2;SWITZERLAND;LYD;6825.581837469364
FFHH2;GHANA;CVE;500719.68212754553
FFHH2;CENTRAL AFRICAN REPUBLIC;MRO;1115891.021864698
CGGIL;COLOMBIA;THB;65318.332545548656
CGGIL;BRUNEI DARUSSALAM;ALL;499863.09940002335
CGGIL;CYPRUS;MWK;4277433.017120964
CGGIL;MALAYSIA;IQD;4402818.459673923
CGGIL;SUDAN;LBP;2051164.7809938139
CGGIL;SAO TOME AND PRINCIPE;TOP;8539.832048761753
CGGIL;CAYMAN ISLANDS;GBP;2236.2076293226337
CGGIL;MALAYSIA;KRW;2212307.890400645
CGGIL;CYPRUS;ZAR;71634.40211473378
CGGIL;MACAU;CVE;67903.39985490969
CGGIL;CAYMAN ISLANDS;JPY;201257.65751196432
CGGIL;LEBANON;KWD;1327.0692077270612
CGGIL;BULGARIA;MZN;190910.5780134109
CGGIL;BURUNDI;XPF;444235.03524342144
CGGIL;SEYCHELLES;ZAR;44239.80975188596
CGGIL;NORWAY;LYD;20436.690191893907
CGGIL;CHILE;IRR;107531872.20267963
CGGIL;PANAMA;LBP;6472519.644544003
CGGIL;LAO PEOPLE'S DEMOCRATIC REP;MVR;52073.234857897165
CGGIL;QATAR;UYU;131613.21785589866
I1113;BOTSWANA;COP;7384508.930222454
I1113;SINGAPORE;ARS;456597.7564328196
I1113;CROATIA;AOA;769643.0352299717
BEEFZ;BOTSWANA;GYD;1072264.9263289932
BEEFZ;PERU;CAD;6.834262070065438
BEEFZ;PAKISTAN;MXN;235423.34869342906
BEEFZ;MADAGASCAR;SRD;332158.8977741353
EEHL3;SIERRA LEONE;BOB;9211.546382029564
EEHL3;INDONESIA;CVE;304704.8895942295
JJXab;PAPUA NEW GUINEA;BRL;11566.561036334118
JJXab;AUSTRALIA;IDR;10031352.23600638
JJXab;BOTSWANA;YER;447124.26354921714
JJXab;BELIZE;SAR;2625.418547717394
JJXab;EGYPT;UAH;165486.2637170345
JJXab;KUWAIT;MYR;24301.34700090942
JJXab;JAPAN;RSD;138380.0274611092
JJXab;MACAU;ISK;78348.95488361744
JJXab;TRINIDAD AND TOBAGO;KRW;4674425.628712326
GKZbb;CAMBODIA;ZWL;2648775.201715517
GKZbb;SIERRA LEONE;MAD;19595.39552537507
GKZbb;CENTRAL AFRICAN REPUBLIC;BRL;24138.598761953675
GKZbb;MOROCCO;TTD;51647.20776236002
GKZbb;KAZAKHSTAN;RSD;824105.6370087545
GKZbb;TAIWAN, PROVINCE OF CHINA;TWD;166446.96509031742
GKZbb;LIBYAN ARAB JAMAHIRIYA;ISK;977074.9674943537
GKZbb;FRENCH POLYNESIA;XOF;4617463.051824893
GKZbb;LAO PEOPLE'S DEMOCRATIC REP;LBP;3430863.8773758044
GKZbb;NETHERLANDS ANTILLES;XPF;841093.2569558789
GKZbb;PAKISTAN;PHP;75351.00227727483
GKZbb;SURINAME;FJD;14535.082893711533
GKZbb;CYPRUS;BZD;10121.739163839244
GKZbb;VENEZUELA;KYD;862.9957650544789
ACEKV;TONGA;ILS;8081.644248548437
ACEKV;BELIZE;XOF;2017478.7558157158
ACEKV;NICARAGUA;DZD;380580.17844045826
ACEKV;SOMALIA;PLN;10550.469621573362
ACEKV;GHANA;TTD;5897.735613001275
ACEKV;NAMIBIA;RSD;241943.95762921908
ACEKV;PANAMA;WST;8044.177487986746
ACEKV;TRINIDAD AND TOBAGO;TWD;34576.69661125408
ACEKV;SWEDEN;SLL;17109591.635231763
ILM33;INDIA;EUR;382.47228697361874
ILM33;PHILIPPINES;RUB;86707.15709940209
ILM33;RUSSIAN FEDERATION;ISK;110466.23933219681
ILM33;UNITED ARAB EMIRATES;KZT;780878.6401566614
ILM33;IRAQ;PHP;46602.485928478716
ILM33;ALGERIA;CNY;2300.8616577736652
ILM33;TRINIDAD AND TOBAGO;JOD;590.4705625942775
ILM33;IRAN (ISLAMIC REPUBLIC OF);FJD;1923.7570474387192
ILM33;SYRIAN ARAB REPUBLIC;BRL;7372.552487774323
ILM33;HUNGARY;CAD;1027.3411180577825
ILM33;DOMINICA;BSD;1568.528749887198
ILM33;QATAR;PHP;36134.35560254195
AEKLN;MYANMAR;MRO;515179.54479174473
AEKLN;MAURITANIA;STD;514107.69956249435
AEKLN;DOMINICAN REPUBLIC;RON;6693.411336020796
VW233;GAMBIA;MAD;46100.320209537684
VW233;KUWAIT;KRW;5545313.282125825
VW233;HUNGARY;VES;73159.81628849008
VW233;NIGERIA;SVC;19000.22553761668
VW233;CENTRAL AFRICAN REPUBLIC;THB;141582.78344987857
VW233;LAO PEOPLE'S DEMOCRATIC REP;XPF;16918.144610351163
VW233;ALGERIA;INR;54621.387075363346
VW233;AUSTRALIA;XPF;88013.84958770235
VW233;TRINIDAD AND TOBAGO;PAB;3633.0644941573264
VW233;ETHIOPIA;PAB;1170.987729521783
VW233;BURUNDI;HKD;15101.467453511259
VW233;TANZANIA, UNITED REPUBLIC OF;XPF;338033.7454247207
VW233;LIBYAN ARAB JAMAHIRIYA;OMR;2000.5070558150398
GGNWZ;PHILIPPINES;XAF;4047890.211856338
GGNWZ;POLAND;UGX;20597344.50772238
GGNWZ;DJIBOUTI;BIF;8621795.154710418
GGNWZ;ANGOLA;KYD;545.3400848520779
GGNWZ;MALAYSIA;ISK;36717.91503178395
GGNWZ;TANZANIA, UNITED REPUBLIC OF;AUD;3463.8461662291566
GGNWZ;INDIA;UYU;354021.91189511184
GGNWZ;ALBANIA;CYP;4433.828976122285
GGNWZ;INDONESIA;PYG;60140614.62072441
GGNWZ;JAPAN;KES;406368.424049097
GGNWZ;TRINIDAD AND TOBAGO;VES;99058.25393912471
GGNWZ;AUSTRALIA;TTD;29152.073232241808
GGNWZ;THAILAND;ILS;21018.074677062225
GGNWZ;QATAR;BBD;769.4851077278765
GGNWZ;SURINAME;TND;11006.562991086917
GGNWZ;MALAYSIA;TTD;9725.416925290705
GGNWZ;GHANA;THB;76212.27126393818
CHVXW;BERMUDA;NAD;47855.67096551975
CHVXW;RUSSIAN FEDERATION;IRR;778200399.5399129
CHVXW;SIERRA LEONE;HKD;65980.83139501805
CHVXW;RWANDA;LKR;155129.50386210385
CHVXW;BERMUDA;GHS;68042.93890777542
CHVXW;QATAR;AZN;10981.066722412326
CHVXW;BHUTAN;IQD;-217499.5365812131
CHVXW;CROATIA;ZWL;14305704.29071966
CHVXW;PAPUA NEW GUINEA;SVC;122233.18864996193
CHVXW;ZIMBABWE;BSD;14308.079381312502
CHVXW;ARGENTINA;SRD;270756.73847213696
CHVXW;HAITI;EGP;487653.0998647611
AAIIW;AZERBAIJAN;HKD;47260.5669610545
AAIIW;HONG KONG;FJD;9351.60419815976
AAIIW;ALBANIA;CYP;3104.025375272844
AAIIW;COSTA RICA;BTN;460365.93931188795
DHXW2;PERU;BOB;86937.09194322617
CYaaa;MACAU;KES;192937.98289835197
DELYZ;UGANDA;SDG;4351769.505271672
DELYZ;BRAZIL;PYG;25083775.363278437
DELYZ;DOMINICA;SLL;126461406.19720185
DELYZ;POLAND;LKR;2009996.7503384755
DELYZ;NORWAY;MMK;1878264.5070426567
GHJV1;VIET NAM;HRK;6141.072668545438
GHJV1;SIERRA LEONE;QAR;321.48218617905036
GHJV1;UGANDA;IRR;14353456.025816591
GHJV1;TUNISIA;TZS;738365.3583414715
GHJV1;CAPE VERDE;SZL;13025.575757055238
GHJV1;SYRIAN ARAB REPUBLIC;HUF;70270.2853002805
GHJV1;RUSSIAN FEDERATION;LKR;23772.173123288798
GHJV1;HONG KONG;DJF;157419.4336751868
GHJV1;VENEZUELA;QAR;3343.165525265086
GHJV1;UGANDA;AUD;1105.134298956945
GHJV1;NEW ZEALAND;CRC;404283.4740912746
NXWc2;TRINIDAD AND TOBAGO;PAB;8492.616706502546
NXWc2;MEXICO;AED;28920.709595371267
NXWc2;NICARAGUA;MVR;58675.59522106444
NXWc2;HONDURAS;PAB;1806.9620381950958
NXWc2;DOMINICA;LYD;38629.78566352587
NXWc2;PARAGUAY;BIF;5052666.812564838
NXWc2;NEPAL;BHD;787.8704248878694
NXWc2;ICELAND;CHF;585.0309635143607
NXWc2;JORDAN;BZD;1145.2133173006646
HWZb1;DOMINICAN REPUBLIC;KHR;667521.2142966244
HWZb1;COSTA RICA;BND;3398.3764399274173
HWZb1;DJIBOUTI;JPY;83073.01067464138
HWZb1;GHANA;STD;20711374.013871156
HWZb1;SOUTH AFRICA;BOB;7050.457292647392
HWZb1;PAPUA NEW GUINEA;JPY;72313.77493087725
HWZb1;MALDIVES;STD;54220069.155961245
HWZb1;PERU;PYG;7389989.129732313
HWZb1;KUWAIT;KWD;583.3824601638669
HWZb1;NAMIBIA;ARS;363303.8663031864
HWZb1;UNITED KINGDOM;LBP;1197874.1396249041
HWZb1;VIET NAM;HNL;53986.10271771399
HWZb1;BERMUDA;KWD;95.233159052733
HWZb1;TURKEY;CLP;129144.5633517764
EGZb3;AUSTRALIA;TWD;36314.444231109774
EGZb3;HUNGARY;PHP;131097.44630974135
EGZb3;AZERBAIJAN;UAH;76686.00318750652
EGZb3;SIERRA LEONE;ZMW;26794.645866813786
EGZb3;RWANDA;NIO;34779.28342817726
AGGHJ;CAYMAN ISLANDS;TWD;1201783.7060018785
AGGHJ;POLAND;AZN;22267.50055449845
AGGHJ;CHILE;TRY;639998.2536990377
AGGHJ;NEW ZEALAND;LRD;1113492.2953191858
AGGHJ;OMAN;BND;13944.568244592734
AGGHJ;CANADA;TTD;144912.2022348688
AGGHJ;KUWAIT;ARS;953985.4673245568
AGGHJ;BHUTAN;TOP;20700.044798587525
AGGHJ;MALAYSIA;KHR;7828880.165580108
AGGHJ;BERMUDA;KWD;4467.483432496681
AGGHJ;SRI LANKA;UGX;85608144.74313529
AGGHJ;JORDAN;TOP;53633.681532459144
AGGHJ;NETHERLANDS ANTILLES;WST;40151.68883456044
AGGHJ;ZAMBIA;STD;149088784.94380182
AGGHJ;ZAMBIA;WST;95559.45927181674
AGGHJ;VANUATU;SCR;159977.14221845145
BKac1;SWAZILAND;SCR;24470.38876968698
BKac1;ICELAND;VND;71482778.89149135
BKac1;BULGARIA;AED;33653.99219900655
BKac1;NAMIBIA;LKR;2327062.8797483747
BKac1;JORDAN;SDG;4729117.659925175
BKac1;GHANA;TND;11800.917488588122
BKac1;BAHAMAS;TZS;6298418.273020975
BKac1;MOZAMBIQUE;EUR;3853.0803929659846
BKac1;POLAND;RSD;873125.6966485475
BKac1;JORDAN;PLN;8730.989881698266
BKac1;QATAR;PLN;28303.852702488195
BKac1;CANADA;INR;596943.1289623033
BKac1;ANGOLA;UYU;203389.06846360743
BKac1;BURUNDI;TND;3219.2564357956844
BKac1;LIBYAN ARAB JAMAHIRIYA;UAH;27571.708688377148
BKac1;CROATIA;GHS;132978.84245383166
BKac1;CAYMAN ISLANDS;NIO;193270.39241090795
BKac1;AUSTRALIA;RUB;59229.027365017006
BKac1;TUNISIA;PKR;781816.4210009316
BKac1;MOROCCO;INR;233539.8336756061
HJJN2;DOMINICAN REPUBLIC;CLP;5996638.067995441
HJJN2;ZAMBIA;MWK;625586.7482564449
HJJN2;MALDIVES;BBD;7740.472794727734
HJJN2;VIET NAM;DOP;149700.0523309662
FFIKK;COSTA RICA;LYD;19887.172890643495
FFIKK;BARBADOS;CZK;75168.78348597298
FFIKK;SERBIA;SYP;1668830.9097983702
FFIKK;YEMEN;HTG;325832.45633330755
FFIKK;DJIBOUTI;GBP;2172.7508854123976
FFIKK;BELIZE;HRK;38199.170132958316
FFIKK;TUNISIA;DOP;473822.7403734272
FFIKK;PHILIPPINES;THB;276438.8436946681
FFIKK;YEMEN;PYG;60948891.41832071
FFIKK;BHUTAN;BZD;15222.277562078105
ENN23;ARGENTINA;TND;22561.38909528821
ENN23;ALGERIA;KES;531038.8725299839
ENN23;ALGERIA;JMD;337936.9048618748
ENN23;ARGENTINA;ARS;1879216.9779967293
ENN23;KOREA, REPUBLIC OF;BZD;10826.01113075229
ENN23;FRENCH POLYNESIA;BSD;2862.331730782234
ENN23;UKRAINE;AED;31585.219707373402
ENN23;BOLIVIA;BGN;5056.748589689294
ENN23;NEW ZEALAND;CRC;4319320.7989641605
KKYY1;CZECH REPUBLIC;DJF;912676.5506130229
KKYY1;KENYA;PAB;4304.568359877363
KKYY1;AUSTRALIA;PYG;24204510.768604364
KKYY1;GHANA;BHD;273.798484690459
KKYY1;HONDURAS;HKD;70351.52982346005
KKYY1;UNITED ARAB EMIRATES;AZN;-1.9752358102085277
KKYY1;COLOMBIA;INR;153484.24748584384
KKYY1;BANGLADESH;PHP;359218.88227736036
KKYY1;SOMALIA;JOD;7004.258491311917
KKYY1;SIERRA LEONE;BSD;4518.749154419666
KKYY1;ETHIOPIA;XCD;16204.6395650215
KKYY1;UNITED ARAB EMIRATES;RSD;907810.6145970919
KKYY1;BELIZE;AZN;10946.75686017566
KKYY1;SIERRA LEONE;LRD;920646.8542625138
KKYY1;PAKISTAN;UGX;14852118.319961732
HWWW3;CENTRAL AFRICAN REPUBLIC;ANG;14.533980004222194
HWWW3;SOUTH AFRICA;HTG;1339.1163693614365
HWWW3;KOREA, REPUBLIC OF;KES;2655.7943489976997
HWWW3;MALAYSIA;WST;52.66778518459404
HWWW3;RWANDA;STD;164399.4420747975
HWWW3;EL SALVADOR;KRW;6981.127427809718
HWWW3;VENEZUELA;MXN;25.327667398371023
HWWW3;MALAYSIA;QAR;35.985810054877014
HWWW3;VANUATU;PEN;66.79544902084002
HWWW3;LEBANON;MMK;6222.902116796219
HWWW3;MAURITIUS;MRO;2160.593518898662
HWWW3;BELARUS;ARS;114.92064022894722
FHNb3;SOMALIA;YER;2445386.9095053654
FHNb3;CAMBODIA;GBP;8273.170457044087
FHNb3;LAO PEOPLE'S DEMOCRATIC REP;BBD;13167.32224417993
FHNb3;JAMAICA;KWD;2369.2523557808504
FHNb3;KENYA;HKD;85826.74903424138
FHNb3;IRAN (ISLAMIC REPUBLIC OF);LKR;2984107.6865222147
FHNb3;PAPUA NEW GUINEA;SVC;28832.133150997448
FHNb3;ANGOLA;SGD;7451.910503667292
FHNb3;BRUNEI DARUSSALAM;BTN;308774.4527629965
DJMXZ;SINGAPORE;KWD;34.01721263878309
DJMXZ;IRAQ;YER;19089.45230367708
DJMXZ;SYRIAN ARAB REPUBLIC;LRD;28985.72314783921
DJMXZ;TRINIDAD AND TOBAGO;NOK;2059.0457420433454
DJMXZ;MOROCCO;AUD;90.14488106523136
DJMXZ;UNITED ARAB EMIRATES;WST;555.4603827050453
BHHNN;MALDIVES;KES;481656.1301259906
