;Client;Country;Currency;Transaction
0;AFVVV;ROMANIA;PES;706899.5324193841
1;AFVVV;TURKEY;PAB;26006.84932885945
2;AFVVV;CROATIA;AWG;53582.57737313924
3;AFVVV;SOMALIA;YER;7081812.1394598475
4;AFVVV;LEBANON;SYP;4915101.35291279
5;AFVVV;YEMEN;MXN;158307.02637124996
6;AFVVV;NICARAGUA;KHR;52183873.489721745
7;AFVVV;CENTRAL AFRICAN REPUBLIC;KRW;37972176.812678374
8;AFVVV;ISRAEL;EUR;13796.694202055274
9;AFVVV;MACAU;INR;408297.83817582804
10;AFVVV;JAMAICA;MUR;1396539.8904014926
11;AFVVV;DOMINICA;BIF;8810939.866937855
12;AFVVV;OMAN;BOB;172145.17328775587
13;AFVVV;FIJI;IRR;921223059.290636
14;AFVVV;ARUBA;PYG;170266261.97154346
15;FIKX1;NETHERLANDS ANTILLES;LRD;277457.2008442904
16;FIKX1;BELARUS;AZN;10224.872223610437
17;FIKX1;UNITED ARAB EMIRATES;NGN;1216868.011713067
18;FIKX1;ALGERIA;DOP;364020.9475932239
19;FIKX1;NAMIBIA;BZD;497.7990655228835
20;FIKX1;KENYA;NGN;2739280.802747156
21;FIKX1;GAMBIA;SBD;51796.829655107416
22;FIKX1;NORWAY;BHD;924.9749992160101
23;FIKX1;ARGENTINA;TWD;103594.73882219096
24;FIKX1;PERU;XPF;508018.2088278022
25;FIKX1;BULGARIA;BGN;10232.34526037376
26;FIKX1;FRENCH POLYNESIA;YER;830073.9206107067
27;FIKX1;BARBADOS;LVL;2162.9506031960973
28;FIKX1;MAURITIUS;BDT;146868.85829822693
29;FIKX1;HAITI;FJD;7050.088827329204
30;FIKX1;LIBYAN ARAB JAMAHIRIYA;SBD;28703.883219795425
31;FIKX1;CAYMAN ISLANDS;XAF;636755.5554820009
32;FIKX1;SOUTH AFRICA;UAH;202051.2138351904
33;AHHVa;MOZAMBIQUE;BBD;38192.06337092682
34;AHHVa;BULGARIA;HKD;153461.0517495942
35;AHHVa;NEPAL;BGN;5325.945443947363
36;AHHVa;GAMBIA;CVE;2272963.907062876
37;AHHVa;SWAZILAND;LYD;53238.38177213049
38;AHHVa;SAO TOME AND PRINCIPE;CVE;2033941.4388787758
39;AHHVa;MOZAMBIQUE;TZS;16194243.811650226
40;AHHVa;BARBADOS;BZD;19713.87025078015
41;AHHVa;AUSTRALIA;PEN;55088.41449051078
42;GYYa1;BARBADOS;SLL;104345.18117591421
43;GYYa1;SOMALIA;TZS;711941.2347556892
44;GYYa1;CHILE;BTN;56072.502896046375
45;GYYa1;CAMBODIA;AOA;760788.0901610716
46;GYYa1;ALGERIA;SLL;15964812.719914876
47;GYYa1;GAMBIA;BND;1403.9327961905562
48;GYYa1;LIBYAN ARAB JAMAHIRIYA;PYG;27296261.709586747
49;GYYa1;BANGLADESH;CHF;326.625746952279
50;GYYa1;DOMINICA;KWD;16.959293669836608
51;GYYa1;MAURITIUS;HKD;2641.8675401378036
52;GYYa1;NEW ZEALAND;RWF;1174168.2994730554
53;GYYa1;GUINEA;COP;14285173.154457621
54;GYYa1;HAITI;RON;17374.99900963747
55;GYYa1;JORDAN;VES;28123.086017504505
56;GYYa1;GHANA;DZD;119803.45579970331
57;GYYa1;HONG KONG;SLL;20234938.59572921
58;GYYa1;TRINIDAD AND TOBAGO;CNY;2527.5431560481647
59;AFHXX;SAUDI ARABIA;XPF;3618.848399015986
60;AFHXX;RUSSIAN FEDERATION;BIF;63831.17131424992
61;AFHXX;BHUTAN;DZD;644.9627943079217
62;AFHXX;JAMAICA;KES;3114.5900703065254
63;AFHXX;SOMALIA;AOA;18075.0080978168
64;AFHXX;UGANDA;QAR;114.6901606337102
65;AFHXX;QATAR;QAR;94.50609085868395
66;AFHXX;TUNISIA;NAD;525.14480477925
67;AFHXX;PAKISTAN;SGD;3.1061819711009857
68;AFHXX;AUSTRALIA;CNY;111.12831240070147
69;AFHXX;TRINIDAD AND TOBAGO;SCR;501.5475670283728
70;AFHXX;PERU;SVC;5.262651119208857
71;AFHXX;SERBIA;SLL;64749.205813606655
72;AFJZZ;SRI LANKA;MZN;83113.75369268557
73;AFJZZ;EURO;UGX;2916102.1294721053
74;AFJZZ;ROMANIA;FJD;4006.88611776672
75;AFJZZ;EURO;BGN;3303.532958422127
76;AFJZZ;GHANA;TWD;53403.41598370349
77;IMNZ1;PERU;PAB;685.1604646503966
78;IMNZ1;SAUDI ARABIA;GBP;800.7607474968772
79;IMNZ1;OMAN;ANG;571.3487793220165
80;IMNZ1;PAPUA NEW GUINEA;BHD;1202.2654690422112
81;IMNZ1;BAHRAIN;BGN;8881.36686513319
82;IMNZ1;ZIMBABWE;LKR;1076579.015362303
83;IMNZ1;EL SALVADOR;XPF;494909.90876755887
84;IMNZ1;KOREA, REPUBLIC OF;QAR;8573.193028825108
85;IMNZ1;LIBYAN ARAB JAMAHIRIYA;ETB;162550.0941478637
86;IMNZ1;BURUNDI;ANG;4067.4799358451346
87;IMNZ1;NEW ZEALAND;XPF;215970.9830708775
88;IMNZ1;DOMINICAN REPUBLIC;SBD;34043.53370402585
89;IMNZ1;SOMALIA;BWP;43071.261132042855
90;IMNZ1;IRAN (ISLAMIC REPUBLIC OF);IQD;3240065.6656879517
91;IMNZ1;UNITED ARAB EMIRATES;XPF;283695.49690222763
92;IMNZ1;BRAZIL;EGP;83421.50552023656
93;IMNZ1;SYRIAN ARAB REPUBLIC;ZWL;2213620.4743501893
94;IMNZ1;IRAN (ISLAMIC REPUBLIC OF);PYG;7252915.837842342
95;ABCEL;BANGLADESH;SVC;52378.66771608112
96;ABCEL;CHINA;RUB;38827.958548105235
97;ABCEL;UKRAINE;BWP;112037.4995985885
98;ABCEL;PARAGUAY;VES;36367.26399240241
99;ABCEL;BAHAMAS;GMD;505600.7977131381
100;ABCEL;MADAGASCAR;PAB;1126.1706410258867
101;ABCEL;NORWAY;LBP;1797277.2007920449
102;ABCEL;NETHERLANDS ANTILLES;BSD;8970.48542750501
103;ABCEL;EURO;XAF;2948680.514724909
104;ABCEL;RUSSIAN FEDERATION;TZS;25998082.994891547
105;ABCEL;INDIA;NPR;958893.1299329188
106;ABCEL;CANADA;SYP;2273538.0541367885
107;HHJ12;COSTA RICA;KZT;191395.18081643808
108;HHJ12;ARGENTINA;GMD;12517.371385146083
109;HHJ12;KAZAKHSTAN;KHR;599865.1689837741
110;HHJ12;BELARUS;THB;3936.28039514935
111;HHJ12;ZAMBIA;TND;391.87284189108044
112;HHJ12;FRENCH POLYNESIA;SGD;253.63751179279407
113;HHJ12;YEMEN;THB;14959.681547885939
114;HHJ12;MALAYSIA;KWD;90.30462437571732
115;HHJ12;BAHAMAS;LVL;125.10871444670711
116;HHJ12;CYPRUS;BIF;405418.2466474665
117;HHJ12;PHILIPPINES;XCD;393.98786905639435
118;HHJ12;CHILE;KZT;101475.77690499963
119;HHJ12;PERU;SEK;1008.8289742785223
120;HHJ12;PARAGUAY;BGN;709.4468904825412
121;AMZZc;ALGERIA;PEN;15019.423332532673
122;AMZZc;BURUNDI;DOP;525376.4284212001
123;CKKZ2;PERU;HUF;439726.50494832016
124;CKKZ2;PAKISTAN;MRO;3851269.347918591
125;CKKZ2;NICARAGUA;CHF;6849.934029533105
126;CKKZ2;GUINEA;BWP;6836.732861629568
127;EELYZ;MAURITANIA;LBP;32765963.450587995
128;EELYZ;CROATIA;ILS;72822.41106460417
129;EELYZ;LIBERIA;BZD;11147.826467563302
130;EELYZ;BANGLADESH;SCR;258264.43955529804
131;BHN33;LIBYAN ARAB JAMAHIRIYA;JOD;2468.2441183778233
132;BHN33;CHILE;PGK;817.6222728341935
133;BHN33;SUDAN;AZN;4719.439338539911
134;BHN33;ARGENTINA;BMD;2006.535037071669
135;BHN33;FRENCH POLYNESIA;RUB;30446.611903299654
136;BHN33;SOUTH AFRICA;MYR;14656.834921876409
137;BHN33;KAZAKHSTAN;LKR;347494.62995417067
138;BHN33;SOUTH AFRICA;THB;107946.38667608658
139;BHN33;CAMBODIA;CNY;8436.317407891436
140;BHN33;BHUTAN;AUD;5670.09654031746
141;BHN33;CAMBODIA;AED;9270.740897733047
142;BHN33;MACAU;SLL;28365250.80419413
143;BHN33;TURKEY;BOB;1102.6008906325774
144;BHN33;AZERBAIJAN;NZD;1202.7913040183118
145;BHN33;ZAMBIA;UGX;7697302.192174118
146;BBKLW;ARUBA;LRD;32958.04461522327
147;BBKLW;BAHRAIN;TOP;5680.197041851203
148;BBKLW;JAPAN;ZWL;749515.8784398491
149;BBKLW;TURKEY;DJF;697883.8798736294
150;BBKLW;MAURITANIA;GMD;73542.26308289569
151;FFNV2;TURKEY;PYG;22968157.477237374
152;Z1113;CENTRAL AFRICAN REPUBLIC;SCR;11127.309983643287
153;Z1113;INDIA;JOD;254.03693362124488
154;Z1113;ETHIOPIA;VUV;91677.13563843371
155;Z1113;GUINEA;NOK;19444.474931825982
156;Z1113;ROMANIA;RWF;16639.132425006013
157;Z1113;IRAN (ISLAMIC REPUBLIC OF);ETB;86073.7972459297
158;Z1113;NIGERIA;BWP;9266.948004300071
159;Z1113;PERU;ISK;56285.72926759359
160;Z1113;ARUBA;MGA;7985897.647027576
161;Z1113;TAIWAN, PROVINCE OF CHINA;SGD;2533.225439849468
162;Z1113;UGANDA;THB;21134.18866681683
163;Z1113;SWEDEN;JOD;1114.551742710412
164;Z1113;CANADA;SDG;797339.6576498896
165;Z1113;SOUTH AFRICA;TND;1562.386968707297
166;Z1113;CHILE;UGX;5063196.214868531
167;Z1113;ICELAND;KRW;946311.9344023512
168;ACCFJ;UKRAINE;LVL;273.2984796017405
169;ACCFJ;LAO PEOPLE'S DEMOCRATIC REP;BZD;561.0228460813947
170;ACCFJ;EGYPT;RUB;6036.15208538436
171;ACCFJ;SAMOA;CNY;2425.020944227287
172;ACCFJ;TURKEY;MAD;6778.949702255529
173;ACCFJ;JAMAICA;JOD;189.4235317464275
174;ACCFJ;SWITZERLAND;PEN;2618.719611210182
175;ACCFJ;NEPAL;JPY;75645.47649128146
176;ACCFJ;HONG KONG;LBP;539134.2122017684
177;ACCFJ;BANGLADESH;KHR;1636717.7100342615
178;ACCFJ;BOLIVIA;GMD;3580.0325466539653
179;AM113;JAMAICA;PLN;70501.27193921575
180;AM113;SOUTH AFRICA;DKK;77181.4087021307
181;AM113;DOMINICAN REPUBLIC;STD;289763390.6272958
182;AM113;FRENCH POLYNESIA;EGP;109087.93886249015
183;AM113;BURUNDI;IRR;1156582028.7158706
184;AM113;ARUBA;DZD;2765467.124142578
185;AM113;BELIZE;LAK;128928438.35400136
186;AM113;KAZAKHSTAN;SZL;621113.2128404083
187;AM113;IRAQ;COP;126873182.64879449
188;AM113;BRAZIL;HKD;195996.7971607583
189;AM113;UKRAINE;HTG;3282406.0850387574
190;AM113;ARGENTINA;XCD;94686.30086144691
191;AM113;BELIZE;AOA;67754.06859266202
192;AM113;SURINAME;ISK;2338659.0258603483
193;AM113;JAPAN;CAD;7868.50197834
194;ADFGN;SERBIA;SBD;7560.408780950456
195;ADFGN;CENTRAL AFRICAN REPUBLIC;PLN;1758.0212629058465
196;ADFGN;NETHERLANDS ANTILLES;THB;415.29587196447346
197;ADFGN;SUDAN;NOK;7968.3301789106135
198;ADFGN;TAIWAN, PROVINCE OF CHINA;ISK;175766.2526836065
199;ADFGN;SWAZILAND;LYD;4085.008548548502
200;ADFGN;RWANDA;JPY;105302.27094835004
201;BEEEY;ETHIOPIA;LAK;222103583.92317486
202;BEEEY;CZECH REPUBLIC;MVR;249542.93225391884
203;BEEEY;SOLOMON ISLANDS;PES;1362240.789025584
204;BEEEY;TAIWAN, PROVINCE OF CHINA;XPF;518338.2947484605
205;BEEEY;ALGERIA;LAK;29617873.998261213
206;BEEEY;NICARAGUA;JMD;898567.7855930439
207;BEEEY;TOGO;LRD;2247347.933328423
208;BEEEY;SRI LANKA;BIF;34818865.962963596
209;BEEEY;LIBYAN ARAB JAMAHIRIYA;ZWL;2937340.7999070096
210;BEEEY;UNITED KINGDOM;UAH;519947.9410092447
211;BEEEY;ROMANIA;BOB;87115.06157057828
212;BEEEY;PERU;MUR;184451.0493383851
213;BEEEY;CHINA;BBD;34795.44402592268
214;BEEEY;DOMINICAN REPUBLIC;ALL;1499473.4164313835
215;BEEEY;HONDURAS;CHF;1409.8405161400933
216;BEEEY;SAUDI ARABIA;BGN;15298.759640341463
217;BEEEY;TOGO;UGX;2060072.0740280114
218;CIVXY;NICARAGUA;GYD;1820019.360795388
219;CIVXY;LATVIA;TND;48724.066640446916
220;CIVXY;RWANDA;AOA;913601.7193266925
221;CIVXY;SINGAPORE;AOA;7550533.431973196
222;CIVXY;SINGAPORE;AZN;19735.685920848293
223;GMYb2;HONG KONG;HUF;77992.68407328364
224;GMYb2;TUNISIA;AWG;660.1219219326836
225;DDEb2;BELARUS;XAF;287915.0711696776
226;DDEb2;BHUTAN;MWK;621001.9329840549
227;DDEb2;SUDAN;WST;736.8231995548692
228;DDEb2;AUSTRALIA;STD;8730434.55904813
229;DDEb2;CZECH REPUBLIC;HKD;5351.8783079488785
230;DDEb2;ANGOLA;GYD;56002.79497849681
231;DDEb2;YEMEN;XOF;110168.48647356953
232;DDEb2;ALGERIA;BDT;145265.1049449962
233;DDEb2;HAITI;NIO;42496.545270803865
234;DDEb2;QATAR;RWF;308596.0587476701
235;DDEb2;SWEDEN;QAR;4936.224028307858
236;DDEb2;YEMEN;TTD;7372.155698702559
237;DDEb2;KOREA, REPUBLIC OF;HKD;6562.275474785773
238;DDEb2;EGYPT;DZD;44784.866211241024
239;DDEb2;KOREA, REPUBLIC OF;UGX;1662908.7466126783
240;DDEb2;PARAGUAY;MWK;434912.0820141528
241;DDEb2;VANUATU;PEN;169.32526917073403
242;DDEb2;ALBANIA;IRR;1956994.521513856
243;BFIIJ;LIBERIA;VND;18371823.60029329
244;BFIIJ;ISRAEL;INR;587894.2679584775
245;DDIJK;KUWAIT;MWK;3127169.35905685
246;DDIJK;TAIWAN, PROVINCE OF CHINA;BTN;12236.668425059184
247;DDIJK;VANUATU;MMK;6977869.66827762
248;DDIJK;CENTRAL AFRICAN REPUBLIC;ZAR;91979.75314208452
249;DDIJK;EGYPT;BWP;55250.28154239032
250;AGabb;NIGERIA;SDG;1124386.3418454272
251;AGabb;PANAMA;MVR;6596.868443901738
252;AGabb;ANGOLA;MMK;4878079.987751149
253;AGabb;VANUATU;HTG;266582.575098535
254;AGabb;GUINEA;LVL;1479.02758632769
255;AGabb;VENEZUELA;STD;3466764.917260507
256;AGabb;CHILE;OMR;519.6867097212032
257;AGabb;SUDAN;VND;-539833.0677787099
258;AGabb;CAMBODIA;SAR;2103.385607076792
259;AGabb;BRUNEI DARUSSALAM;TZS;3356130.3190684486
260;AGabb;SUDAN;PLN;1191.0537766041023
261;AGabb;MAURITIUS;HTG;295224.311118889
262;AGabb;HAITI;LYD;11889.286938217096
263;AGabb;INDIA;MYR;12951.584146910966
264;AGabb;PERU;PAB;1104.9248528210433
265;AGabb;MOROCCO;MVR;26982.310048853687
266;AGKXc;SIERRA LEONE;XPF;38452.45184930247
267;AGKXc;BELARUS;XPF;4578.596688413413
268;AGKXc;COSTA RICA;VND;19191909.901997976
269;AGKXc;INDIA;VES;11346.272003057295
270;AGKXc;KAZAKHSTAN;WST;1367.3296686899005
271;AGKXc;ISRAEL;VND;12425611.141993506
272;AGKXc;KENYA;STD;31300584.058054745
273;AGKXc;ZAMBIA;LAK;1771308.1757699326
274;AGKXc;SAO TOME AND PRINCIPE;ZWL;688190.5075255488
275;AGKXc;HUNGARY;VND;21447342.821999468
276;EEKK3;PARAGUAY;BYR;13464883.415050957
277;EEKK3;TUNISIA;EUR;25071.060623129953
278;EEKK3;PAPUA NEW GUINEA;MYR;62961.68837888958
279;EEKK3;NICARAGUA;BWP;164143.14572384075
280;EEKK3;BURUNDI;AUD;28004.45199838224
281;EEKK3;AUSTRALIA;BZD;1158.0644021525522
282;EEKK3;ALGERIA;GYD;5475321.7063660035
283;EEKK3;BANGLADESH;PYG;39789578.79095773
284;EEKK3;UNITED KINGDOM;WST;62529.84282849022
285;EEKK3;KAZAKHSTAN;ANG;16805.2140581331
286;EEKK3;QATAR;CZK;146206.7772720104
287;EEKK3;SAMOA;BZD;10480.19476375867
288;EEKK3;BULGARIA;MZN;1151858.072680021
289;EEKK3;KUWAIT;CYP;3834.355550834709
290;EEKK3;BAHRAIN;MWK;7491470.611921017
291;EEKK3;PANAMA;NOK;77086.26579933213
292;EEKK3;NICARAGUA;AZN;17676.298584850563
293;EEKK3;MAURITANIA;GBP;14477.025686745585
294;EEKK3;CYPRUS;BBD;4931.856359415845
295;EEKK3;GHANA;MRO;4596173.867854009
296;LNb13;BURUNDI;BMD;0.4726034634243019
297;LNb13;TOGO;TRY;-58.66867566606047
298;LNb13;CHILE;BZD;444.56232459445994
299;LNb13;MALDIVES;JMD;6705.627515565344
300;LNb13;JAPAN;LAK;846437.8708375017
301;ELMa1;SOUTH AFRICA;NOK;59074.46960011437
302;ELMa1;LEBANON;LAK;332093904.8263379
303;ELMa1;PERU;DZD;2485571.7286258647
304;ELMa1;SRI LANKA;EGP;285191.5857607946
305;ELMa1;THAILAND;ZAR;164104.54970331618
306;ELMa1;IRAQ;VUV;1760793.0015822947
307;ELMa1;UGANDA;SYP;3864898.8086528163
308;ELMa1;UNITED KINGDOM;STD;283897880.9362499
309;ELMa1;TANZANIA, UNITED REPUBLIC OF;LRD;1623258.7124658441
310;ELMa1;RWANDA;DOP;1083085.7850717686
311;ELMa1;IRAQ;CVE;39357.706041255
312;ELMa1;LATVIA;TZS;45148797.79709923
313;ELMa1;MYANMAR;INR;1648212.887679653
314;ELMa1;LIBYAN ARAB JAMAHIRIYA;BGN;100.40408204666583
315;ELMa1;URUGUAY;DZD;657140.8291953099
316;ELMa1;DJIBOUTI;PGK;33362.557629844916
317;EFHJY;SAMOA;NPR;459294.53782261314
318;EFHJY;KOREA, REPUBLIC OF;DJF;523544.85346450657
319;EFHJY;CANADA;VES;23712.689303104908
320;EFHJY;ARUBA;PES;260168.8873521214
321;EFHJY;TUNISIA;THB;153365.34477182894
322;EFHJY;UNITED ARAB EMIRATES;SRD;59051.038950139904
323;EFHJY;BANGLADESH;OMR;878.6636498161245
324;EFHJY;ZIMBABWE;THB;89964.05986447987
325;EFHJY;FRENCH POLYNESIA;VES;57016.328449094
326;EFHJY;YEMEN;SZL;9974.592894053816
327;EFHJY;MADAGASCAR;UYU;92755.18888459567
328;EFHJY;YEMEN;KZT;29195.613284131072
329;EFHJY;UKRAINE;PHP;143314.27488236464
330;EFHJY;NORWAY;BHD;1389.8877966327436
331;EFHJY;LATVIA;ZAR;23519.427525093688
332;EFHJY;POLAND;NPR;545464.3825220342
333;EFHJY;PARAGUAY;GMD;401161.5417367086
334;EFKLM;BELIZE;XCD;2200.318802648933
335;EFKLM;BAHRAIN;EGP;37197.57372471075
336;EFKLM;SAUDI ARABIA;HRK;18379.76312552138
337;EFKLM;MAURITIUS;MUR;137257.19201216294
338;EFKLM;EURO;AOA;1849846.5365596162
339;EFKLM;VANUATU;TZS;314345.8911118118
340;EFKLM;BERMUDA;GBP;2026.1062368849134
341;EFKLM;CAYMAN ISLANDS;BTN;5842.356994601615
342;EFKLM;GHANA;ILS;1189.8218379054222
343;CDGNW;PARAGUAY;GTQ;22587.33911052508
344;CDGNW;BOTSWANA;JPY;137981.2808752066
345;KMVX3;CHINA;COP;23721482.863442913
346;KMVX3;DJIBOUTI;GBP;5931.310756894048
347;KMVX3;OMAN;SGD;10474.233656542821
348;KMVX3;POLAND;SYP;3519076.0580656985
349;KMVX3;SERBIA;ANG;12370.740941294227
350;KMVX3;TOGO;VUV;321167.4768032031
351;KMVX3;COSTA RICA;RWF;2925228.354788272
352;KMVX3;FIJI;LAK;90799380.0788604
353;KMVX3;MYANMAR;BYR;121132343.80828053
354;DGNYa;BOTSWANA;AZN;23891.92905578825
355;DGNYa;LIBYAN ARAB JAMAHIRIYA;BOB;94168.08903574836
356;DGNYa;CAMBODIA;THB;428045.21728788066
357;DGNYa;BAHRAIN;KHR;32259264.592249542
358;DGNYa;NORWAY;JPY;446747.62698103965
359;DGNYa;COSTA RICA;ALL;163643.77303200026
360;DGNYa;IRAQ;BZD;6074.915417564645
361;DGNYa;BOLIVIA;XCD;40563.29418971279
362;DGNYa;SEYCHELLES;HRK;115612.23037152557
363;DGNYa;UNITED ARAB EMIRATES;DKK;58417.13745383176
364;DGNYa;PERU;AUD;18910.112511767224
365;DGNYa;BRAZIL;WST;16252.18540034315
366;ABCK2;CENTRAL AFRICAN REPUBLIC;WST;5078.682379775956
367;ABCK2;BELIZE;PYG;32353928.284065027
368;ABCK2;DOMINICA;PEN;14005.533742269363
369;BEGIM;UGANDA;BOB;7467.27383759585
370;BEGIM;PHILIPPINES;OMR;991.5626717412433
371;BEGIM;URUGUAY;UAH;99858.31178766169
372;BEGIM;TURKEY;TZS;5081005.651771113
373;BEGIM;KENYA;VND;6707112.49999099
374;BEGIM;THAILAND;LKR;1000424.6721365991
375;BEGIM;GUINEA;NIO;51889.340997103456
376;BEGIM;GHANA;PYG;11796707.010347469
377;BEGIM;HONDURAS;SEK;45187.15527626615
378;BEGIM;TANZANIA, UNITED REPUBLIC OF;SZL;54386.621273434714
379;BEGIM;ALGERIA;SEK;39806.144277877785
380;BEGIM;LIBERIA;LBP;1817035.058794797
381;BEGIM;IRAN (ISLAMIC REPUBLIC OF);DJF;277076.56377129
382;BEGIM;CHILE;DKK;17590.297828161132
383;BILXc;COSTA RICA;BWP;45853.733896835154
384;BILXc;GHANA;HRK;17569.841331685642
385;BILXc;SERBIA;NPR;225577.00405131734
386;BILXc;OMAN;RSD;319836.4113049277
387;HHac2;IRAN (ISLAMIC REPUBLIC OF);KZT;222171.51595631722
388;HHac2;ROMANIA;TZS;918139.9577440165
389;HHac2;CAPE VERDE;ILS;2140.4807377908996
390;HHac2;AUSTRALIA;BZD;1069.3077360101147
391;HHac2;SWEDEN;RSD;23830.10052723693
392;HHac2;KAZAKHSTAN;PAB;850.4506385999166
393;HHac2;CYPRUS;DOP;34635.57751460847
394;HHac2;ICELAND;LBP;295563.89159154857
395;HHac2;PAKISTAN;ALL;55694.20589437797
396;HHac2;SINGAPORE;MZN;34950.64745183377
397;HHac2;GUATEMALA;AZN;294.32975757441227
398;HHac2;TOGO;BHD;255.78986900080136
399;HHac2;FIJI;XOF;575796.001694273
400;HHac2;KENYA;IDR;13013288.124742543
401;HHac2;PHILIPPINES;NOK;943.5514041035078
402;HHac2;ALBANIA;KRW;305273.0412019381
403;HHac2;ICELAND;MOP;1190.4016878894038
404;HHac2;SWAZILAND;BRL;915.3556267850665
405;HHac2;INDIA;SVC;5113.70723339454
406;ADDGY;JORDAN;ILS;16061.406431373352
407;ADDGY;BULGARIA;ZAR;36289.99679927067
408;ADDGY;JAPAN;SDG;2850051.51360129
409;ADDGY;SURINAME;GMD;114648.12330865837
410;ADDGY;BRUNEI DARUSSALAM;RUB;308056.4012700875
411;ADDGY;ZIMBABWE;CYP;1748.8833914517008
412;ADDGY;QATAR;FJD;4593.458840361766
413;ADDGY;GUINEA;PAB;4765.3643072255345
414;ADDGY;TONGA;GHS;46732.0544160153
415;ADDGY;CZECH REPUBLIC;UAH;148856.01651603272
416;ADDGY;KAZAKHSTAN;AED;12513.411554554761
417;ADDGY;COLOMBIA;MAD;31434.672064744096
418;ADDGY;BRAZIL;CYP;490.72714815465565
419;ADDGY;SURINAME;MOP;18300.251624134296
420;ADDGY;YEMEN;BHD;1682.9515564503135
421;ADDGY;BURUNDI;BBD;1564.7012297348876
422;ADDGY;DOMINICAN REPUBLIC;TND;2963.8587699695113
423;GGHXZ;PHILIPPINES;GHS;12239.04947545742
424;GGHXZ;PERU;MWK;-3691.3235363757544
425;GGHXZ;FRENCH POLYNESIA;SGD;1946.795206317656
426;GGHXZ;SOMALIA;ILS;3164.157262046925
427;GGHXZ;JORDAN;HUF;38927.43175493096
428;GGHXZ;BULGARIA;OMR;134.1517616775257
429;GGHXZ;PAPUA NEW GUINEA;GTQ;7543.410606992373
430;GGHXZ;NORWAY;NPR;246654.7374533192
431;GGHXZ;ANGOLA;DZD;33331.42558775082
432;GGHXZ;BELARUS;BWP;22038.294703609863
433;GGHXZ;CAPE VERDE;LVL;1301.1677354795925
434;GGHXZ;TAIWAN, PROVINCE OF CHINA;SZL;20210.105669583627
435;GGHXZ;NIGERIA;NOK;5076.452388567672
436;GGHXZ;TOGO;WST;2613.1321010837382
437;GGHXZ;ICELAND;RWF;1388330.4501243324
438;CJJKM;PARAGUAY;LVL;2037.571893499895
439;CJJKM;CHILE;SVC;26814.710311765935
440;CJJKM;CAPE VERDE;MUR;100021.53977683821
441;CJJKM;CAMBODIA;CNY;28988.310767308532
442;CJJKM;TRINIDAD AND TOBAGO;MXN;69939.4500968616
443;CJJKM;EURO;MXN;5413.191450084128
444;CJJKM;ARGENTINA;PEN;2577.279104999451
445;CJJKM;SUDAN;NPR;8797.194200992937
446;CJJKM;ZAMBIA;FJD;8075.447902147264
447;CJJKM;DOMINICAN REPUBLIC;LRD;224677.83876762746
448;CJJKM;HAITI;SDG;432038.44339255284
449;CJJKM;DENMARK;LKR;1193880.6372595045
450;CJJKM;SYRIAN ARAB REPUBLIC;HUF;176407.64520335945
451;BEVa1;BULGARIA;TZS;17070719.878958493
452;BEVa1;MADAGASCAR;SVC;177945.63860185648
453;BEVa1;KUWAIT;DZD;3963637.218928513
454;BEVa1;JAMAICA;GMD;2754921.70499144
455;BEVa1;OMAN;TND;32231.95531262971
456;BEVa1;RUSSIAN FEDERATION;IQD;14799962.208069999
457;BEVa1;CHILE;ZWL;14224802.772622883
458;BEVa1;UGANDA;EGP;324816.33587248763
459;BEVa1;ZAMBIA;TOP;71016.17105396675
460;BEVa1;ICELAND;VND;506231956.9541309
461;AEGGa;BAHRAIN;MAD;283760.9275316152
462;AEGGa;THAILAND;SAR;69809.80296543118
463;AEGGa;PERU;QAR;9704.922314379724
464;AEGGa;MACAU;GTQ;183342.76933743252
465;AEGGa;LATVIA;IRR;250960836.40519258
466;AEGGa;HONG KONG;MZN;439642.1092037785
467;VXbb1;SWITZERLAND;SOS;797283.6802456812
468;VXbb1;RUSSIAN FEDERATION;GHS;11878.606108241565
469;VXbb1;PAKISTAN;MMK;2482227.2125672433
470;VXbb1;CHINA;SVC;13109.93113688599
471;VXbb1;BELARUS;ETB;62883.51612283014
472;VXbb1;OMAN;GNF;12429591.482226303
473;VXbb1;CANADA;NGN;750095.1104182475
474;VXbb1;HAITI;HUF;248874.55491662573
475;VXbb1;FRENCH POLYNESIA;NOK;-106.55917270991687
476;VXbb1;DOMINICAN REPUBLIC;ALL;123756.33470124804
477;VXbb1;ARUBA;PHP;65449.38485244935
478;VXbb1;GUYANA;SDG;141041.89544242749
479;XW112;CAPE VERDE;GNF;37414960.70410853
480;XW112;BERMUDA;BWP;33949.967057358175
481;XW112;TONGA;MGA;4137583.9273554683
482;XW112;MYANMAR;HUF;721136.9638358698
483;BBHW2;MACAU;BTN;15054.445739553907
484;BBHW2;COSTA RICA;XPF;80701.52552853647
485;BBHW2;ICELAND;SBD;304.48315150303523
486;Bcc13;PAPUA NEW GUINEA;SAR;58061.81154332851
487;Bcc13;NEPAL;MMK;21953628.80878635
488;Bcc13;CROATIA;OMR;5436.1940504544355
489;Bcc13;QATAR;ALL;2504881.4319076417
490;Bcc13;TURKEY;NIO;1154507.800912714
491;Bcc13;BANGLADESH;PEN;74557.04891677332
492;Bcc13;VENEZUELA;CVE;2501206.963016143
493;Bcc13;HAITI;VND;11103435.679762283
494;Bcc13;ARUBA;PYG;173208794.63498223
495;Bcc13;TAIWAN, PROVINCE OF CHINA;PES;4680146.228251631
496;Bcc13;ETHIOPIA;MVR;275401.76802894025
497;Bcc13;SAUDI ARABIA;BND;49690.05737176421
498;Bcc13;YEMEN;NIO;877420.6077682062
499;Bcc13;CAYMAN ISLANDS;XAF;19251311.551619288
500;Bcc13;MOZAMBIQUE;PAB;27933.026009213398
501;Bcc13;CAYMAN ISLANDS;EUR;4456.1374690775665
502;Bcc13;NEW ZEALAND;NAD;89366.38932865536
503;Bcc13;SOLOMON ISLANDS;UAH;900610.4833800914
504;Bcc13;UNITED KINGDOM;RON;84851.83327966195
505;Bcc13;AZERBAIJAN;ISK;2838541.476504603
506;AAILL;MOROCCO;YER;115201.33849719018
507;AAILL;SOUTH AFRICA;KZT;126083.68862871436
508;AAILL;INDONESIA;PLN;1758.1141083343637
509;AAILL;ROMANIA;MAD;3021.969548139362
510;AAILL;EURO;BIF;836322.0117293654
511;AAILL;SOLOMON ISLANDS;ZAR;5204.81030443533
512;AAILL;TRINIDAD AND TOBAGO;PYG;4151137.537057219
513;AAILL;TURKEY;HRK;5245.985108953762
514;AAILL;COLOMBIA;NAD;13270.65422894944
515;AAILL;MOZAMBIQUE;HRK;3760.744234651267
516;AAILL;QATAR;TZS;450801.7415588465
517;AAILL;BELIZE;SRD;13290.805425081511
518;AAILL;VIET NAM;CZK;14729.407598265934
519;AAILL;URUGUAY;MYR;452.6526727107443
520;AAILL;UKRAINE;DJF;21938.88624352641
521;AAILL;TURKEY;PHP;36862.05585852606
522;GVbbc;MAURITANIA;BHD;58.86110097997825
523;GVbbc;INDIA;AZN;904.7342959908094
524;GVbbc;DENMARK;BGN;714.1846074540406
525;GVbbc;NEW ZEALAND;MZN;19205.170204097638
526;GVbbc;COLOMBIA;JOD;117.83844898990066
527;GVbbc;NEW ZEALAND;ILS;734.387908573801
528;GVbbc;TRINIDAD AND TOBAGO;CLP;10650.638651053341
529;GVbbc;UKRAINE;ZWL;278630.48349217366
530;GVbbc;YEMEN;DZD;46626.324141604615
531;GVbbc;NEPAL;VES;4411.5660162730655
532;GVbbc;RUSSIAN FEDERATION;SEK;68.31385645284382
533;GVbbc;BAHRAIN;TRY;8840.520154381586
534;GVbbc;DJIBOUTI;BIF;1304793.2100122327
535;GVbbc;SYRIAN ARAB REPUBLIC;DKK;4022.5158204115696
536;GVbbc;GHANA;BSD;270.94808141622997
537;GVbbc;MAURITIUS;SLL;9766320.153483527
538;GVbbc;MALAWI;MUR;19284.788068213933
539;GVbbc;TURKEY;MUR;8587.427509587606
540;NXZZb;MALAYSIA;SCR;-1862.6310582350602
541;NXZZb;ALGERIA;SLL;250871032.81104746
542;NXZZb;CAMBODIA;DKK;160843.64379290154
543;NXZZb;RUSSIAN FEDERATION;IQD;26203276.23401189
544;AAI23;EURO;TWD;23962.870337391516
545;DFHac;TURKEY;KZT;2881346.1213968033
546;DFHac;NICARAGUA;CYP;89.8625845319237
547;DFHac;DENMARK;ALL;1179353.5802916277
548;DFHac;PERU;WST;14376.856486800873
549;DFHac;PARAGUAY;XAF;458036.18385933386
550;BBCFb;JAPAN;RSD;810350.1274316157
551;BBCFb;PHILIPPINES;HNL;202525.02005948796
552;BBCFb;VIET NAM;SAR;46993.19096117133
553;BBCFb;SAO TOME AND PRINCIPE;ZMW;407678.0789808649
554;BBCFb;DJIBOUTI;KZT;2742220.213677725
555;BBCFb;NAMIBIA;TRY;434211.03476131195
556;BBCFb;CZECH REPUBLIC;BBD;14434.949289178736
557;BBCFb;BARBADOS;BSD;21573.836448526494
558;BBCFb;POLAND;GTQ;116927.13306579369
559;BBCFb;GHANA;COP;112128623.94272767
560;BBCFb;KAZAKHSTAN;SAR;21334.76693712303
561;BBCFb;SERBIA;JMD;973797.74052756
562;BBCFb;HONDURAS;BIF;10318524.535957374
563;BBCFb;ANGOLA;ISK;130204.17106276234
564;BBCFb;BAHRAIN;XAF;17278435.147847056
565;BBCFb;COLOMBIA;GHS;427957.564263108
566;EGGGJ;NIGERIA;LAK;186881268.67882264
567;EGGGJ;TANZANIA, UNITED REPUBLIC OF;IDR;166238750.4887073
568;EGGGJ;AZERBAIJAN;MGA;26370763.249209225
569;EGGGJ;MALAYSIA;TWD;8376.549321593087
570;EGGGJ;AUSTRALIA;RWF;12961971.666841974
571;EGGGJ;ZAMBIA;BSD;16128.714225164638
572;EGGGJ;LAO PEOPLE'S DEMOCRATIC REP;GBP;4971.2933384623975
573;EGGGJ;COSTA RICA;KYD;2885.86934445065
574;EGGGJ;NAMIBIA;KHR;68341491.0827401
575;EGGGJ;HUNGARY;BIF;16391623.353879973
576;EGGGJ;NEW ZEALAND;XAF;6621089.5008641435
577;EGGGJ;RWANDA;PEN;57619.428799067624
578;EGGGJ;NICARAGUA;UAH;489493.1236839591
579;EGGGJ;IRAN (ISLAMIC REPUBLIC OF);GBP;13.65323162836789
580;EGGGJ;EGYPT;LYD;14977.041522081156
581;EGGGJ;ISRAEL;SVC;80446.66420197731
582;EGGGJ;SINGAPORE;GYD;3386980.4777977066
583;EGGGJ;LIBYAN ARAB JAMAHIRIYA;TZS;22757046.469943814
584;EGGGJ;NAMIBIA;LKR;5376448.8916774765
585;DKVZ2;LAO PEOPLE'S DEMOCRATIC REP;NGN;576584.0897409964
586;DKVZ2;ETHIOPIA;ARS;17783.27468311605
587;DKVZ2;CZECH REPUBLIC;TRY;53480.61240974571
588;DKVZ2;UGANDA;JOD;2148.3787416649307
589;DKVZ2;PARAGUAY;MUR;106342.06051523668
590;HJXWb;LAO PEOPLE'S DEMOCRATIC REP;BMD;54.65852727705716
591;HJXWb;MALAWI;PGK;8987.44829265233
592;HJXWb;CZECH REPUBLIC;BIF;4017168.3963799486
593;HJXWb;DJIBOUTI;CRC;1557579.5759717217
594;HVV11;FRENCH POLYNESIA;YER;1810745.396028416
595;HVV11;VANUATU;XCD;48355.029866052675
596;HVV11;BRAZIL;KRW;25392402.731249183
597;HVV11;PERU;MWK;30239844.552857466
598;HVV11;LATVIA;WST;53653.45651212669
599;HVV11;YEMEN;NIO;871013.8141683168
600;HVV11;BOTSWANA;GHS;83145.32183928072
601;HVV11;QATAR;GTQ;206132.53419324037
602;HVV11;BERMUDA;HUF;5937999.324117087
603;HVV11;QATAR;MWK;18692011.50151035
604;HVV11;CHINA;SVC;248488.91681254382
605;HVV11;BAHRAIN;IRR;890660827.5287043
606;HVV11;TAIWAN, PROVINCE OF CHINA;CYP;11661.578755185135
607;HVV11;BHUTAN;NZD;4401.25821107263
608;ACJJ1;SAUDI ARABIA;KWD;230.12396985994744
609;ACJJ1;LIBYAN ARAB JAMAHIRIYA;IDR;12814902.23288549
610;ACJJ1;URUGUAY;BWP;14383.187046717687
611;ACJJ1;DOMINICA;INR;87365.95170716413
612;ACJJ1;BHUTAN;KHR;4406390.748019418
613;ACJJ1;PERU;GNF;1839597.252871056
614;ACJJ1;BOTSWANA;NPR;160744.3478567312
615;ACJJ1;SRI LANKA;VUV;47175.6780904643
616;ACJJ1;ALGERIA;PLN;139.71310865553875
617;ACJJ1;VENEZUELA;GBP;1089.7118307808785
618;ACJJ1;MAURITIUS;CRC;530221.5494086425
619;ACJJ1;SIERRA LEONE;JMD;94761.29718862115
620;BCGMa;ISRAEL;BHD;531.8052079787822
621;BCGMa;UNITED KINGDOM;AUD;2870.029602666463
622;BCGMa;CENTRAL AFRICAN REPUBLIC;RWF;2520604.6458056644
623;XYb11;ALGERIA;PYG;31209826.246743694
624;XYb11;MACAU;TWD;579973.377581417
625;XYb11;JORDAN;ZMW;438301.36144012026
626;XYb11;KENYA;BIF;12727939.363495344
627;XYb11;TANZANIA, UNITED REPUBLIC OF;HRK;103243.10620390625
628;XYb11;COLOMBIA;VES;374001.03068836447
629;XYb11;PHILIPPINES;COP;74280601.44832042
630;XYb11;UGANDA;SEK;178475.96371548285
631;XYb11;TRINIDAD AND TOBAGO;FJD;45628.73877678275
632;XYb11;FIJI;PGK;28884.44292795156
633;XYb11;TONGA;BMD;18855.30338185802
634;XYb11;YEMEN;BTN;1329750.7016001074
635;CCFc2;ICELAND;THB;834446.3166118835
636;CCFc2;CYPRUS;BTN;1419269.7016794302
637;CCFc2;INDONESIA;SOS;6975124.815649089
638;BHKWZ;SOLOMON ISLANDS;INR;292009.5494571549
639;BHKWZ;CAPE VERDE;BSD;4561.057733531185
640;BHKWZ;SAUDI ARABIA;LYD;32176.742351663896
641;BHKWZ;LATVIA;MVR;13947.842788598664
642;BHKWZ;VENEZUELA;UAH;323446.9479664406
643;BHKWZ;HONDURAS;HUF;461204.1876058446
644;BHKWZ;SOLOMON ISLANDS;BZD;10760.163148923399
645;BHKWZ;IRAQ;LYD;14538.511036983686
646;BHKWZ;ZIMBABWE;MYR;8020.876985206084
647;BHKWZ;POLAND;VUV;196381.0808876785
648;BHKWZ;FIJI;UYU;227305.79005574947
649;BHKWZ;PAPUA NEW GUINEA;EUR;9536.984136025807
650;BHKWZ;BAHAMAS;MRO;675462.8136318004
651;BHKWZ;LIBYAN ARAB JAMAHIRIYA;SCR;155734.31201833484
652;BHKWZ;UKRAINE;CNY;44626.610766835576
653;BHKWZ;SWITZERLAND;JOD;5367.818004991191
654;AJVbc;TAIWAN, PROVINCE OF CHINA;STD;917845.8878063611
655;AJVbc;SYRIAN ARAB REPUBLIC;MWK;277435.579298588
656;AJVbc;BURUNDI;KZT;16088.613188650384
657;AJVbc;SOMALIA;CAD;94.4092298078195
658;AJVbc;RUSSIAN FEDERATION;WST;340.35612704435437
659;AJVbc;TRINIDAD AND TOBAGO;XCD;612.5164758270192
660;AJVbc;SOUTH AFRICA;EGP;4769.6680415565415
661;AJVbc;PHILIPPINES;INR;8603.6872431254
662;AJVbc;BRAZIL;ARS;44044.684712088005
663;AJVbc;SOMALIA;VES;4334.634932593773
664;AJVbc;SIERRA LEONE;ANG;363.311629363453
665;AJVbc;HONDURAS;CYP;132.84813016041957
666;AJVbc;MALAWI;KHR;999639.4203370628
667;BCEKW;SURINAME;ALL;408034.0414205381
668;BCEKW;CZECH REPUBLIC;CLP;1031121.9529391057
669;BCEKW;ARUBA;SEK;7584.7869282762085
670;BCEKW;UNITED KINGDOM;MZN;50631.762370366174
671;BCEKW;COSTA RICA;LAK;348016.5970084677
672;BCEKW;MAURITANIA;RUB;197110.78390789992
673;BCEKW;ALGERIA;PYG;6052256.868219525
674;BCEKW;SAO TOME AND PRINCIPE;IQD;4743716.338823861
675;DEMV3;UGANDA;UGX;4346282.666264371
676;DEMV3;SOUTH AFRICA;CLP;10642866.876123132
677;DEMV3;ARUBA;PKR;1314805.6532947496
678;DEMV3;BOLIVIA;PYG;38872478.60626287
679;DEMV3;NEW ZEALAND;MRO;1690634.708038739
680;DEMV3;SINGAPORE;EUR;10302.76358762789
681;DEMV3;KUWAIT;SRD;444586.13555102807
682;DEMV3;SWITZERLAND;BSD;17048.641754703043
683;DEMV3;CROATIA;NAD;97735.95515752041
684;DEMV3;MALDIVES;SZL;167765.89172256112
685;DEMV3;NETHERLANDS ANTILLES;LKR;-2162.1390056166706
686;DEMV3;SYRIAN ARAB REPUBLIC;ANG;1404.0519266139218
687;DEMV3;SOLOMON ISLANDS;BMD;980.4831927020385
688;DEMV3;DJIBOUTI;CNY;36686.931799171296
689;DEMV3;BRUNEI DARUSSALAM;INR;1328781.5771658781
690;ANV23;HUNGARY;BYR;6602295.940224188
691;ANV23;BURUNDI;SYP;689222.367748166
692;ANV23;KAZAKHSTAN;SGD;304.8078118492345
693;ANV23;NICARAGUA;INR;49562.6982509225
694;ANV23;SURINAME;KES;24623.754503722794
695;ANV23;ALGERIA;MWK;1472324.8936773606
696;ANV23;GAMBIA;BND;957.1783568070925
697;ANV23;BAHRAIN;AOA;650504.4408665143
698;ANV23;UKRAINE;XOF;66283.5495110005
699;ANV23;BRUNEI DARUSSALAM;OMR;96.60603427094837
700;ANV23;PHILIPPINES;MGA;1605303.5195682438
701;ANV23;ZIMBABWE;MZN;59944.60994947395
702;ANV23;UNITED KINGDOM;AED;4633.259142945644
703;ANV23;TANZANIA, UNITED REPUBLIC OF;RON;6966.346620354805
704;ANV23;RWANDA;EUR;146.02387743929222
705;ANV23;OMAN;IDR;22555045.615830738
706;ANV23;BELARUS;SOS;389809.4267381984
707;ANV23;SAUDI ARABIA;IDR;10448139.232665895
708;ANV23;DJIBOUTI;MWK;-6077.708539431829
709;ANV23;DOMINICAN REPUBLIC;PHP;58927.633526085585
710;FHXWa;MACAU;SCR;66379.77224691969
711;FHXWa;CAYMAN ISLANDS;LBP;9815430.011527263
712;FHXWa;NIGERIA;INR;444850.9012975923
713;FHXWa;INDONESIA;MYR;50997.30169445521
714;FHXWa;ISRAEL;NZD;14566.496972189478
715;FHXWa;INDIA;TZS;2286623.953069808
716;FHXWa;ETHIOPIA;PAB;8111.763237544343
717;FHXWa;SURINAME;LBP;1869705.8667768883
718;FHXWa;RUSSIAN FEDERATION;TOP;17518.964533262028
719;FHXWa;GUYANA;THB;215110.28295263415
720;FHXWa;NORWAY;AOA;5563607.7515910575
721;FHXWa;DENMARK;LKR;1460837.9370436948
722;FHXWa;BAHAMAS;TOP;29518.07527509866
723;FHXWa;SOMALIA;RWF;5176780.864575736
724;FHXWa;TUNISIA;XPF;174368.7472935144
725;FHXWa;MALAWI;DOP;599551.1530526266
726;FHXWa;THAILAND;AZN;16857.17689578346
727;FHXWa;IRAQ;IDR;108634716.78978188
728;KY223;YEMEN;RWF;857551.258150941
729;KY223;MAURITIUS;GYD;52589.30048272698
730;KY223;BHUTAN;PHP;14383.575798989035
731;KY223;SAO TOME AND PRINCIPE;PHP;31454.193230756246
732;KY223;BARBADOS;SZL;25744.99601109613
733;KY223;TANZANIA, UNITED REPUBLIC OF;CLP;354340.70651486947
734;KY223;SIERRA LEONE;XOF;1942899.5126481017
735;KY223;GHANA;HTG;210626.6227008972
736;KY223;UGANDA;KWD;854.6316806016002
737;KY223;RUSSIAN FEDERATION;IQD;2503528.628066668
738;KY223;CYPRUS;PYG;29255784.93353137
739;KY223;EL SALVADOR;AZN;1417.8481083731178
740;KY223;CANADA;NAD;10909.571461553263
741;KY223;SAUDI ARABIA;HRK;1244.9600915567762
742;KY223;HAITI;CHF;3635.4247682707887
743;KY223;DOMINICA;BOB;3635.223469331717
744;KY223;TONGA;BTN;52409.389536186805
745;KY223;ALGERIA;LRD;306022.2645502787
746;KY223;CHINA;AUD;1899.3297066832374
747;KY223;CAMBODIA;KYD;1156.3713725737082
748;BIaa3;NIGERIA;MYR;12406.068772502718
749;BIaa3;SAUDI ARABIA;CYP;144.08640644811038
750;BIaa3;RUSSIAN FEDERATION;MAD;36115.76915643284
751;BIaa3;BELIZE;BDT;6279.001188366507
